timestamp,datetime,resource_id,resource_type,process_state,location,coupler_type,batch_id,rake_id,locomotive_id
420.0,2025-12-01T07:00:00+00:00,W11188,wagon,rake_coupling_started,collection1,SCREW,,,
420.0,2025-12-01T07:00:00+00:00,W10437,wagon,rake_coupling_started,collection1,SCREW,,,
559.0,2025-12-01T09:19:00+00:00,W12394,wagon,rake_coupling_started,collection1,SCREW,,,
559.0,2025-12-01T09:19:00+00:00,W9278,wagon,rake_coupling_started,collection1,SCREW,,,
571.5,2025-12-01T09:31:30+00:00,W11188,wagon,rake_coupling_started,WS_01,DAC,,,
571.5,2025-12-01T09:31:30+00:00,W10437,wagon,rake_coupling_started,WS_01,DAC,,,
573.5,2025-12-01T09:33:30+00:00,W11188,wagon,rake_coupling_completed,WS_01,DAC,,,
573.5,2025-12-01T09:33:30+00:00,W10437,wagon,rake_coupling_completed,WS_01,DAC,,,
724.0,2025-12-01T12:04:00+00:00,W3926,wagon,rake_coupling_started,collection1,SCREW,,,
724.0,2025-12-01T12:04:00+00:00,W5834,wagon,rake_coupling_started,collection1,SCREW,,,
724.0,2025-12-01T12:04:00+00:00,W9460,wagon,rake_coupling_started,collection1,SCREW,,,
724.0,2025-12-01T12:04:00+00:00,W9445,wagon,rake_coupling_started,collection1,SCREW,,,
777.0,2025-12-01T12:57:00+00:00,W12394,wagon,rake_coupling_started,WS_01,DAC,,,
777.0,2025-12-01T12:57:00+00:00,W9278,wagon,rake_coupling_started,WS_01,DAC,,,
779.0,2025-12-01T12:59:00+00:00,W12394,wagon,rake_coupling_completed,WS_01,DAC,,,
779.0,2025-12-01T12:59:00+00:00,W9278,wagon,rake_coupling_completed,WS_01,DAC,,,
909.0,2025-12-01T15:09:00+00:00,W10704,wagon,rake_coupling_started,collection1,SCREW,,,
909.0,2025-12-01T15:09:00+00:00,W3675,wagon,rake_coupling_started,collection1,SCREW,,,
909.0,2025-12-01T15:09:00+00:00,W7132,wagon,rake_coupling_started,collection1,SCREW,,,
909.0,2025-12-01T15:09:00+00:00,W8934,wagon,rake_coupling_started,collection1,SCREW,,,
909.0,2025-12-01T15:09:00+00:00,W6253,wagon,rake_coupling_started,collection1,SCREW,,,
909.0,2025-12-01T15:09:00+00:00,W7747,wagon,rake_coupling_started,collection1,SCREW,,,
909.0,2025-12-01T15:09:00+00:00,W10546,wagon,rake_coupling_started,collection1,SCREW,,,
909.0,2025-12-01T15:09:00+00:00,W7222,wagon,rake_coupling_started,collection1,SCREW,,,
909.0,2025-12-01T15:09:00+00:00,W0689,wagon,rake_coupling_started,collection1,SCREW,,,
909.0,2025-12-01T15:09:00+00:00,W11268,wagon,rake_coupling_started,collection1,SCREW,,,
909.0,2025-12-01T15:09:00+00:00,W11509,wagon,rake_coupling_started,collection1,SCREW,,,
909.0,2025-12-01T15:09:00+00:00,W6557,wagon,rake_coupling_started,collection1,SCREW,,,
909.0,2025-12-01T15:09:00+00:00,W10356,wagon,rake_coupling_started,collection1,SCREW,,,
909.0,2025-12-01T15:09:00+00:00,W6006,wagon,rake_coupling_started,collection1,SCREW,,,
909.0,2025-12-01T15:09:00+00:00,W4440,wagon,rake_coupling_started,collection1,SCREW,,,
909.0,2025-12-01T15:09:00+00:00,W10383,wagon,rake_coupling_started,collection1,SCREW,,,
1022.5,2025-12-01T17:02:30+00:00,W3926,wagon,rake_coupling_started,WS_01,DAC,,,
1022.5,2025-12-01T17:02:30+00:00,W5834,wagon,rake_coupling_started,WS_01,DAC,,,
1024.5,2025-12-01T17:04:30+00:00,W3926,wagon,rake_coupling_completed,WS_01,DAC,,,
1024.5,2025-12-01T17:04:30+00:00,W5834,wagon,rake_coupling_completed,WS_01,DAC,,,
1039.5,2025-12-01T17:19:30+00:00,W9460,wagon,rake_coupling_started,WS_02,DAC,,,
1039.5,2025-12-01T17:19:30+00:00,W9445,wagon,rake_coupling_started,WS_02,DAC,,,
1041.5,2025-12-01T17:21:30+00:00,W9460,wagon,rake_coupling_completed,WS_02,DAC,,,
1041.5,2025-12-01T17:21:30+00:00,W9445,wagon,rake_coupling_completed,WS_02,DAC,,,
1190.0,2025-12-01T19:50:00+00:00,W2238,wagon,rake_coupling_started,collection1,SCREW,,,
1190.0,2025-12-01T19:50:00+00:00,W0047,wagon,rake_coupling_started,collection1,SCREW,,,
1190.0,2025-12-01T19:50:00+00:00,W0049,wagon,rake_coupling_started,collection1,SCREW,,,
1190.0,2025-12-01T19:50:00+00:00,W2535,wagon,rake_coupling_started,collection1,SCREW,,,
1190.0,2025-12-01T19:50:00+00:00,W7970,wagon,rake_coupling_started,collection1,SCREW,,,
1190.0,2025-12-01T19:50:00+00:00,W4849,wagon,rake_coupling_started,collection1,SCREW,,,
1293.5,2025-12-01T21:33:30+00:00,W10704,wagon,rake_coupling_started,WS_01,DAC,,,
1293.5,2025-12-01T21:33:30+00:00,W3675,wagon,rake_coupling_started,WS_01,DAC,,,
1295.5,2025-12-01T21:35:30+00:00,W10704,wagon,rake_coupling_completed,WS_01,DAC,,,
1295.5,2025-12-01T21:35:30+00:00,W3675,wagon,rake_coupling_completed,WS_01,DAC,,,
1306.0,2025-12-01T21:46:00+00:00,W7132,wagon,rake_coupling_started,WS_02,DAC,,,
1306.0,2025-12-01T21:46:00+00:00,W8934,wagon,rake_coupling_started,WS_02,DAC,,,
1308.0,2025-12-01T21:48:00+00:00,W7132,wagon,rake_coupling_completed,WS_02,DAC,,,
1308.0,2025-12-01T21:48:00+00:00,W8934,wagon,rake_coupling_completed,WS_02,DAC,,,
1499.0,2025-12-02T00:59:00+00:00,W6253,wagon,rake_coupling_started,WS_01,DAC,,,
1499.0,2025-12-02T00:59:00+00:00,W7747,wagon,rake_coupling_started,WS_01,DAC,,,
1501.0,2025-12-02T01:01:00+00:00,W6253,wagon,rake_coupling_completed,WS_01,DAC,,,
1501.0,2025-12-02T01:01:00+00:00,W7747,wagon,rake_coupling_completed,WS_01,DAC,,,
1506.0,2025-12-02T01:06:00+00:00,W10546,wagon,rake_coupling_started,WS_02,DAC,,,
1506.0,2025-12-02T01:06:00+00:00,W7222,wagon,rake_coupling_started,WS_02,DAC,,,
1508.0,2025-12-02T01:08:00+00:00,W10546,wagon,rake_coupling_completed,WS_02,DAC,,,
1508.0,2025-12-02T01:08:00+00:00,W7222,wagon,rake_coupling_completed,WS_02,DAC,,,
1630.0,2025-12-02T03:10:00+00:00,W9776,wagon,rake_coupling_started,collection1,SCREW,,,
1630.0,2025-12-02T03:10:00+00:00,W12208,wagon,rake_coupling_started,collection1,SCREW,,,
1714.0,2025-12-02T04:34:00+00:00,W0689,wagon,rake_coupling_started,WS_01,DAC,,,
1714.0,2025-12-02T04:34:00+00:00,W11268,wagon,rake_coupling_started,WS_01,DAC,,,
1716.0,2025-12-02T04:36:00+00:00,W0689,wagon,rake_coupling_completed,WS_01,DAC,,,
1716.0,2025-12-02T04:36:00+00:00,W11268,wagon,rake_coupling_completed,WS_01,DAC,,,
1731.0,2025-12-02T04:51:00+00:00,W11509,wagon,rake_coupling_started,WS_02,DAC,,,
1731.0,2025-12-02T04:51:00+00:00,W6557,wagon,rake_coupling_started,WS_02,DAC,,,
1733.0,2025-12-02T04:53:00+00:00,W11509,wagon,rake_coupling_completed,WS_02,DAC,,,
1733.0,2025-12-02T04:53:00+00:00,W6557,wagon,rake_coupling_completed,WS_02,DAC,,,
1838.5,2025-12-02T06:38:30+00:00,W10356,wagon,rake_coupling_started,WS_01,DAC,,,
1838.5,2025-12-02T06:38:30+00:00,W6006,wagon,rake_coupling_started,WS_01,DAC,,,
1840.5,2025-12-02T06:40:30+00:00,W10356,wagon,rake_coupling_completed,WS_01,DAC,,,
1840.5,2025-12-02T06:40:30+00:00,W6006,wagon,rake_coupling_completed,WS_01,DAC,,,
1855.0,2025-12-02T06:55:00+00:00,W11348,wagon,rake_coupling_started,collection1,SCREW,,,
1855.0,2025-12-02T06:55:00+00:00,W12037,wagon,rake_coupling_started,collection1,SCREW,,,
1855.0,2025-12-02T06:55:00+00:00,W0440,wagon,rake_coupling_started,collection1,SCREW,,,
2028.0,2025-12-02T09:48:00+00:00,W9721,wagon,rake_coupling_started,collection2,SCREW,,,
2028.0,2025-12-02T09:48:00+00:00,W9756,wagon,rake_coupling_started,collection2,SCREW,,,
2028.0,2025-12-02T09:48:00+00:00,W11467,wagon,rake_coupling_started,collection2,SCREW,,,
2047.0,2025-12-02T10:07:00+00:00,W4440,wagon,rake_coupling_started,WS_02,DAC,,,
2047.0,2025-12-02T10:07:00+00:00,W10383,wagon,rake_coupling_started,WS_02,DAC,,,
2049.0,2025-12-02T10:09:00+00:00,W4440,wagon,rake_coupling_completed,WS_02,DAC,,,
2049.0,2025-12-02T10:09:00+00:00,W10383,wagon,rake_coupling_completed,WS_02,DAC,,,
2146.0,2025-12-02T11:46:00+00:00,W2238,wagon,rake_coupling_started,WS_01,DAC,,,
2146.0,2025-12-02T11:46:00+00:00,W0047,wagon,rake_coupling_started,WS_01,DAC,,,
2148.0,2025-12-02T11:48:00+00:00,W2238,wagon,rake_coupling_completed,WS_01,DAC,,,
2148.0,2025-12-02T11:48:00+00:00,W0047,wagon,rake_coupling_completed,WS_01,DAC,,,
2218.0,2025-12-02T12:58:00+00:00,W10354,wagon,rake_coupling_started,collection2,SCREW,,,
2218.0,2025-12-02T12:58:00+00:00,W3950,wagon,rake_coupling_started,collection2,SCREW,,,
2357.0,2025-12-02T15:17:00+00:00,W12260,wagon,rake_coupling_started,collection1,SCREW,,,
2357.0,2025-12-02T15:17:00+00:00,W0130,wagon,rake_coupling_started,collection1,SCREW,,,
2415.5,2025-12-02T16:15:30+00:00,W0049,wagon,rake_coupling_started,WS_02,DAC,,,
2415.5,2025-12-02T16:15:30+00:00,W2535,wagon,rake_coupling_started,WS_02,DAC,,,
2417.5,2025-12-02T16:17:30+00:00,W0049,wagon,rake_coupling_completed,WS_02,DAC,,,
2417.5,2025-12-02T16:17:30+00:00,W2535,wagon,rake_coupling_completed,WS_02,DAC,,,
2432.5,2025-12-02T16:32:30+00:00,W7970,wagon,rake_coupling_started,WS_01,DAC,,,
2432.5,2025-12-02T16:32:30+00:00,W4849,wagon,rake_coupling_started,WS_01,DAC,,,
2434.5,2025-12-02T16:34:30+00:00,W7970,wagon,rake_coupling_completed,WS_01,DAC,,,
2434.5,2025-12-02T16:34:30+00:00,W4849,wagon,rake_coupling_completed,WS_01,DAC,,,
2722.0,2025-12-02T21:22:00+00:00,W8626,wagon,rake_coupling_started,collection2,SCREW,,,
2722.0,2025-12-02T21:22:00+00:00,W9174,wagon,rake_coupling_started,collection2,SCREW,,,
2722.0,2025-12-02T21:22:00+00:00,W9169,wagon,rake_coupling_started,collection2,SCREW,,,
2729.0,2025-12-02T21:29:00+00:00,W2967,wagon,rake_coupling_started,WS_02,DAC,,,
2729.0,2025-12-02T21:29:00+00:00,W9776,wagon,rake_coupling_started,WS_02,DAC,,,
2731.0,2025-12-02T21:31:00+00:00,W2967,wagon,rake_coupling_completed,WS_02,DAC,,,
2731.0,2025-12-02T21:31:00+00:00,W9776,wagon,rake_coupling_completed,WS_02,DAC,,,
2746.0,2025-12-02T21:46:00+00:00,W12208,wagon,rake_coupling_started,WS_01,DAC,,,
2746.0,2025-12-02T21:46:00+00:00,W10130,wagon,rake_coupling_started,WS_01,DAC,,,
2748.0,2025-12-02T21:48:00+00:00,W12208,wagon,rake_coupling_completed,WS_01,DAC,,,
2748.0,2025-12-02T21:48:00+00:00,W10130,wagon,rake_coupling_completed,WS_01,DAC,,,
2975.0,2025-12-03T01:35:00+00:00,W9173,wagon,rake_coupling_started,collection2,SCREW,,,
2975.0,2025-12-03T01:35:00+00:00,W9270,wagon,rake_coupling_started,collection2,SCREW,,,
3031.5,2025-12-03T02:31:30+00:00,W11348,wagon,rake_coupling_started,WS_02,DAC,,,
3031.5,2025-12-03T02:31:30+00:00,W12037,wagon,rake_coupling_started,WS_02,DAC,,,
3033.5,2025-12-03T02:33:30+00:00,W11348,wagon,rake_coupling_completed,WS_02,DAC,,,
3033.5,2025-12-03T02:33:30+00:00,W12037,wagon,rake_coupling_completed,WS_02,DAC,,,
3048.5,2025-12-03T02:48:30+00:00,W0440,wagon,rake_coupling_started,WS_01,DAC,,,
3048.5,2025-12-03T02:48:30+00:00,W9721,wagon,rake_coupling_started,WS_01,DAC,,,
3050.5,2025-12-03T02:50:30+00:00,W0440,wagon,rake_coupling_completed,WS_01,DAC,,,
3050.5,2025-12-03T02:50:30+00:00,W9721,wagon,rake_coupling_completed,WS_01,DAC,,,
3271.0,2025-12-03T06:31:00+00:00,W9276,wagon,rake_coupling_started,collection2,SCREW,,,
3271.0,2025-12-03T06:31:00+00:00,W11578,wagon,rake_coupling_started,collection2,SCREW,,,
3338.0,2025-12-03T07:38:00+00:00,W2399,wagon,rake_coupling_started,collection1,SCREW,,,
3338.0,2025-12-03T07:38:00+00:00,W9868,wagon,rake_coupling_started,collection1,SCREW,,,
3355.0,2025-12-03T07:55:00+00:00,W9756,wagon,rake_coupling_started,WS_02,DAC,,,
3355.0,2025-12-03T07:55:00+00:00,W11467,wagon,rake_coupling_started,WS_02,DAC,,,
3357.0,2025-12-03T07:57:00+00:00,W9756,wagon,rake_coupling_completed,WS_02,DAC,,,
3357.0,2025-12-03T07:57:00+00:00,W11467,wagon,rake_coupling_completed,WS_02,DAC,,,
3372.0,2025-12-03T08:12:00+00:00,W11988,wagon,rake_coupling_started,WS_01,DAC,,,
3372.0,2025-12-03T08:12:00+00:00,W10354,wagon,rake_coupling_started,WS_01,DAC,,,
3374.0,2025-12-03T08:14:00+00:00,W11988,wagon,rake_coupling_completed,WS_01,DAC,,,
3374.0,2025-12-03T08:14:00+00:00,W10354,wagon,rake_coupling_completed,WS_01,DAC,,,
3601.0,2025-12-03T12:01:00+00:00,W12060,wagon,rake_coupling_started,collection1,SCREW,,,
3601.0,2025-12-03T12:01:00+00:00,W12210,wagon,rake_coupling_started,collection1,SCREW,,,
3601.0,2025-12-03T12:01:00+00:00,W8636,wagon,rake_coupling_started,collection1,SCREW,,,
3639.5,2025-12-03T12:39:30+00:00,W3950,wagon,rake_coupling_started,WS_02,DAC,,,
3639.5,2025-12-03T12:39:30+00:00,W12260,wagon,rake_coupling_started,WS_02,DAC,,,
3641.5,2025-12-03T12:41:30+00:00,W3950,wagon,rake_coupling_completed,WS_02,DAC,,,
3641.5,2025-12-03T12:41:30+00:00,W12260,wagon,rake_coupling_completed,WS_02,DAC,,,
3656.5,2025-12-03T12:56:30+00:00,W0130,wagon,rake_coupling_started,WS_01,DAC,,,
3656.5,2025-12-03T12:56:30+00:00,W7997,wagon,rake_coupling_started,WS_01,DAC,,,
3658.5,2025-12-03T12:58:30+00:00,W0130,wagon,rake_coupling_completed,WS_01,DAC,,,
3658.5,2025-12-03T12:58:30+00:00,W7997,wagon,rake_coupling_completed,WS_01,DAC,,,
3780.5,2025-12-03T15:00:30+00:00,W10949,wagon,rake_coupling_started,collection1,SCREW,,,
3780.5,2025-12-03T15:00:30+00:00,W8631,wagon,rake_coupling_started,collection1,SCREW,,,
3780.5,2025-12-03T15:00:30+00:00,W9392,wagon,rake_coupling_started,collection1,SCREW,,,
3872.5,2025-12-03T16:32:30+00:00,W9352,wagon,rake_coupling_started,WS_02,DAC,,,
3872.5,2025-12-03T16:32:30+00:00,W8626,wagon,rake_coupling_started,WS_02,DAC,,,
3874.5,2025-12-03T16:34:30+00:00,W9352,wagon,rake_coupling_completed,WS_02,DAC,,,
3874.5,2025-12-03T16:34:30+00:00,W8626,wagon,rake_coupling_completed,WS_02,DAC,,,
3889.5,2025-12-03T16:49:30+00:00,W9174,wagon,rake_coupling_started,WS_01,DAC,,,
3889.5,2025-12-03T16:49:30+00:00,W9169,wagon,rake_coupling_started,WS_01,DAC,,,
3891.5,2025-12-03T16:51:30+00:00,W9174,wagon,rake_coupling_completed,WS_01,DAC,,,
3891.5,2025-12-03T16:51:30+00:00,W9169,wagon,rake_coupling_completed,WS_01,DAC,,,
4089.5,2025-12-03T20:09:30+00:00,W2980,wagon,rake_coupling_started,WS_02,DAC,,,
4089.5,2025-12-03T20:09:30+00:00,W9173,wagon,rake_coupling_started,WS_02,DAC,,,
4091.5,2025-12-03T20:11:30+00:00,W2980,wagon,rake_coupling_completed,WS_02,DAC,,,
4091.5,2025-12-03T20:11:30+00:00,W9173,wagon,rake_coupling_completed,WS_02,DAC,,,
4161.5,2025-12-03T21:21:30+00:00,W11261,wagon,rake_coupling_started,collection2,SCREW,,,
4161.5,2025-12-03T21:21:30+00:00,W11259,wagon,rake_coupling_started,collection2,SCREW,,,
4300.5,2025-12-03T23:40:30+00:00,W8613,wagon,rake_coupling_started,collection1,SCREW,,,
4300.5,2025-12-03T23:40:30+00:00,W6140,wagon,rake_coupling_started,collection1,SCREW,,,
4370.0,2025-12-04T00:50:00+00:00,W9270,wagon,rake_coupling_started,WS_01,DAC,,,
4370.0,2025-12-04T00:50:00+00:00,W2406,wagon,rake_coupling_started,WS_01,DAC,,,
4372.0,2025-12-04T00:52:00+00:00,W9270,wagon,rake_coupling_completed,WS_01,DAC,,,
4372.0,2025-12-04T00:52:00+00:00,W2406,wagon,rake_coupling_completed,WS_01,DAC,,,
4384.5,2025-12-04T01:04:30+00:00,W9276,wagon,rake_coupling_started,WS_02,DAC,,,
4384.5,2025-12-04T01:04:30+00:00,W11578,wagon,rake_coupling_started,WS_02,DAC,,,
4386.5,2025-12-04T01:06:30+00:00,W9276,wagon,rake_coupling_completed,WS_02,DAC,,,
4386.5,2025-12-04T01:06:30+00:00,W11578,wagon,rake_coupling_completed,WS_02,DAC,,,
4656.5,2025-12-04T05:36:30+00:00,W4666,wagon,rake_coupling_started,collection2,SCREW,,,
4656.5,2025-12-04T05:36:30+00:00,W11269,wagon,rake_coupling_started,collection2,SCREW,,,
4656.5,2025-12-04T05:36:30+00:00,W3811,wagon,rake_coupling_started,collection2,SCREW,,,
4689.5,2025-12-04T06:09:30+00:00,W2399,wagon,rake_coupling_started,WS_01,DAC,,,
4689.5,2025-12-04T06:09:30+00:00,W9868,wagon,rake_coupling_started,WS_01,DAC,,,
4691.5,2025-12-04T06:11:30+00:00,W2399,wagon,rake_coupling_completed,WS_01,DAC,,,
4691.5,2025-12-04T06:11:30+00:00,W9868,wagon,rake_coupling_completed,WS_01,DAC,,,
4706.5,2025-12-04T06:26:30+00:00,W11970,wagon,rake_coupling_started,WS_02,DAC,,,
4706.5,2025-12-04T06:26:30+00:00,W12060,wagon,rake_coupling_started,WS_02,DAC,,,
4708.5,2025-12-04T06:28:30+00:00,W11970,wagon,rake_coupling_completed,WS_02,DAC,,,
4708.5,2025-12-04T06:28:30+00:00,W12060,wagon,rake_coupling_completed,WS_02,DAC,,,
4934.5,2025-12-04T10:14:30+00:00,W2926,wagon,rake_coupling_started,collection2,SCREW,,,
4934.5,2025-12-04T10:14:30+00:00,W5391,wagon,rake_coupling_started,collection2,SCREW,,,
4934.5,2025-12-04T10:14:30+00:00,W6682,wagon,rake_coupling_started,collection2,SCREW,,,
4934.5,2025-12-04T10:14:30+00:00,W11320,wagon,rake_coupling_started,collection2,SCREW,,,
4967.0,2025-12-04T10:47:00+00:00,W12210,wagon,rake_coupling_started,WS_01,DAC,,,
4967.0,2025-12-04T10:47:00+00:00,W8636,wagon,rake_coupling_started,WS_01,DAC,,,
4969.0,2025-12-04T10:49:00+00:00,W12210,wagon,rake_coupling_completed,WS_01,DAC,,,
4969.0,2025-12-04T10:49:00+00:00,W8636,wagon,rake_coupling_completed,WS_01,DAC,,,
4984.0,2025-12-04T11:04:00+00:00,W3173,wagon,rake_coupling_started,WS_02,DAC,,,
4984.0,2025-12-04T11:04:00+00:00,W10949,wagon,rake_coupling_started,WS_02,DAC,,,
4986.0,2025-12-04T11:06:00+00:00,W3173,wagon,rake_coupling_completed,WS_02,DAC,,,
4986.0,2025-12-04T11:06:00+00:00,W10949,wagon,rake_coupling_completed,WS_02,DAC,,,
5213.0,2025-12-04T14:53:00+00:00,W5833,wagon,rake_coupling_started,collection2,SCREW,,,
5213.0,2025-12-04T14:53:00+00:00,W12077,wagon,rake_coupling_started,collection2,SCREW,,,
5297.0,2025-12-04T16:17:00+00:00,W8631,wagon,rake_coupling_started,WS_01,DAC,,,
5297.0,2025-12-04T16:17:00+00:00,W9392,wagon,rake_coupling_started,WS_01,DAC,,,
5299.0,2025-12-04T16:19:00+00:00,W8631,wagon,rake_coupling_completed,WS_01,DAC,,,
5299.0,2025-12-04T16:19:00+00:00,W9392,wagon,rake_coupling_completed,WS_01,DAC,,,
5314.0,2025-12-04T16:34:00+00:00,W5038,wagon,rake_coupling_started,WS_02,DAC,,,
5314.0,2025-12-04T16:34:00+00:00,W9274,wagon,rake_coupling_started,WS_02,DAC,,,
5316.0,2025-12-04T16:36:00+00:00,W5038,wagon,rake_coupling_completed,WS_02,DAC,,,
5316.0,2025-12-04T16:36:00+00:00,W9274,wagon,rake_coupling_completed,WS_02,DAC,,,
5543.0,2025-12-04T20:23:00+00:00,W10878,wagon,rake_coupling_started,collection1,SCREW,,,
5543.0,2025-12-04T20:23:00+00:00,W10889,wagon,rake_coupling_started,collection1,SCREW,,,
5543.0,2025-12-04T20:23:00+00:00,W5978,wagon,rake_coupling_started,collection1,SCREW,,,
5600.5,2025-12-04T21:20:30+00:00,W11261,wagon,rake_coupling_started,WS_01,DAC,,,
5600.5,2025-12-04T21:20:30+00:00,W11259,wagon,rake_coupling_started,WS_01,DAC,,,
5602.5,2025-12-04T21:22:30+00:00,W11261,wagon,rake_coupling_completed,WS_01,DAC,,,
5602.5,2025-12-04T21:22:30+00:00,W11259,wagon,rake_coupling_completed,WS_01,DAC,,,
5617.5,2025-12-04T21:37:30+00:00,W8613,wagon,rake_coupling_started,WS_02,DAC,,,
5617.5,2025-12-04T21:37:30+00:00,W6140,wagon,rake_coupling_started,WS_02,DAC,,,
5619.5,2025-12-04T21:39:30+00:00,W8613,wagon,rake_coupling_completed,WS_02,DAC,,,
5619.5,2025-12-04T21:39:30+00:00,W6140,wagon,rake_coupling_completed,WS_02,DAC,,,
5741.5,2025-12-04T23:41:30+00:00,W7261,wagon,rake_coupling_started,collection1,SCREW,,,
5741.5,2025-12-04T23:41:30+00:00,W4726,wagon,rake_coupling_started,collection1,SCREW,,,
5741.5,2025-12-04T23:41:30+00:00,W8705,wagon,rake_coupling_started,collection1,SCREW,,,
5766.0,2025-12-05T00:06:00+00:00,W5167,wagon,rake_coupling_started,WS_01,DAC,,,
5766.0,2025-12-05T00:06:00+00:00,W10364,wagon,rake_coupling_started,WS_01,DAC,,,
5768.0,2025-12-05T00:08:00+00:00,W5167,wagon,rake_coupling_completed,WS_01,DAC,,,
5768.0,2025-12-05T00:08:00+00:00,W10364,wagon,rake_coupling_completed,WS_01,DAC,,,
5990.5,2025-12-05T03:50:30+00:00,W4666,wagon,rake_coupling_started,WS_02,DAC,,,
5990.5,2025-12-05T03:50:30+00:00,W11269,wagon,rake_coupling_started,WS_02,DAC,,,
5992.5,2025-12-05T03:52:30+00:00,W4666,wagon,rake_coupling_completed,WS_02,DAC,,,
5992.5,2025-12-05T03:52:30+00:00,W11269,wagon,rake_coupling_completed,WS_02,DAC,,,
6007.5,2025-12-05T04:07:30+00:00,W3811,wagon,rake_coupling_started,WS_01,DAC,,,
6007.5,2025-12-05T04:07:30+00:00,W6077,wagon,rake_coupling_started,WS_01,DAC,,,
6009.5,2025-12-05T04:09:30+00:00,W3811,wagon,rake_coupling_completed,WS_01,DAC,,,
6009.5,2025-12-05T04:09:30+00:00,W6077,wagon,rake_coupling_completed,WS_01,DAC,,,
6210.5,2025-12-05T07:30:30+00:00,W5057,wagon,rake_coupling_started,collection1,SCREW,,,
6210.5,2025-12-05T07:30:30+00:00,W4522,wagon,rake_coupling_started,collection1,SCREW,,,
6349.5,2025-12-05T09:49:30+00:00,W7155,wagon,rake_coupling_started,collection2,SCREW,,,
6349.5,2025-12-05T09:49:30+00:00,W11014,wagon,rake_coupling_started,collection2,SCREW,,,
6352.0,2025-12-05T09:52:00+00:00,W2926,wagon,rake_coupling_started,WS_02,DAC,,,
6352.0,2025-12-05T09:52:00+00:00,W5391,wagon,rake_coupling_started,WS_02,DAC,,,
6354.0,2025-12-05T09:54:00+00:00,W2926,wagon,rake_coupling_completed,WS_02,DAC,,,
6354.0,2025-12-05T09:54:00+00:00,W5391,wagon,rake_coupling_completed,WS_02,DAC,,,
6369.0,2025-12-05T10:09:00+00:00,W6682,wagon,rake_coupling_started,WS_01,DAC,,,
6369.0,2025-12-05T10:09:00+00:00,W11320,wagon,rake_coupling_started,WS_01,DAC,,,
6371.0,2025-12-05T10:11:00+00:00,W6682,wagon,rake_coupling_completed,WS_01,DAC,,,
6371.0,2025-12-05T10:11:00+00:00,W11320,wagon,rake_coupling_completed,WS_01,DAC,,,
6536.0,2025-12-05T12:56:00+00:00,W9040,wagon,rake_coupling_started,collection2,SCREW,,,
6536.0,2025-12-05T12:56:00+00:00,W5446,wagon,rake_coupling_started,collection2,SCREW,,,
6536.0,2025-12-05T12:56:00+00:00,W10881,wagon,rake_coupling_started,collection2,SCREW,,,
6543.0,2025-12-05T13:03:00+00:00,W0623,wagon,rake_coupling_started,WS_02,DAC,,,
6543.0,2025-12-05T13:03:00+00:00,W5833,wagon,rake_coupling_started,WS_02,DAC,,,
6545.0,2025-12-05T13:05:00+00:00,W0623,wagon,rake_coupling_completed,WS_02,DAC,,,
6545.0,2025-12-05T13:05:00+00:00,W5833,wagon,rake_coupling_completed,WS_02,DAC,,,
6560.0,2025-12-05T13:20:00+00:00,W12077,wagon,rake_coupling_started,WS_01,DAC,,,
6560.0,2025-12-05T13:20:00+00:00,W11254,wagon,rake_coupling_started,WS_01,DAC,,,
6562.0,2025-12-05T13:22:00+00:00,W12077,wagon,rake_coupling_completed,WS_01,DAC,,,
6562.0,2025-12-05T13:22:00+00:00,W11254,wagon,rake_coupling_completed,WS_01,DAC,,,
6785.5,2025-12-05T17:05:30+00:00,W11766,wagon,rake_coupling_started,WS_02,DAC,,,
6785.5,2025-12-05T17:05:30+00:00,W10878,wagon,rake_coupling_started,WS_02,DAC,,,
6787.5,2025-12-05T17:07:30+00:00,W11766,wagon,rake_coupling_completed,WS_02,DAC,,,
6787.5,2025-12-05T17:07:30+00:00,W10878,wagon,rake_coupling_completed,WS_02,DAC,,,
6789.0,2025-12-05T17:09:00+00:00,W0607,wagon,rake_coupling_started,collection2,SCREW,,,
6789.0,2025-12-05T17:09:00+00:00,W0032,wagon,rake_coupling_started,collection2,SCREW,,,
6802.5,2025-12-05T17:22:30+00:00,W10889,wagon,rake_coupling_started,WS_01,DAC,,,
6802.5,2025-12-05T17:22:30+00:00,W5978,wagon,rake_coupling_started,WS_01,DAC,,,
6804.5,2025-12-05T17:24:30+00:00,W10889,wagon,rake_coupling_completed,WS_01,DAC,,,
6804.5,2025-12-05T17:24:30+00:00,W5978,wagon,rake_coupling_completed,WS_01,DAC,,,
7031.5,2025-12-05T21:11:30+00:00,W6592,wagon,rake_coupling_started,collection2,SCREW,,,
7031.5,2025-12-05T21:11:30+00:00,W5711,wagon,rake_coupling_started,collection2,SCREW,,,
7031.5,2025-12-05T21:11:30+00:00,W6884,wagon,rake_coupling_started,collection2,SCREW,,,
7123.5,2025-12-05T22:43:30+00:00,W4793,wagon,rake_coupling_started,WS_02,DAC,,,
7123.5,2025-12-05T22:43:30+00:00,W7261,wagon,rake_coupling_started,WS_02,DAC,,,
7125.5,2025-12-05T22:45:30+00:00,W4793,wagon,rake_coupling_completed,WS_02,DAC,,,
7125.5,2025-12-05T22:45:30+00:00,W7261,wagon,rake_coupling_completed,WS_02,DAC,,,
7140.5,2025-12-05T23:00:30+00:00,W4726,wagon,rake_coupling_started,WS_01,DAC,,,
7140.5,2025-12-05T23:00:30+00:00,W8705,wagon,rake_coupling_started,WS_01,DAC,,,
7142.5,2025-12-05T23:02:30+00:00,W4726,wagon,rake_coupling_completed,WS_01,DAC,,,
7142.5,2025-12-05T23:02:30+00:00,W8705,wagon,rake_coupling_completed,WS_01,DAC,,,
7264.5,2025-12-06T01:04:30+00:00,W2971,wagon,rake_coupling_started,collection1,SCREW,,,
7264.5,2025-12-06T01:04:30+00:00,W5694,wagon,rake_coupling_started,collection1,SCREW,,,
7307.5,2025-12-06T01:47:30+00:00,W7263,wagon,rake_coupling_started,WS_02,DAC,,,
7307.5,2025-12-06T01:47:30+00:00,W5127,wagon,rake_coupling_started,WS_02,DAC,,,
7309.5,2025-12-06T01:49:30+00:00,W7263,wagon,rake_coupling_completed,WS_02,DAC,,,
7309.5,2025-12-06T01:49:30+00:00,W5127,wagon,rake_coupling_completed,WS_02,DAC,,,
7324.5,2025-12-06T02:04:30+00:00,W6339,wagon,rake_coupling_started,WS_01,DAC,,,
7324.5,2025-12-06T02:04:30+00:00,W5057,wagon,rake_coupling_started,WS_01,DAC,,,
7326.5,2025-12-06T02:06:30+00:00,W6339,wagon,rake_coupling_completed,WS_01,DAC,,,
7326.5,2025-12-06T02:06:30+00:00,W5057,wagon,rake_coupling_completed,WS_01,DAC,,,
7448.5,2025-12-06T04:08:30+00:00,W6246,wagon,rake_coupling_started,collection1,SCREW,,,
7448.5,2025-12-06T04:08:30+00:00,W5947,wagon,rake_coupling_started,collection1,SCREW,,,
7626.0,2025-12-06T07:06:00+00:00,W4522,wagon,rake_coupling_started,WS_02,DAC,,,
7626.0,2025-12-06T07:06:00+00:00,W7155,wagon,rake_coupling_started,WS_02,DAC,,,
7628.0,2025-12-06T07:08:00+00:00,W4522,wagon,rake_coupling_completed,WS_02,DAC,,,
7628.0,2025-12-06T07:08:00+00:00,W7155,wagon,rake_coupling_completed,WS_02,DAC,,,
7643.0,2025-12-06T07:23:00+00:00,W11014,wagon,rake_coupling_started,WS_01,DAC,,,
7643.0,2025-12-06T07:23:00+00:00,W4479,wagon,rake_coupling_started,WS_01,DAC,,,
7645.0,2025-12-06T07:25:00+00:00,W11014,wagon,rake_coupling_completed,WS_01,DAC,,,
7645.0,2025-12-06T07:25:00+00:00,W4479,wagon,rake_coupling_completed,WS_01,DAC,,,
7767.0,2025-12-06T09:27:00+00:00,W10957,wagon,rake_coupling_started,collection2,SCREW,,,
7767.0,2025-12-06T09:27:00+00:00,W6303,wagon,rake_coupling_started,collection2,SCREW,,,
7767.0,2025-12-06T09:27:00+00:00,W10958,wagon,rake_coupling_started,collection2,SCREW,,,
7767.0,2025-12-06T09:27:00+00:00,W6277,wagon,rake_coupling_started,collection2,SCREW,,,
7867.0,2025-12-06T11:07:00+00:00,W9040,wagon,rake_coupling_started,WS_02,DAC,,,
7867.0,2025-12-06T11:07:00+00:00,W5446,wagon,rake_coupling_started,WS_02,DAC,,,
7869.0,2025-12-06T11:09:00+00:00,W9040,wagon,rake_coupling_completed,WS_02,DAC,,,
7869.0,2025-12-06T11:09:00+00:00,W5446,wagon,rake_coupling_completed,WS_02,DAC,,,
7884.0,2025-12-06T11:24:00+00:00,W10881,wagon,rake_coupling_started,WS_01,DAC,,,
7884.0,2025-12-06T11:24:00+00:00,W2737,wagon,rake_coupling_started,WS_01,DAC,,,
7886.0,2025-12-06T11:26:00+00:00,W10881,wagon,rake_coupling_completed,WS_01,DAC,,,
7886.0,2025-12-06T11:26:00+00:00,W2737,wagon,rake_coupling_completed,WS_01,DAC,,,
8078.0,2025-12-06T14:38:00+00:00,W0607,wagon,rake_coupling_started,WS_02,DAC,,,
8078.0,2025-12-06T14:38:00+00:00,W0032,wagon,rake_coupling_started,WS_02,DAC,,,
8080.0,2025-12-06T14:40:00+00:00,W0607,wagon,rake_coupling_completed,WS_02,DAC,,,
8080.0,2025-12-06T14:40:00+00:00,W0032,wagon,rake_coupling_completed,WS_02,DAC,,,
8252.0,2025-12-06T17:32:00+00:00,W10081,wagon,rake_coupling_started,WS_01,DAC,,,
8252.0,2025-12-06T17:32:00+00:00,W6592,wagon,rake_coupling_started,WS_01,DAC,,,
8254.0,2025-12-06T17:34:00+00:00,W10081,wagon,rake_coupling_completed,WS_01,DAC,,,
8254.0,2025-12-06T17:34:00+00:00,W6592,wagon,rake_coupling_completed,WS_01,DAC,,,
8393.5,2025-12-06T19:53:30+00:00,W5711,wagon,rake_coupling_started,WS_02,DAC,,,
8393.5,2025-12-06T19:53:30+00:00,W6884,wagon,rake_coupling_started,WS_02,DAC,,,
8395.5,2025-12-06T19:55:30+00:00,W5711,wagon,rake_coupling_completed,WS_02,DAC,,,
8395.5,2025-12-06T19:55:30+00:00,W6884,wagon,rake_coupling_completed,WS_02,DAC,,,
8455.0,2025-12-06T20:55:00+00:00,W11953,wagon,rake_coupling_started,collection2,SCREW,,,
8455.0,2025-12-06T20:55:00+00:00,W9237,wagon,rake_coupling_started,collection2,SCREW,,,
8455.0,2025-12-06T20:55:00+00:00,W11252,wagon,rake_coupling_started,collection2,SCREW,,,
8455.0,2025-12-06T20:55:00+00:00,W12355,wagon,rake_coupling_started,collection2,SCREW,,,
8555.0,2025-12-06T22:35:00+00:00,W7253,wagon,rake_coupling_started,WS_01,DAC,,,
8555.0,2025-12-06T22:35:00+00:00,W8383,wagon,rake_coupling_started,WS_01,DAC,,,
8557.0,2025-12-06T22:37:00+00:00,W7253,wagon,rake_coupling_completed,WS_01,DAC,,,
8557.0,2025-12-06T22:37:00+00:00,W8383,wagon,rake_coupling_completed,WS_01,DAC,,,
8572.0,2025-12-06T22:52:00+00:00,W2971,wagon,rake_coupling_started,WS_02,DAC,,,
8572.0,2025-12-06T22:52:00+00:00,W5694,wagon,rake_coupling_started,WS_02,DAC,,,
8574.0,2025-12-06T22:54:00+00:00,W2971,wagon,rake_coupling_completed,WS_02,DAC,,,
8574.0,2025-12-06T22:54:00+00:00,W5694,wagon,rake_coupling_completed,WS_02,DAC,,,
8769.0,2025-12-07T02:09:00+00:00,W9067,wagon,rake_coupling_started,WS_01,DAC,,,
8769.0,2025-12-07T02:09:00+00:00,W6246,wagon,rake_coupling_started,WS_01,DAC,,,
8771.0,2025-12-07T02:11:00+00:00,W9067,wagon,rake_coupling_completed,WS_01,DAC,,,
8771.0,2025-12-07T02:11:00+00:00,W6246,wagon,rake_coupling_completed,WS_01,DAC,,,
8877.5,2025-12-07T03:57:30+00:00,W5947,wagon,rake_coupling_started,WS_02,DAC,,,
8877.5,2025-12-07T03:57:30+00:00,W11596,wagon,rake_coupling_started,WS_02,DAC,,,
8879.5,2025-12-07T03:59:30+00:00,W5947,wagon,rake_coupling_completed,WS_02,DAC,,,
8879.5,2025-12-07T03:59:30+00:00,W11596,wagon,rake_coupling_completed,WS_02,DAC,,,
8943.0,2025-12-07T05:03:00+00:00,W8085,wagon,rake_coupling_started,WS_01,DAC,,,
8943.0,2025-12-07T05:03:00+00:00,W10957,wagon,rake_coupling_started,WS_01,DAC,,,
8945.0,2025-12-07T05:05:00+00:00,W8085,wagon,rake_coupling_completed,WS_01,DAC,,,
8945.0,2025-12-07T05:05:00+00:00,W10957,wagon,rake_coupling_completed,WS_01,DAC,,,
9015.0,2025-12-07T06:15:00+00:00,W9940,wagon,rake_coupling_started,collection2,SCREW,,,
9015.0,2025-12-07T06:15:00+00:00,W9081,wagon,rake_coupling_started,collection2,SCREW,,,
9154.0,2025-12-07T08:34:00+00:00,W8671,wagon,rake_coupling_started,collection1,SCREW,,,
9154.0,2025-12-07T08:34:00+00:00,W2112,wagon,rake_coupling_started,collection1,SCREW,,,
9238.0,2025-12-07T09:58:00+00:00,W6303,wagon,rake_coupling_started,WS_02,DAC,,,
9238.0,2025-12-07T09:58:00+00:00,W10958,wagon,rake_coupling_started,WS_02,DAC,,,
9240.0,2025-12-07T10:00:00+00:00,W6303,wagon,rake_coupling_completed,WS_02,DAC,,,
9240.0,2025-12-07T10:00:00+00:00,W10958,wagon,rake_coupling_completed,WS_02,DAC,,,
9243.0,2025-12-07T10:03:00+00:00,W6277,wagon,rake_coupling_started,WS_01,DAC,,,
9243.0,2025-12-07T10:03:00+00:00,W4368,wagon,rake_coupling_started,WS_01,DAC,,,
9245.0,2025-12-07T10:05:00+00:00,W6277,wagon,rake_coupling_completed,WS_01,DAC,,,
9245.0,2025-12-07T10:05:00+00:00,W4368,wagon,rake_coupling_completed,WS_01,DAC,,,
9443.0,2025-12-07T13:23:00+00:00,W6634,wagon,rake_coupling_started,WS_02,DAC,,,
9443.0,2025-12-07T13:23:00+00:00,W0677,wagon,rake_coupling_started,WS_02,DAC,,,
9445.0,2025-12-07T13:25:00+00:00,W6634,wagon,rake_coupling_completed,WS_02,DAC,,,
9445.0,2025-12-07T13:25:00+00:00,W0677,wagon,rake_coupling_completed,WS_02,DAC,,,
9561.5,2025-12-07T15:21:30+00:00,W6025,wagon,rake_coupling_started,WS_01,DAC,,,
9561.5,2025-12-07T15:21:30+00:00,W7265,wagon,rake_coupling_started,WS_01,DAC,,,
9563.5,2025-12-07T15:23:30+00:00,W6025,wagon,rake_coupling_completed,WS_01,DAC,,,
9563.5,2025-12-07T15:23:30+00:00,W7265,wagon,rake_coupling_completed,WS_01,DAC,,,
9617.0,2025-12-07T16:17:00+00:00,W11953,wagon,rake_coupling_started,WS_02,DAC,,,
9617.0,2025-12-07T16:17:00+00:00,W9237,wagon,rake_coupling_started,WS_02,DAC,,,
9619.0,2025-12-07T16:19:00+00:00,W11953,wagon,rake_coupling_completed,WS_02,DAC,,,
9619.0,2025-12-07T16:19:00+00:00,W9237,wagon,rake_coupling_completed,WS_02,DAC,,,
9633.5,2025-12-07T16:33:30+00:00,W2050,wagon,rake_coupling_started,collection1,SCREW,,,
9633.5,2025-12-07T16:33:30+00:00,W2386,wagon,rake_coupling_started,collection1,SCREW,,,
9820.0,2025-12-07T19:40:00+00:00,W2136,wagon,rake_coupling_started,collection1,SCREW,,,
9820.0,2025-12-07T19:40:00+00:00,W5282,wagon,rake_coupling_started,collection1,SCREW,,,
9820.0,2025-12-07T19:40:00+00:00,W2652,wagon,rake_coupling_started,collection1,SCREW,,,
9875.0,2025-12-07T20:35:00+00:00,W11252,wagon,rake_coupling_started,WS_01,DAC,,,
9875.0,2025-12-07T20:35:00+00:00,W12355,wagon,rake_coupling_started,WS_01,DAC,,,
9877.0,2025-12-07T20:37:00+00:00,W11252,wagon,rake_coupling_completed,WS_01,DAC,,,
9877.0,2025-12-07T20:37:00+00:00,W12355,wagon,rake_coupling_completed,WS_01,DAC,,,
9892.0,2025-12-07T20:52:00+00:00,W7316,wagon,rake_coupling_started,WS_02,DAC,,,
9892.0,2025-12-07T20:52:00+00:00,W10254,wagon,rake_coupling_started,WS_02,DAC,,,
9894.0,2025-12-07T20:54:00+00:00,W7316,wagon,rake_coupling_completed,WS_02,DAC,,,
9894.0,2025-12-07T20:54:00+00:00,W10254,wagon,rake_coupling_completed,WS_02,DAC,,,
10016.0,2025-12-07T22:56:00+00:00,W5845,wagon,rake_coupling_started,collection1,SCREW,,,
10016.0,2025-12-07T22:56:00+00:00,W12195,wagon,rake_coupling_started,collection1,SCREW,,,
10016.0,2025-12-07T22:56:00+00:00,W2831,wagon,rake_coupling_started,collection1,SCREW,,,
10067.5,2025-12-07T23:47:30+00:00,W9534,wagon,rake_coupling_started,WS_01,DAC,,,
10067.5,2025-12-07T23:47:30+00:00,W12057,wagon,rake_coupling_started,WS_01,DAC,,,
10069.5,2025-12-07T23:49:30+00:00,W9534,wagon,rake_coupling_completed,WS_01,DAC,,,
10069.5,2025-12-07T23:49:30+00:00,W12057,wagon,rake_coupling_completed,WS_01,DAC,,,
10084.5,2025-12-08T00:04:30+00:00,W11482,wagon,rake_coupling_started,WS_02,DAC,,,
10084.5,2025-12-08T00:04:30+00:00,W9940,wagon,rake_coupling_started,WS_02,DAC,,,
10086.5,2025-12-08T00:06:30+00:00,W11482,wagon,rake_coupling_completed,WS_02,DAC,,,
10086.5,2025-12-08T00:06:30+00:00,W9940,wagon,rake_coupling_completed,WS_02,DAC,,,
10208.5,2025-12-08T02:08:30+00:00,W0881,wagon,rake_coupling_started,collection1,SCREW,,,
10208.5,2025-12-08T02:08:30+00:00,W8570,wagon,rake_coupling_started,collection1,SCREW,,,
10208.5,2025-12-08T02:08:30+00:00,W9355,wagon,rake_coupling_started,collection1,SCREW,,,
10239.0,2025-12-08T02:39:00+00:00,W9081,wagon,rake_coupling_started,WS_01,DAC,,,
10239.0,2025-12-08T02:39:00+00:00,W8671,wagon,rake_coupling_started,WS_01,DAC,,,
10241.0,2025-12-08T02:41:00+00:00,W9081,wagon,rake_coupling_completed,WS_01,DAC,,,
10241.0,2025-12-08T02:41:00+00:00,W8671,wagon,rake_coupling_completed,WS_01,DAC,,,
10442.5,2025-12-08T06:02:30+00:00,W11847,wagon,rake_coupling_started,collection1,SCREW,,,
10442.5,2025-12-08T06:02:30+00:00,W2135,wagon,rake_coupling_started,collection1,SCREW,,,
10457.5,2025-12-08T06:17:30+00:00,W2112,wagon,rake_coupling_started,WS_02,DAC,,,
10457.5,2025-12-08T06:17:30+00:00,W7542,wagon,rake_coupling_started,WS_02,DAC,,,
10459.5,2025-12-08T06:19:30+00:00,W2112,wagon,rake_coupling_completed,WS_02,DAC,,,
10459.5,2025-12-08T06:19:30+00:00,W7542,wagon,rake_coupling_completed,WS_02,DAC,,,
10474.5,2025-12-08T06:34:30+00:00,W10249,wagon,rake_coupling_started,WS_01,DAC,,,
10474.5,2025-12-08T06:34:30+00:00,W8990,wagon,rake_coupling_started,WS_01,DAC,,,
10476.5,2025-12-08T06:36:30+00:00,W10249,wagon,rake_coupling_completed,WS_01,DAC,,,
10476.5,2025-12-08T06:36:30+00:00,W8990,wagon,rake_coupling_completed,WS_01,DAC,,,
10702.0,2025-12-08T10:22:00+00:00,W2050,wagon,rake_coupling_started,WS_02,DAC,,,
10702.0,2025-12-08T10:22:00+00:00,W2386,wagon,rake_coupling_started,WS_02,DAC,,,
10703.5,2025-12-08T10:23:30+00:00,W5612,wagon,rake_coupling_started,collection1,SCREW,,,
10703.5,2025-12-08T10:23:30+00:00,W5821,wagon,rake_coupling_started,collection1,SCREW,,,
10703.5,2025-12-08T10:23:30+00:00,W12186,wagon,rake_coupling_started,collection1,SCREW,,,
10704.0,2025-12-08T10:24:00+00:00,W2050,wagon,rake_coupling_completed,WS_02,DAC,,,
10704.0,2025-12-08T10:24:00+00:00,W2386,wagon,rake_coupling_completed,WS_02,DAC,,,
10719.0,2025-12-08T10:39:00+00:00,W12385,wagon,rake_coupling_started,WS_01,DAC,,,
10719.0,2025-12-08T10:39:00+00:00,W2136,wagon,rake_coupling_started,WS_01,DAC,,,
10721.0,2025-12-08T10:41:00+00:00,W12385,wagon,rake_coupling_completed,WS_01,DAC,,,
10721.0,2025-12-08T10:41:00+00:00,W2136,wagon,rake_coupling_completed,WS_01,DAC,,,
10821.5,2025-12-08T12:21:30+00:00,W5282,wagon,rake_coupling_started,WS_02,DAC,,,
10821.5,2025-12-08T12:21:30+00:00,W2652,wagon,rake_coupling_started,WS_02,DAC,,,
10823.5,2025-12-08T12:23:30+00:00,W5282,wagon,rake_coupling_completed,WS_02,DAC,,,
10823.5,2025-12-08T12:23:30+00:00,W2652,wagon,rake_coupling_completed,WS_02,DAC,,,
10893.5,2025-12-08T13:33:30+00:00,W10772,wagon,rake_coupling_started,collection1,SCREW,,,
10893.5,2025-12-08T13:33:30+00:00,W5316,wagon,rake_coupling_started,collection1,SCREW,,,
10893.5,2025-12-08T13:33:30+00:00,W9043,wagon,rake_coupling_started,collection1,SCREW,,,
11040.5,2025-12-08T16:00:30+00:00,W0948,wagon,rake_coupling_started,collection2,SCREW,,,
11040.5,2025-12-08T16:00:30+00:00,W9358,wagon,rake_coupling_started,collection2,SCREW,,,
11124.5,2025-12-08T17:24:30+00:00,W11539,wagon,rake_coupling_started,WS_01,DAC,,,
11124.5,2025-12-08T17:24:30+00:00,W5845,wagon,rake_coupling_started,WS_01,DAC,,,
11126.5,2025-12-08T17:26:30+00:00,W11539,wagon,rake_coupling_completed,WS_01,DAC,,,
11126.5,2025-12-08T17:26:30+00:00,W5845,wagon,rake_coupling_completed,WS_01,DAC,,,
11141.5,2025-12-08T17:41:30+00:00,W12195,wagon,rake_coupling_started,WS_02,DAC,,,
11141.5,2025-12-08T17:41:30+00:00,W2831,wagon,rake_coupling_started,WS_02,DAC,,,
11143.5,2025-12-08T17:43:30+00:00,W12195,wagon,rake_coupling_completed,WS_02,DAC,,,
11143.5,2025-12-08T17:43:30+00:00,W2831,wagon,rake_coupling_completed,WS_02,DAC,,,
11370.5,2025-12-08T21:30:30+00:00,W10441,wagon,rake_coupling_started,collection1,SCREW,,,
11370.5,2025-12-08T21:30:30+00:00,W4506,wagon,rake_coupling_started,collection1,SCREW,,,
11370.5,2025-12-08T21:30:30+00:00,W9143,wagon,rake_coupling_started,collection1,SCREW,,,
11402.0,2025-12-08T22:02:00+00:00,W4532,wagon,rake_coupling_started,WS_01,DAC,,,
11402.0,2025-12-08T22:02:00+00:00,W0881,wagon,rake_coupling_started,WS_01,DAC,,,
11404.0,2025-12-08T22:04:00+00:00,W4532,wagon,rake_coupling_completed,WS_01,DAC,,,
11404.0,2025-12-08T22:04:00+00:00,W0881,wagon,rake_coupling_completed,WS_01,DAC,,,
11419.0,2025-12-08T22:19:00+00:00,W8570,wagon,rake_coupling_started,WS_02,DAC,,,
11419.0,2025-12-08T22:19:00+00:00,W9355,wagon,rake_coupling_started,WS_02,DAC,,,
11421.0,2025-12-08T22:21:00+00:00,W8570,wagon,rake_coupling_completed,WS_02,DAC,,,
11421.0,2025-12-08T22:21:00+00:00,W9355,wagon,rake_coupling_completed,WS_02,DAC,,,
11635.0,2025-12-09T01:55:00+00:00,W5248,wagon,rake_coupling_started,WS_01,DAC,,,
11635.0,2025-12-09T01:55:00+00:00,W11847,wagon,rake_coupling_started,WS_01,DAC,,,
11637.0,2025-12-09T01:57:00+00:00,W5248,wagon,rake_coupling_completed,WS_01,DAC,,,
11637.0,2025-12-09T01:57:00+00:00,W11847,wagon,rake_coupling_completed,WS_01,DAC,,,
11648.0,2025-12-09T02:08:00+00:00,W10883,wagon,rake_coupling_started,collection1,SCREW,,,
11648.0,2025-12-09T02:08:00+00:00,W10896,wagon,rake_coupling_started,collection1,SCREW,,,
11648.0,2025-12-09T02:08:00+00:00,W10303,wagon,rake_coupling_started,collection1,SCREW,,,
11652.0,2025-12-09T02:12:00+00:00,W2135,wagon,rake_coupling_started,WS_02,DAC,,,
11652.0,2025-12-09T02:12:00+00:00,W0282,wagon,rake_coupling_started,WS_02,DAC,,,
11654.0,2025-12-09T02:14:00+00:00,W2135,wagon,rake_coupling_completed,WS_02,DAC,,,
11654.0,2025-12-09T02:14:00+00:00,W0282,wagon,rake_coupling_completed,WS_02,DAC,,,
11766.0,2025-12-09T04:06:00+00:00,W5612,wagon,rake_coupling_started,WS_01,DAC,,,
11766.0,2025-12-09T04:06:00+00:00,W5821,wagon,rake_coupling_started,WS_01,DAC,,,
11768.0,2025-12-09T04:08:00+00:00,W5612,wagon,rake_coupling_completed,WS_01,DAC,,,
11768.0,2025-12-09T04:08:00+00:00,W5821,wagon,rake_coupling_completed,WS_01,DAC,,,
11838.0,2025-12-09T05:18:00+00:00,W2846,wagon,rake_coupling_started,collection1,SCREW,,,
11838.0,2025-12-09T05:18:00+00:00,W5760,wagon,rake_coupling_started,collection1,SCREW,,,
11838.0,2025-12-09T05:18:00+00:00,W6421,wagon,rake_coupling_started,collection1,SCREW,,,
11838.0,2025-12-09T05:18:00+00:00,W4802,wagon,rake_coupling_started,collection1,SCREW,,,
11993.0,2025-12-09T07:53:00+00:00,W6008,wagon,rake_coupling_started,collection2,SCREW,,,
11993.0,2025-12-09T07:53:00+00:00,W0293,wagon,rake_coupling_started,collection2,SCREW,,,
11998.5,2025-12-09T07:58:30+00:00,W12186,wagon,rake_coupling_started,WS_02,DAC,,,
11998.5,2025-12-09T07:58:30+00:00,W8578,wagon,rake_coupling_started,WS_02,DAC,,,
12000.5,2025-12-09T08:00:30+00:00,W12186,wagon,rake_coupling_completed,WS_02,DAC,,,
12000.5,2025-12-09T08:00:30+00:00,W8578,wagon,rake_coupling_completed,WS_02,DAC,,,
12015.5,2025-12-09T08:15:30+00:00,W10772,wagon,rake_coupling_started,WS_01,DAC,,,
12015.5,2025-12-09T08:15:30+00:00,W5316,wagon,rake_coupling_started,WS_01,DAC,,,
12017.5,2025-12-09T08:17:30+00:00,W10772,wagon,rake_coupling_completed,WS_01,DAC,,,
12017.5,2025-12-09T08:17:30+00:00,W5316,wagon,rake_coupling_completed,WS_01,DAC,,,
12237.5,2025-12-09T11:57:30+00:00,W9043,wagon,rake_coupling_started,WS_02,DAC,,,
12237.5,2025-12-09T11:57:30+00:00,W0948,wagon,rake_coupling_started,WS_02,DAC,,,
12239.5,2025-12-09T11:59:30+00:00,W9043,wagon,rake_coupling_completed,WS_02,DAC,,,
12239.5,2025-12-09T11:59:30+00:00,W0948,wagon,rake_coupling_completed,WS_02,DAC,,,
12244.5,2025-12-09T12:04:30+00:00,W7853,wagon,rake_coupling_started,collection2,SCREW,,,
12244.5,2025-12-09T12:04:30+00:00,W6704,wagon,rake_coupling_started,collection2,SCREW,,,
12244.5,2025-12-09T12:04:30+00:00,W2149,wagon,rake_coupling_started,collection2,SCREW,,,
12254.5,2025-12-09T12:14:30+00:00,W9358,wagon,rake_coupling_started,WS_01,DAC,,,
12254.5,2025-12-09T12:14:30+00:00,W0875,wagon,rake_coupling_started,WS_01,DAC,,,
12256.5,2025-12-09T12:16:30+00:00,W9358,wagon,rake_coupling_completed,WS_01,DAC,,,
12256.5,2025-12-09T12:16:30+00:00,W0875,wagon,rake_coupling_completed,WS_01,DAC,,,
12362.5,2025-12-09T14:02:30+00:00,W0367,wagon,rake_coupling_started,WS_02,DAC,,,
12362.5,2025-12-09T14:02:30+00:00,W10441,wagon,rake_coupling_started,WS_02,DAC,,,
12364.5,2025-12-09T14:04:30+00:00,W0367,wagon,rake_coupling_completed,WS_02,DAC,,,
12364.5,2025-12-09T14:04:30+00:00,W10441,wagon,rake_coupling_completed,WS_02,DAC,,,
12434.5,2025-12-09T15:14:30+00:00,W5380,wagon,rake_coupling_started,collection2,SCREW,,,
12434.5,2025-12-09T15:14:30+00:00,W5989,wagon,rake_coupling_started,collection2,SCREW,,,
12434.5,2025-12-09T15:14:30+00:00,W5415,wagon,rake_coupling_started,collection2,SCREW,,,
12526.5,2025-12-09T16:46:30+00:00,W4506,wagon,rake_coupling_started,WS_01,DAC,,,
12526.5,2025-12-09T16:46:30+00:00,W9143,wagon,rake_coupling_started,WS_01,DAC,,,
12528.5,2025-12-09T16:48:30+00:00,W4506,wagon,rake_coupling_completed,WS_01,DAC,,,
12528.5,2025-12-09T16:48:30+00:00,W9143,wagon,rake_coupling_completed,WS_01,DAC,,,
12531.0,2025-12-09T16:51:00+00:00,W6323,wagon,rake_coupling_started,collection1,SCREW,,,
12531.0,2025-12-09T16:51:00+00:00,W2910,wagon,rake_coupling_started,collection1,SCREW,,,
12543.5,2025-12-09T17:03:30+00:00,W9733,wagon,rake_coupling_started,WS_02,DAC,,,
12543.5,2025-12-09T17:03:30+00:00,W10883,wagon,rake_coupling_started,WS_02,DAC,,,
12545.5,2025-12-09T17:05:30+00:00,W9733,wagon,rake_coupling_completed,WS_02,DAC,,,
12545.5,2025-12-09T17:05:30+00:00,W10883,wagon,rake_coupling_completed,WS_02,DAC,,,
12772.5,2025-12-09T20:52:30+00:00,W0237,wagon,rake_coupling_started,collection1,SCREW,,,
12772.5,2025-12-09T20:52:30+00:00,W5173,wagon,rake_coupling_started,collection1,SCREW,,,
12772.5,2025-12-09T20:52:30+00:00,W4380,wagon,rake_coupling_started,collection1,SCREW,,,
12835.5,2025-12-09T21:55:30+00:00,W10896,wagon,rake_coupling_started,WS_01,DAC,,,
12835.5,2025-12-09T21:55:30+00:00,W10303,wagon,rake_coupling_started,WS_01,DAC,,,
12837.5,2025-12-09T21:57:30+00:00,W10896,wagon,rake_coupling_completed,WS_01,DAC,,,
12837.5,2025-12-09T21:57:30+00:00,W10303,wagon,rake_coupling_completed,WS_01,DAC,,,
12852.5,2025-12-09T22:12:30+00:00,W0475,wagon,rake_coupling_started,WS_02,DAC,,,
12852.5,2025-12-09T22:12:30+00:00,W2846,wagon,rake_coupling_started,WS_02,DAC,,,
12854.5,2025-12-09T22:14:30+00:00,W0475,wagon,rake_coupling_completed,WS_02,DAC,,,
12854.5,2025-12-09T22:14:30+00:00,W2846,wagon,rake_coupling_completed,WS_02,DAC,,,
13021.5,2025-12-10T01:01:30+00:00,W5760,wagon,rake_coupling_started,WS_01,DAC,,,
13021.5,2025-12-10T01:01:30+00:00,W6421,wagon,rake_coupling_started,WS_01,DAC,,,
13023.5,2025-12-10T01:03:30+00:00,W5760,wagon,rake_coupling_completed,WS_01,DAC,,,
13023.5,2025-12-10T01:03:30+00:00,W6421,wagon,rake_coupling_completed,WS_01,DAC,,,
13038.5,2025-12-10T01:18:30+00:00,W4802,wagon,rake_coupling_started,WS_02,DAC,,,
13038.5,2025-12-10T01:18:30+00:00,W6008,wagon,rake_coupling_started,WS_02,DAC,,,
13040.5,2025-12-10T01:20:30+00:00,W4802,wagon,rake_coupling_completed,WS_02,DAC,,,
13040.5,2025-12-10T01:20:30+00:00,W6008,wagon,rake_coupling_completed,WS_02,DAC,,,
13231.0,2025-12-10T04:31:00+00:00,W0293,wagon,rake_coupling_started,WS_01,DAC,,,
13231.0,2025-12-10T04:31:00+00:00,W2165,wagon,rake_coupling_started,WS_01,DAC,,,
13233.0,2025-12-10T04:33:00+00:00,W0293,wagon,rake_coupling_completed,WS_01,DAC,,,
13233.0,2025-12-10T04:33:00+00:00,W2165,wagon,rake_coupling_completed,WS_01,DAC,,,
13344.0,2025-12-10T06:24:00+00:00,W7853,wagon,rake_coupling_started,WS_02,DAC,,,
13344.0,2025-12-10T06:24:00+00:00,W6704,wagon,rake_coupling_started,WS_02,DAC,,,
13346.0,2025-12-10T06:26:00+00:00,W7853,wagon,rake_coupling_completed,WS_02,DAC,,,
13346.0,2025-12-10T06:26:00+00:00,W6704,wagon,rake_coupling_completed,WS_02,DAC,,,
13405.0,2025-12-10T07:25:00+00:00,W2149,wagon,rake_coupling_started,WS_01,DAC,,,
13405.0,2025-12-10T07:25:00+00:00,W2736,wagon,rake_coupling_started,WS_01,DAC,,,
13407.0,2025-12-10T07:27:00+00:00,W2149,wagon,rake_coupling_completed,WS_01,DAC,,,
13407.0,2025-12-10T07:27:00+00:00,W2736,wagon,rake_coupling_completed,WS_01,DAC,,,
13416.0,2025-12-10T07:36:00+00:00,W0698,wagon,rake_coupling_started,collection1,SCREW,,,
13416.0,2025-12-10T07:36:00+00:00,W8339,wagon,rake_coupling_started,collection1,SCREW,,,
13416.0,2025-12-10T07:36:00+00:00,W12383,wagon,rake_coupling_started,collection1,SCREW,,,
13608.0,2025-12-10T10:48:00+00:00,W9843,wagon,rake_coupling_started,collection1,SCREW,,,
13608.0,2025-12-10T10:48:00+00:00,W4473,wagon,rake_coupling_started,collection1,SCREW,,,
13680.5,2025-12-10T12:00:30+00:00,W5380,wagon,rake_coupling_started,WS_02,DAC,,,
13680.5,2025-12-10T12:00:30+00:00,W5989,wagon,rake_coupling_started,WS_02,DAC,,,
13682.5,2025-12-10T12:02:30+00:00,W5380,wagon,rake_coupling_completed,WS_02,DAC,,,
13682.5,2025-12-10T12:02:30+00:00,W5989,wagon,rake_coupling_completed,WS_02,DAC,,,
13692.0,2025-12-10T12:12:00+00:00,W5415,wagon,rake_coupling_started,WS_01,DAC,,,
13692.0,2025-12-10T12:12:00+00:00,W6323,wagon,rake_coupling_started,WS_01,DAC,,,
13694.0,2025-12-10T12:14:00+00:00,W5415,wagon,rake_coupling_completed,WS_01,DAC,,,
13694.0,2025-12-10T12:14:00+00:00,W6323,wagon,rake_coupling_completed,WS_01,DAC,,,
13892.0,2025-12-10T15:32:00+00:00,W2910,wagon,rake_coupling_started,WS_02,DAC,,,
13892.0,2025-12-10T15:32:00+00:00,W5280,wagon,rake_coupling_started,WS_02,DAC,,,
13894.0,2025-12-10T15:34:00+00:00,W2910,wagon,rake_coupling_completed,WS_02,DAC,,,
13894.0,2025-12-10T15:34:00+00:00,W5280,wagon,rake_coupling_completed,WS_02,DAC,,,
13964.0,2025-12-10T16:44:00+00:00,W6989,wagon,rake_coupling_started,collection2,SCREW,,,
13964.0,2025-12-10T16:44:00+00:00,W10150,wagon,rake_coupling_started,collection2,SCREW,,,
13964.0,2025-12-10T16:44:00+00:00,W0839,wagon,rake_coupling_started,collection2,SCREW,,,
14004.0,2025-12-10T17:24:00+00:00,W0237,wagon,rake_coupling_started,WS_01,DAC,,,
14004.0,2025-12-10T17:24:00+00:00,W5173,wagon,rake_coupling_started,WS_01,DAC,,,
14006.0,2025-12-10T17:26:00+00:00,W0237,wagon,rake_coupling_completed,WS_01,DAC,,,
14006.0,2025-12-10T17:26:00+00:00,W5173,wagon,rake_coupling_completed,WS_01,DAC,,,
14076.0,2025-12-10T18:36:00+00:00,W9046,wagon,rake_coupling_started,collection1,SCREW,,,
14076.0,2025-12-10T18:36:00+00:00,W7791,wagon,rake_coupling_started,collection1,SCREW,,,
14082.0,2025-12-10T18:42:00+00:00,W4380,wagon,rake_coupling_started,WS_02,DAC,,,
14082.0,2025-12-10T18:42:00+00:00,W11518,wagon,rake_coupling_started,WS_02,DAC,,,
14084.0,2025-12-10T18:44:00+00:00,W4380,wagon,rake_coupling_completed,WS_02,DAC,,,
14084.0,2025-12-10T18:44:00+00:00,W11518,wagon,rake_coupling_completed,WS_02,DAC,,,
14154.0,2025-12-10T19:54:00+00:00,W3413,wagon,rake_coupling_started,collection2,SCREW,,,
14154.0,2025-12-10T19:54:00+00:00,W8479,wagon,rake_coupling_started,collection2,SCREW,,,
14369.0,2025-12-10T23:29:00+00:00,W5872,wagon,rake_coupling_started,WS_01,DAC,,,
14369.0,2025-12-10T23:29:00+00:00,W5395,wagon,rake_coupling_started,WS_01,DAC,,,
14371.0,2025-12-10T23:31:00+00:00,W5872,wagon,rake_coupling_completed,WS_01,DAC,,,
14371.0,2025-12-10T23:31:00+00:00,W5395,wagon,rake_coupling_completed,WS_01,DAC,,,
14386.0,2025-12-10T23:46:00+00:00,W12116,wagon,rake_coupling_started,WS_02,DAC,,,
14386.0,2025-12-10T23:46:00+00:00,W2774,wagon,rake_coupling_started,WS_02,DAC,,,
14388.0,2025-12-10T23:48:00+00:00,W12116,wagon,rake_coupling_completed,WS_02,DAC,,,
14388.0,2025-12-10T23:48:00+00:00,W2774,wagon,rake_coupling_completed,WS_02,DAC,,,
