timestamp,datetime,track_WS_01,track_WS_02,track_collection1,track_collection2,track_retrofit,track_retrofitted,workshop_WS_01_busy_bays,workshop_WS_02_busy_bays,locomotives_busy,wagons_in_process
0.0,2025-12-01T00:00:00+00:00,0,0,0,0,0,0,0,0,0,0
60.0,2025-12-01T01:00:00+00:00,0,0,0,0,0,0,0,0,0,0
120.0,2025-12-01T02:00:00+00:00,0,0,0,0,0,0,0,0,0,0
180.0,2025-12-01T03:00:00+00:00,0,0,0,0,0,0,0,0,0,0
240.0,2025-12-01T04:00:00+00:00,0,0,0,0,0,0,0,0,0,0
300.0,2025-12-01T05:00:00+00:00,0,0,0,0,0,0,0,0,0,0
360.0,2025-12-01T06:00:00+00:00,0,0,0,0,3,0,0,0,1,3
420.0,2025-12-01T07:00:00+00:00,0,0,0,0,3,0,0,0,1,3
480.0,2025-12-01T08:00:00+00:00,0,0,2,0,3,0,0,0,1,5
540.0,2025-12-01T09:00:00+00:00,2,0,2,0,2,0,2,0,1,8
600.0,2025-12-01T10:00:00+00:00,2,0,4,0,2,3,0,0,1,11
660.0,2025-12-01T11:00:00+00:00,4,0,0,0,4,0,2,0,2,10
720.0,2025-12-01T12:00:00+00:00,4,0,8,0,4,0,0,0,2,16
780.0,2025-12-01T13:00:00+00:00,2,0,15,0,4,0,0,0,2,21
840.0,2025-12-01T14:00:00+00:00,2,2,1,0,17,2,0,2,2,26
900.0,2025-12-01T15:00:00+00:00,4,2,7,0,17,0,2,0,2,32
960.0,2025-12-01T16:00:00+00:00,4,2,7,0,17,0,0,0,2,30
1020.0,2025-12-01T17:00:00+00:00,2,2,7,0,17,0,0,0,2,28
1080.0,2025-12-01T18:00:00+00:00,2,2,13,0,15,2,0,0,2,34
1140.0,2025-12-01T19:00:00+00:00,4,4,19,0,18,1,2,2,1,50
1200.0,2025-12-01T20:00:00+00:00,4,4,19,0,16,6,0,0,2,49
1260.0,2025-12-01T21:00:00+00:00,6,4,19,0,14,6,2,2,2,53
1320.0,2025-12-01T22:00:00+00:00,6,4,19,0,14,8,0,0,2,51
1380.0,2025-12-01T23:00:00+00:00,6,6,19,0,8,10,0,2,2,51
1440.0,2025-12-02T00:00:00+00:00,8,6,7,0,18,6,2,0,2,47
1500.0,2025-12-02T01:00:00+00:00,8,8,16,0,15,9,0,2,2,58
1560.0,2025-12-02T02:00:00+00:00,6,6,23,0,15,9,2,0,2,61
1620.0,2025-12-02T03:00:00+00:00,6,6,23,3,18,14,0,0,2,70
1680.0,2025-12-02T04:00:00+00:00,8,8,23,3,16,5,2,2,2,67
1740.0,2025-12-02T05:00:00+00:00,8,8,21,5,18,6,0,0,2,66
1800.0,2025-12-02T06:00:00+00:00,8,10,22,5,14,8,0,2,2,69
1860.0,2025-12-02T07:00:00+00:00,4,6,24,5,14,8,0,0,2,61
1920.0,2025-12-02T08:00:00+00:00,6,6,24,0,21,2,2,0,2,61
1980.0,2025-12-02T09:00:00+00:00,6,8,24,3,21,2,0,2,2,66
2040.0,2025-12-02T10:00:00+00:00,8,8,24,3,15,8,2,0,2,68
2100.0,2025-12-02T11:00:00+00:00,4,6,24,3,15,8,0,2,2,62
2160.0,2025-12-02T12:00:00+00:00,4,6,24,24,12,13,0,0,2,83
2220.0,2025-12-02T13:00:00+00:00,6,6,13,24,20,13,2,0,2,84
2280.0,2025-12-02T14:00:00+00:00,4,4,16,24,19,8,0,2,2,77
2340.0,2025-12-02T15:00:00+00:00,5,4,24,24,16,2,1,0,2,76
2400.0,2025-12-02T16:00:00+00:00,1,4,24,20,17,3,0,2,2,71
2460.0,2025-12-02T17:00:00+00:00,3,4,24,20,17,3,2,0,2,73
2520.0,2025-12-02T18:00:00+00:00,3,4,24,24,17,3,0,0,2,75
2580.0,2025-12-02T19:00:00+00:00,3,4,24,24,17,3,0,0,2,75
2640.0,2025-12-02T20:00:00+00:00,3,6,22,22,18,5,0,2,2,78
2700.0,2025-12-02T21:00:00+00:00,4,4,24,24,18,5,2,0,2,81
2760.0,2025-12-02T22:00:00+00:00,4,4,24,24,18,5,0,0,2,79
2820.0,2025-12-02T23:00:00+00:00,6,6,24,16,20,10,2,2,2,86
2880.0,2025-12-03T00:00:00+00:00,6,6,24,21,20,5,0,0,2,82
2940.0,2025-12-03T01:00:00+00:00,4,6,24,23,14,10,0,2,2,83
3000.0,2025-12-03T02:00:00+00:00,6,6,24,23,14,10,2,0,2,85
3060.0,2025-12-03T03:00:00+00:00,6,6,24,24,14,10,0,0,2,84
3120.0,2025-12-03T04:00:00+00:00,6,6,19,24,17,13,0,0,2,85
3180.0,2025-12-03T05:00:00+00:00,6,8,19,20,18,6,0,2,2,79
3240.0,2025-12-03T06:00:00+00:00,4,4,24,24,18,6,2,0,2,82
3300.0,2025-12-03T07:00:00+00:00,4,4,24,24,18,8,0,0,2,82
3360.0,2025-12-03T08:00:00+00:00,4,6,18,24,21,11,0,2,2,86
3420.0,2025-12-03T09:00:00+00:00,6,6,24,24,21,5,2,0,2,88
3480.0,2025-12-03T10:00:00+00:00,4,4,24,24,21,5,0,0,2,82
3540.0,2025-12-03T11:00:00+00:00,4,4,24,23,17,1,0,0,2,73
3600.0,2025-12-03T12:00:00+00:00,6,6,24,24,17,1,2,2,2,82
3660.0,2025-12-03T13:00:00+00:00,4,2,24,24,17,1,0,0,2,72
3720.0,2025-12-03T14:00:00+00:00,4,2,24,24,11,7,0,0,2,72
3780.0,2025-12-03T15:00:00+00:00,6,4,15,24,21,5,2,2,2,79
3840.0,2025-12-03T16:00:00+00:00,4,4,15,24,21,5,0,0,2,73
3900.0,2025-12-03T17:00:00+00:00,4,4,15,23,21,8,0,0,2,75
3960.0,2025-12-03T18:00:00+00:00,6,6,22,23,18,5,2,2,2,84
4020.0,2025-12-03T19:00:00+00:00,6,6,24,24,18,5,0,0,2,83
4080.0,2025-12-03T20:00:00+00:00,4,4,24,24,18,5,0,0,2,79
4140.0,2025-12-03T21:00:00+00:00,4,4,24,24,13,9,0,0,2,78
4200.0,2025-12-03T22:00:00+00:00,4,4,16,24,21,3,2,2,2,76
4260.0,2025-12-03T23:00:00+00:00,4,4,16,24,19,2,0,0,2,69
4320.0,2025-12-04T00:00:00+00:00,2,2,16,23,18,4,0,0,2,65
4380.0,2025-12-04T01:00:00+00:00,4,4,21,23,18,4,2,2,0,78
4440.0,2025-12-04T02:00:00+00:00,4,6,21,23,17,1,0,2,2,74
4500.0,2025-12-04T03:00:00+00:00,2,4,24,24,15,3,0,0,2,72
4560.0,2025-12-04T04:00:00+00:00,2,4,24,24,13,5,0,0,2,72
4620.0,2025-12-04T05:00:00+00:00,4,6,24,24,13,5,2,2,2,80
4680.0,2025-12-04T06:00:00+00:00,4,6,24,24,20,1,0,0,2,79
4740.0,2025-12-04T07:00:00+00:00,2,4,24,24,20,1,0,0,2,75
4800.0,2025-12-04T08:00:00+00:00,4,4,24,24,17,5,2,0,2,80
4860.0,2025-12-04T09:00:00+00:00,4,6,24,24,17,5,0,2,2,82
4920.0,2025-12-04T10:00:00+00:00,4,6,24,24,17,5,0,0,2,80
4980.0,2025-12-04T11:00:00+00:00,4,6,22,21,18,5,0,0,2,76
5040.0,2025-12-04T12:00:00+00:00,6,8,24,24,18,5,2,2,1,89
5100.0,2025-12-04T13:00:00+00:00,6,6,24,24,15,8,2,0,2,85
5160.0,2025-12-04T14:00:00+00:00,6,7,24,24,14,10,0,2,2,87
5220.0,2025-12-04T15:00:00+00:00,6,7,24,24,14,10,0,0,2,85
5280.0,2025-12-04T16:00:00+00:00,6,7,24,18,18,13,0,0,2,86
5340.0,2025-12-04T17:00:00+00:00,8,9,21,18,18,4,2,2,1,82
5400.0,2025-12-04T18:00:00+00:00,4,4,24,24,15,6,0,0,2,77
5460.0,2025-12-04T19:00:00+00:00,6,6,24,24,13,8,2,2,2,85
5520.0,2025-12-04T20:00:00+00:00,6,6,24,24,12,12,0,0,2,84
5580.0,2025-12-04T21:00:00+00:00,6,6,24,24,12,12,0,0,2,84
5640.0,2025-12-04T22:00:00+00:00,8,8,22,15,20,13,2,2,2,90
5700.0,2025-12-04T23:00:00+00:00,8,8,22,15,20,5,0,0,2,78
5760.0,2025-12-05T00:00:00+00:00,5,4,24,24,16,9,2,0,2,84
5820.0,2025-12-05T01:00:00+00:00,5,6,24,24,16,9,0,2,2,86
5880.0,2025-12-05T02:00:00+00:00,5,6,24,24,16,9,0,0,2,84
5940.0,2025-12-05T03:00:00+00:00,5,6,24,24,17,11,0,0,2,87
6000.0,2025-12-05T04:00:00+00:00,7,8,24,19,20,3,2,2,1,85
6060.0,2025-12-05T05:00:00+00:00,7,8,24,19,17,6,0,0,2,81
6120.0,2025-12-05T06:00:00+00:00,6,6,24,23,15,8,2,2,2,86
6180.0,2025-12-05T07:00:00+00:00,6,6,24,23,15,8,0,0,2,82
6240.0,2025-12-05T08:00:00+00:00,8,6,24,23,11,13,2,0,2,87
6300.0,2025-12-05T09:00:00+00:00,4,4,15,23,20,5,0,2,2,73
6360.0,2025-12-05T10:00:00+00:00,4,4,15,23,17,1,0,0,2,64
6420.0,2025-12-05T11:00:00+00:00,2,2,15,21,20,1,0,0,2,61
6480.0,2025-12-05T12:00:00+00:00,4,2,23,21,17,4,2,0,2,73
6540.0,2025-12-05T13:00:00+00:00,4,4,23,21,17,4,0,2,2,75
6600.0,2025-12-05T14:00:00+00:00,4,4,24,24,17,4,0,0,2,77
6660.0,2025-12-05T15:00:00+00:00,4,4,22,21,18,5,0,0,2,74
6720.0,2025-12-05T16:00:00+00:00,4,4,24,24,18,5,2,2,1,83
6780.0,2025-12-05T17:00:00+00:00,6,4,24,24,16,7,2,0,2,83
6840.0,2025-12-05T18:00:00+00:00,6,4,24,24,14,9,0,0,2,81
6900.0,2025-12-05T19:00:00+00:00,6,4,24,24,14,9,0,0,2,81
6960.0,2025-12-05T20:00:00+00:00,6,6,18,22,20,4,0,2,2,78
7020.0,2025-12-05T21:00:00+00:00,8,6,20,22,20,4,2,0,2,82
7080.0,2025-12-05T22:00:00+00:00,4,6,20,22,13,9,0,2,2,76
7140.0,2025-12-05T23:00:00+00:00,6,6,20,22,11,12,2,0,2,79
7200.0,2025-12-06T00:00:00+00:00,6,6,24,24,11,12,0,0,2,83
7260.0,2025-12-06T01:00:00+00:00,6,6,15,24,20,6,0,0,2,77
7320.0,2025-12-06T02:00:00+00:00,4,4,15,23,18,0,2,2,1,68
7380.0,2025-12-06T03:00:00+00:00,2,2,22,23,13,5,0,0,2,67
7440.0,2025-12-06T04:00:00+00:00,4,4,22,23,13,5,2,2,2,75
7500.0,2025-12-06T05:00:00+00:00,4,4,22,23,13,5,0,0,2,71
7560.0,2025-12-06T06:00:00+00:00,4,4,22,23,13,5,0,0,2,71
7620.0,2025-12-06T07:00:00+00:00,4,6,17,16,20,10,0,2,2,75
7680.0,2025-12-06T08:00:00+00:00,6,6,17,16,20,5,2,0,2,72
7740.0,2025-12-06T09:00:00+00:00,4,6,17,16,14,10,0,2,2,69
7800.0,2025-12-06T10:00:00+00:00,6,6,17,16,14,10,2,0,2,71
7860.0,2025-12-06T11:00:00+00:00,6,6,17,16,14,10,0,0,2,69
7920.0,2025-12-06T12:00:00+00:00,6,6,18,16,20,10,0,0,2,76
7980.0,2025-12-06T13:00:00+00:00,6,8,24,17,17,5,0,2,2,79
8040.0,2025-12-06T14:00:00+00:00,4,4,24,17,17,5,2,0,2,73
8100.0,2025-12-06T15:00:00+00:00,4,3,24,24,17,8,0,0,2,80
8160.0,2025-12-06T16:00:00+00:00,4,5,16,24,21,10,0,2,2,82
8220.0,2025-12-06T17:00:00+00:00,6,5,16,24,21,4,2,0,2,78
8280.0,2025-12-06T18:00:00+00:00,4,4,24,24,21,4,0,0,2,81
8340.0,2025-12-06T19:00:00+00:00,4,4,24,23,18,0,0,0,2,73
8400.0,2025-12-06T20:00:00+00:00,2,2,24,24,18,0,2,2,0,74
8460.0,2025-12-06T21:00:00+00:00,2,4,24,24,15,5,0,2,2,76
8520.0,2025-12-06T22:00:00+00:00,2,4,24,24,13,5,0,0,2,72
8580.0,2025-12-06T23:00:00+00:00,2,4,24,24,13,5,0,0,2,72
8640.0,2025-12-07T00:00:00+00:00,4,6,23,23,17,5,2,2,2,82
8700.0,2025-12-07T01:00:00+00:00,4,4,23,23,17,5,0,0,2,76
8760.0,2025-12-07T02:00:00+00:00,4,4,23,23,17,5,0,0,2,76
8820.0,2025-12-07T03:00:00+00:00,6,4,14,23,20,5,2,0,2,74
8880.0,2025-12-07T04:00:00+00:00,6,6,14,23,20,8,0,2,2,79
8940.0,2025-12-07T05:00:00+00:00,8,6,14,23,14,11,2,0,2,78
9000.0,2025-12-07T06:00:00+00:00,6,6,14,23,14,11,0,2,2,76
9060.0,2025-12-07T07:00:00+00:00,6,6,14,23,12,5,0,0,2,66
9120.0,2025-12-07T08:00:00+00:00,4,2,24,15,17,5,2,0,2,69
9180.0,2025-12-07T09:00:00+00:00,4,4,24,15,17,5,0,2,2,71
9240.0,2025-12-07T10:00:00+00:00,5,4,24,23,16,11,1,0,2,84
9300.0,2025-12-07T11:00:00+00:00,5,4,17,23,20,11,0,0,2,80
9360.0,2025-12-07T12:00:00+00:00,5,6,20,23,17,12,0,2,2,85
9420.0,2025-12-07T13:00:00+00:00,7,6,22,20,17,9,2,0,2,83
9480.0,2025-12-07T14:00:00+00:00,5,6,24,24,14,12,0,2,2,87
9540.0,2025-12-07T15:00:00+00:00,0,2,24,24,14,3,0,0,2,67
9600.0,2025-12-07T16:00:00+00:00,2,4,24,24,12,3,2,2,2,73
9660.0,2025-12-07T17:00:00+00:00,2,4,15,24,18,2,0,0,2,65
9720.0,2025-12-07T18:00:00+00:00,4,2,18,24,16,5,2,0,2,71
9780.0,2025-12-07T19:00:00+00:00,4,4,18,20,19,2,0,2,2,69
9840.0,2025-12-07T20:00:00+00:00,2,4,21,20,19,2,0,0,2,68
9900.0,2025-12-07T21:00:00+00:00,2,4,24,24,14,7,0,0,2,75
9960.0,2025-12-07T22:00:00+00:00,4,4,17,24,20,4,2,2,0,77
10020.0,2025-12-07T23:00:00+00:00,4,4,17,24,14,5,0,0,2,68
10080.0,2025-12-08T00:00:00+00:00,4,4,24,24,14,5,2,2,2,79
10140.0,2025-12-08T01:00:00+00:00,4,4,24,24,14,5,0,0,2,75
10200.0,2025-12-08T02:00:00+00:00,6,4,24,24,10,11,2,0,2,81
10260.0,2025-12-08T03:00:00+00:00,4,4,24,21,20,5,0,2,2,80
10320.0,2025-12-08T04:00:00+00:00,2,2,24,21,16,4,0,0,2,69
10380.0,2025-12-08T05:00:00+00:00,4,3,24,21,16,4,2,1,2,75
10440.0,2025-12-08T06:00:00+00:00,2,3,24,24,15,6,0,0,2,74
10500.0,2025-12-08T07:00:00+00:00,3,4,24,24,15,6,2,2,2,80
10560.0,2025-12-08T08:00:00+00:00,4,4,24,20,20,6,0,0,2,78
10620.0,2025-12-08T09:00:00+00:00,6,4,24,24,15,10,2,0,2,85
10680.0,2025-12-08T10:00:00+00:00,6,6,20,24,19,8,0,2,2,85
10740.0,2025-12-08T11:00:00+00:00,8,5,20,24,15,12,2,0,2,86
10800.0,2025-12-08T12:00:00+00:00,8,7,24,24,15,14,0,2,2,94
10860.0,2025-12-08T13:00:00+00:00,8,7,24,24,14,14,0,0,2,91
10920.0,2025-12-08T14:00:00+00:00,2,4,24,18,20,6,0,0,2,74
10980.0,2025-12-08T15:00:00+00:00,4,6,24,24,20,6,2,2,2,88
11040.0,2025-12-08T16:00:00+00:00,2,2,24,24,18,1,0,0,2,71
11100.0,2025-12-08T17:00:00+00:00,2,2,24,24,15,2,2,0,2,71
11160.0,2025-12-08T18:00:00+00:00,4,4,24,19,17,2,2,2,2,74
11220.0,2025-12-08T19:00:00+00:00,4,4,24,19,17,2,0,0,2,70
11280.0,2025-12-08T20:00:00+00:00,4,2,21,24,18,5,0,0,2,74
11340.0,2025-12-08T21:00:00+00:00,4,4,21,24,15,0,0,2,2,70
11400.0,2025-12-08T22:00:00+00:00,6,4,21,24,15,0,2,0,2,72
11460.0,2025-12-08T23:00:00+00:00,2,2,21,24,15,0,0,0,2,64
11520.0,2025-12-09T00:00:00+00:00,2,2,21,20,14,5,0,0,2,64
11580.0,2025-12-09T01:00:00+00:00,4,4,24,24,14,5,2,2,2,79
11640.0,2025-12-09T02:00:00+00:00,4,4,24,24,14,5,0,0,2,75
11700.0,2025-12-09T03:00:00+00:00,4,4,17,24,14,11,0,0,2,74
11760.0,2025-12-09T04:00:00+00:00,6,4,24,19,20,1,2,2,1,78
11820.0,2025-12-09T05:00:00+00:00,3,4,24,19,18,4,0,2,2,74
11880.0,2025-12-09T06:00:00+00:00,3,4,24,20,15,7,0,0,2,73
11940.0,2025-12-09T07:00:00+00:00,5,4,24,20,13,10,2,0,2,78
12000.0,2025-12-09T08:00:00+00:00,5,4,24,20,13,10,0,0,2,76
12060.0,2025-12-09T09:00:00+00:00,5,6,24,20,19,12,0,2,2,88
12120.0,2025-12-09T10:00:00+00:00,4,4,24,19,17,7,2,0,2,77
12180.0,2025-12-09T11:00:00+00:00,4,6,24,19,15,3,0,2,2,73
12240.0,2025-12-09T12:00:00+00:00,2,4,24,24,15,3,0,0,2,72
12300.0,2025-12-09T13:00:00+00:00,2,4,24,24,12,6,0,0,2,72
12360.0,2025-12-09T14:00:00+00:00,4,6,16,24,21,2,2,2,2,77
12420.0,2025-12-09T15:00:00+00:00,2,4,21,24,21,2,0,0,2,74
12480.0,2025-12-09T16:00:00+00:00,2,4,21,23,19,7,0,0,2,76
12540.0,2025-12-09T17:00:00+00:00,4,6,21,23,17,4,2,2,2,79
12600.0,2025-12-09T18:00:00+00:00,4,4,23,24,17,4,0,0,2,76
12660.0,2025-12-09T19:00:00+00:00,4,4,23,24,11,9,0,0,2,75
12720.0,2025-12-09T20:00:00+00:00,6,6,15,24,20,4,2,2,2,79
12780.0,2025-12-09T21:00:00+00:00,6,6,23,24,20,4,0,0,2,83
12840.0,2025-12-09T22:00:00+00:00,4,4,24,24,20,4,0,0,2,80
12900.0,2025-12-09T23:00:00+00:00,3,2,24,23,16,4,2,0,2,74
12960.0,2025-12-10T00:00:00+00:00,3,4,24,24,16,4,0,2,2,77
13020.0,2025-12-10T01:00:00+00:00,3,4,24,24,16,4,0,0,2,75
13080.0,2025-12-10T02:00:00+00:00,3,4,20,19,20,9,0,0,2,75
13140.0,2025-12-10T03:00:00+00:00,4,4,23,19,20,5,2,2,0,79
13200.0,2025-12-10T04:00:00+00:00,4,3,24,23,15,5,2,0,2,76
13260.0,2025-12-10T05:00:00+00:00,4,5,24,23,15,5,0,2,2,78
13320.0,2025-12-10T06:00:00+00:00,4,5,24,23,15,5,0,0,2,76
13380.0,2025-12-10T07:00:00+00:00,4,5,22,18,18,5,0,0,2,72
13440.0,2025-12-10T08:00:00+00:00,6,7,24,19,18,5,2,2,1,83
13500.0,2025-12-10T09:00:00+00:00,6,5,24,22,15,8,2,0,2,82
13560.0,2025-12-10T10:00:00+00:00,6,7,24,22,13,10,0,2,2,84
13620.0,2025-12-10T11:00:00+00:00,6,7,24,22,13,10,0,0,2,82
13680.0,2025-12-10T12:00:00+00:00,6,7,17,24,20,10,0,0,2,84
13740.0,2025-12-10T13:00:00+00:00,6,7,17,23,15,10,2,2,2,82
13800.0,2025-12-10T14:00:00+00:00,6,7,17,23,15,10,0,0,2,78
13860.0,2025-12-10T15:00:00+00:00,6,7,17,23,15,10,0,0,2,78
13920.0,2025-12-10T16:00:00+00:00,8,7,15,18,18,13,2,0,2,81
13980.0,2025-12-10T17:00:00+00:00,6,8,15,18,18,13,0,2,2,80
14040.0,2025-12-10T18:00:00+00:00,6,8,15,18,18,13,0,0,2,78
14100.0,2025-12-10T19:00:00+00:00,6,6,21,18,12,15,0,0,2,78
14160.0,2025-12-10T20:00:00+00:00,8,8,21,10,20,12,2,2,1,83
14220.0,2025-12-10T21:00:00+00:00,8,8,23,14,18,15,2,0,2,88
14280.0,2025-12-10T22:00:00+00:00,8,8,23,14,15,15,0,0,2,83
14340.0,2025-12-10T23:00:00+00:00,8,8,23,14,15,15,0,2,2,85
