timestamp,datetime,change_type,total_locomotives,busy_before,busy_after,available_before,available_after,utilization_before_percent,utilization_after_percent
360.0,2025-12-01T06:00:00+00:00,allocated,2,0,1,2,1,0.0,50.0
485.0,2025-12-01T08:05:00+00:00,allocated,2,1,2,1,0,50.0,100.0
499.0,2025-12-01T08:19:00+00:00,released,2,2,1,0,1,100.0,50.0
499.0,2025-12-01T08:19:00+00:00,allocated,2,1,2,1,0,50.0,100.0
511.0,2025-12-01T08:31:00+00:00,released,2,2,1,0,1,100.0,50.0
566.5,2025-12-01T09:26:30+00:00,allocated,2,1,2,1,0,50.0,100.0
583.5,2025-12-01T09:43:30+00:00,released,2,2,1,0,1,100.0,50.0
623.5,2025-12-01T10:23:30+00:00,allocated,2,1,2,1,0,50.0,100.0
638.0,2025-12-01T10:38:00+00:00,released,2,2,1,0,1,100.0,50.0
638.0,2025-12-01T10:38:00+00:00,allocated,2,2,2,0,0,100.0,100.0
664.0,2025-12-01T11:04:00+00:00,released,2,2,1,0,1,100.0,50.0
664.0,2025-12-01T11:04:00+00:00,allocated,2,2,2,0,0,100.0,100.0
812.0,2025-12-01T13:32:00+00:00,released,2,2,1,0,1,100.0,50.0
812.0,2025-12-01T13:32:00+00:00,allocated,2,2,2,0,0,100.0,100.0
819.0,2025-12-01T13:39:00+00:00,released,2,2,1,0,1,100.0,50.0
819.0,2025-12-01T13:39:00+00:00,allocated,2,2,2,0,0,100.0,100.0
829.0,2025-12-01T13:49:00+00:00,released,2,2,1,0,1,100.0,50.0
829.0,2025-12-01T13:49:00+00:00,allocated,2,1,2,1,0,50.0,100.0
845.0,2025-12-01T14:05:00+00:00,released,2,2,1,0,1,100.0,50.0
845.0,2025-12-01T14:05:00+00:00,allocated,2,2,2,0,0,100.0,100.0
855.0,2025-12-01T14:15:00+00:00,released,2,2,1,0,1,100.0,50.0
870.0,2025-12-01T14:30:00+00:00,allocated,2,1,2,1,0,50.0,100.0
1058.5,2025-12-01T17:38:30+00:00,released,2,2,1,0,1,100.0,50.0
1058.5,2025-12-01T17:38:30+00:00,allocated,2,2,2,0,0,100.0,100.0
1075.5,2025-12-01T17:55:30+00:00,released,2,2,1,0,1,100.0,50.0
1075.5,2025-12-01T17:55:30+00:00,allocated,2,2,2,0,0,100.0,100.0
1088.0,2025-12-01T18:08:00+00:00,released,2,2,1,0,1,100.0,50.0
1088.0,2025-12-01T18:08:00+00:00,allocated,2,2,2,0,0,100.0,100.0
1092.5,2025-12-01T18:12:30+00:00,released,2,2,1,0,1,100.0,50.0
1092.5,2025-12-01T18:12:30+00:00,allocated,2,1,2,1,0,50.0,100.0
1114.0,2025-12-01T18:34:00+00:00,released,2,2,1,0,1,100.0,50.0
1117.5,2025-12-01T18:37:30+00:00,allocated,2,1,2,1,0,50.0,100.0
1118.5,2025-12-01T18:38:30+00:00,released,2,2,1,0,1,100.0,50.0
1169.5,2025-12-01T19:29:30+00:00,allocated,2,1,2,1,0,50.0,100.0
1186.5,2025-12-01T19:46:30+00:00,released,2,2,1,0,1,100.0,50.0
1186.5,2025-12-01T19:46:30+00:00,allocated,2,2,2,0,0,100.0,100.0
1203.5,2025-12-01T20:03:30+00:00,released,2,2,1,0,1,100.0,50.0
1203.5,2025-12-01T20:03:30+00:00,allocated,2,2,2,0,0,100.0,100.0
1229.5,2025-12-01T20:29:30+00:00,released,2,2,1,0,1,100.0,50.0
1229.5,2025-12-01T20:29:30+00:00,allocated,2,2,2,0,0,100.0,100.0
1255.5,2025-12-01T20:55:30+00:00,released,2,2,1,0,1,100.0,50.0
1255.5,2025-12-01T20:55:30+00:00,allocated,2,2,2,0,0,100.0,100.0
1306.0,2025-12-01T21:46:00+00:00,released,2,2,1,0,1,100.0,50.0
1306.0,2025-12-01T21:46:00+00:00,allocated,2,2,2,0,0,100.0,100.0
1323.0,2025-12-01T22:03:00+00:00,released,2,2,1,0,1,100.0,50.0
1323.0,2025-12-01T22:03:00+00:00,allocated,2,2,2,0,0,100.0,100.0
1340.0,2025-12-01T22:20:00+00:00,released,2,2,1,0,1,100.0,50.0
1340.0,2025-12-01T22:20:00+00:00,allocated,2,2,2,0,0,100.0,100.0
1366.0,2025-12-01T22:46:00+00:00,released,2,2,1,0,1,100.0,50.0
1366.0,2025-12-01T22:46:00+00:00,allocated,2,2,2,0,0,100.0,100.0
1392.0,2025-12-01T23:12:00+00:00,released,2,2,1,0,1,100.0,50.0
1392.0,2025-12-01T23:12:00+00:00,allocated,2,2,2,0,0,100.0,100.0
1418.5,2025-12-01T23:38:30+00:00,released,2,2,1,0,1,100.0,50.0
1421.5,2025-12-01T23:41:30+00:00,allocated,2,1,2,1,0,50.0,100.0
1438.5,2025-12-01T23:58:30+00:00,released,2,2,1,0,1,100.0,50.0
1438.5,2025-12-01T23:58:30+00:00,allocated,2,1,2,1,0,50.0,100.0
1464.5,2025-12-02T00:24:30+00:00,released,2,2,1,0,1,100.0,50.0
1464.5,2025-12-02T00:24:30+00:00,allocated,2,2,2,0,0,100.0,100.0
1481.5,2025-12-02T00:41:30+00:00,released,2,2,1,0,1,100.0,50.0
1481.5,2025-12-02T00:41:30+00:00,allocated,2,1,2,1,0,50.0,100.0
1507.5,2025-12-02T01:07:30+00:00,released,2,2,1,0,1,100.0,50.0
1507.5,2025-12-02T01:07:30+00:00,allocated,2,2,2,0,0,100.0,100.0
1586.5,2025-12-02T02:26:30+00:00,released,2,2,1,0,1,100.0,50.0
1586.5,2025-12-02T02:26:30+00:00,allocated,2,2,2,0,0,100.0,100.0
1603.5,2025-12-02T02:43:30+00:00,released,2,2,1,0,1,100.0,50.0
1603.5,2025-12-02T02:43:30+00:00,allocated,2,2,2,0,0,100.0,100.0
1620.5,2025-12-02T03:00:30+00:00,released,2,2,1,0,1,100.0,50.0
1620.5,2025-12-02T03:00:30+00:00,allocated,2,2,2,0,0,100.0,100.0
1646.5,2025-12-02T03:26:30+00:00,released,2,2,1,0,1,100.0,50.0
1646.5,2025-12-02T03:26:30+00:00,allocated,2,2,2,0,0,100.0,100.0
1672.5,2025-12-02T03:52:30+00:00,released,2,2,1,0,1,100.0,50.0
1672.5,2025-12-02T03:52:30+00:00,allocated,2,2,2,0,0,100.0,100.0
1702.5,2025-12-02T04:22:30+00:00,released,2,2,1,0,1,100.0,50.0
1702.5,2025-12-02T04:22:30+00:00,allocated,2,2,2,0,0,100.0,100.0
1719.5,2025-12-02T04:39:30+00:00,released,2,2,1,0,1,100.0,50.0
1719.5,2025-12-02T04:39:30+00:00,allocated,2,2,2,0,0,100.0,100.0
1719.5,2025-12-02T04:39:30+00:00,released,2,2,1,0,1,100.0,50.0
1719.5,2025-12-02T04:39:30+00:00,allocated,2,1,2,1,0,50.0,100.0
1745.5,2025-12-02T05:05:30+00:00,released,2,2,1,0,1,100.0,50.0
1745.5,2025-12-02T05:05:30+00:00,allocated,2,2,2,0,0,100.0,100.0
1762.5,2025-12-02T05:22:30+00:00,released,2,2,1,0,1,100.0,50.0
1762.5,2025-12-02T05:22:30+00:00,allocated,2,2,2,0,0,100.0,100.0
1870.0,2025-12-02T07:10:00+00:00,released,2,2,1,0,1,100.0,50.0
1870.0,2025-12-02T07:10:00+00:00,allocated,2,2,2,0,0,100.0,100.0
1887.0,2025-12-02T07:27:00+00:00,released,2,2,1,0,1,100.0,50.0
1887.0,2025-12-02T07:27:00+00:00,allocated,2,2,2,0,0,100.0,100.0
1909.5,2025-12-02T07:49:30+00:00,released,2,2,1,0,1,100.0,50.0
1909.5,2025-12-02T07:49:30+00:00,allocated,2,2,2,0,0,100.0,100.0
1913.0,2025-12-02T07:53:00+00:00,released,2,2,1,0,1,100.0,50.0
1913.0,2025-12-02T07:53:00+00:00,allocated,2,2,2,0,0,100.0,100.0
1935.5,2025-12-02T08:15:30+00:00,released,2,2,1,0,1,100.0,50.0
1968.5,2025-12-02T08:48:30+00:00,allocated,2,1,2,1,0,50.0,100.0
1985.5,2025-12-02T09:05:30+00:00,released,2,2,1,0,1,100.0,50.0
1985.5,2025-12-02T09:05:30+00:00,allocated,2,1,2,1,0,50.0,100.0
2011.5,2025-12-02T09:31:30+00:00,released,2,2,1,0,1,100.0,50.0
2011.5,2025-12-02T09:31:30+00:00,allocated,2,2,2,0,0,100.0,100.0
2028.5,2025-12-02T09:48:30+00:00,released,2,2,1,0,1,100.0,50.0
2028.5,2025-12-02T09:48:30+00:00,allocated,2,1,2,1,0,50.0,100.0
2054.5,2025-12-02T10:14:30+00:00,released,2,2,1,0,1,100.0,50.0
2054.5,2025-12-02T10:14:30+00:00,allocated,2,2,2,0,0,100.0,100.0
2110.5,2025-12-02T11:10:30+00:00,released,2,2,1,0,1,100.0,50.0
2110.5,2025-12-02T11:10:30+00:00,allocated,2,2,2,0,0,100.0,100.0
2127.5,2025-12-02T11:27:30+00:00,released,2,2,1,0,1,100.0,50.0
2127.5,2025-12-02T11:27:30+00:00,allocated,2,2,2,0,0,100.0,100.0
2144.5,2025-12-02T11:44:30+00:00,released,2,2,1,0,1,100.0,50.0
2144.5,2025-12-02T11:44:30+00:00,allocated,2,2,2,0,0,100.0,100.0
2170.5,2025-12-02T12:10:30+00:00,released,2,2,1,0,1,100.0,50.0
2170.5,2025-12-02T12:10:30+00:00,allocated,2,2,2,0,0,100.0,100.0
2201.5,2025-12-02T12:41:30+00:00,released,2,2,1,0,1,100.0,50.0
2201.5,2025-12-02T12:41:30+00:00,allocated,2,2,2,0,0,100.0,100.0
2227.5,2025-12-02T13:07:30+00:00,released,2,2,1,0,1,100.0,50.0
2227.5,2025-12-02T13:07:30+00:00,allocated,2,2,2,0,0,100.0,100.0
2244.5,2025-12-02T13:24:30+00:00,released,2,2,1,0,1,100.0,50.0
2244.5,2025-12-02T13:24:30+00:00,allocated,2,2,2,0,0,100.0,100.0
2349.5,2025-12-02T15:09:30+00:00,released,2,2,1,0,1,100.0,50.0
2349.5,2025-12-02T15:09:30+00:00,allocated,2,2,2,0,0,100.0,100.0
2366.5,2025-12-02T15:26:30+00:00,released,2,2,1,0,1,100.0,50.0
2366.5,2025-12-02T15:26:30+00:00,allocated,2,2,2,0,0,100.0,100.0
2387.5,2025-12-02T15:47:30+00:00,released,2,2,1,0,1,100.0,50.0
2387.5,2025-12-02T15:47:30+00:00,allocated,2,2,2,0,0,100.0,100.0
2413.5,2025-12-02T16:13:30+00:00,released,2,2,1,0,1,100.0,50.0
2439.0,2025-12-02T16:39:00+00:00,released,2,1,0,1,2,50.0,0.0
2439.0,2025-12-02T16:39:00+00:00,allocated,2,0,1,2,1,0.0,50.0
2442.5,2025-12-02T16:42:30+00:00,allocated,2,1,2,1,0,50.0,100.0
2459.0,2025-12-02T16:59:00+00:00,released,2,2,1,0,1,100.0,50.0
2459.0,2025-12-02T16:59:00+00:00,allocated,2,1,2,1,0,50.0,100.0
2485.0,2025-12-02T17:25:00+00:00,released,2,2,1,0,1,100.0,50.0
2485.0,2025-12-02T17:25:00+00:00,allocated,2,2,2,0,0,100.0,100.0
2502.0,2025-12-02T17:42:00+00:00,released,2,2,1,0,1,100.0,50.0
2502.0,2025-12-02T17:42:00+00:00,allocated,2,2,2,0,0,100.0,100.0
2636.5,2025-12-02T19:56:30+00:00,released,2,2,1,0,1,100.0,50.0
2636.5,2025-12-02T19:56:30+00:00,allocated,2,2,2,0,0,100.0,100.0
2653.5,2025-12-02T20:13:30+00:00,released,2,2,1,0,1,100.0,50.0
2653.5,2025-12-02T20:13:30+00:00,allocated,2,2,2,0,0,100.0,100.0
2679.5,2025-12-02T20:39:30+00:00,released,2,2,1,0,1,100.0,50.0
2679.5,2025-12-02T20:39:30+00:00,allocated,2,2,2,0,0,100.0,100.0
2689.0,2025-12-02T20:49:00+00:00,released,2,2,1,0,1,100.0,50.0
2689.0,2025-12-02T20:49:00+00:00,allocated,2,2,2,0,0,100.0,100.0
2705.5,2025-12-02T21:05:30+00:00,released,2,2,1,0,1,100.0,50.0
2705.5,2025-12-02T21:05:30+00:00,allocated,2,2,2,0,0,100.0,100.0
2820.0,2025-12-02T23:00:00+00:00,released,2,2,1,0,1,100.0,50.0
2820.0,2025-12-02T23:00:00+00:00,allocated,2,2,2,0,0,100.0,100.0
2837.0,2025-12-02T23:17:00+00:00,released,2,2,1,0,1,100.0,50.0
2837.0,2025-12-02T23:17:00+00:00,allocated,2,2,2,0,0,100.0,100.0
2854.0,2025-12-02T23:34:00+00:00,released,2,2,1,0,1,100.0,50.0
2854.0,2025-12-02T23:34:00+00:00,allocated,2,2,2,0,0,100.0,100.0
2880.0,2025-12-03T00:00:00+00:00,released,2,2,1,0,1,100.0,50.0
2880.0,2025-12-03T00:00:00+00:00,allocated,2,2,2,0,0,100.0,100.0
2895.5,2025-12-03T00:15:30+00:00,released,2,2,1,0,1,100.0,50.0
2895.5,2025-12-03T00:15:30+00:00,allocated,2,2,2,0,0,100.0,100.0
2906.0,2025-12-03T00:26:00+00:00,released,2,2,1,0,1,100.0,50.0
2906.0,2025-12-03T00:26:00+00:00,allocated,2,2,2,0,0,100.0,100.0
3037.0,2025-12-03T02:37:00+00:00,released,2,2,1,0,1,100.0,50.0
3037.0,2025-12-03T02:37:00+00:00,allocated,2,2,2,0,0,100.0,100.0
3054.0,2025-12-03T02:54:00+00:00,released,2,2,1,0,1,100.0,50.0
3054.0,2025-12-03T02:54:00+00:00,allocated,2,2,2,0,0,100.0,100.0
3071.0,2025-12-03T03:11:00+00:00,released,2,2,1,0,1,100.0,50.0
3071.0,2025-12-03T03:11:00+00:00,allocated,2,2,2,0,0,100.0,100.0
3074.5,2025-12-03T03:14:30+00:00,released,2,2,1,0,1,100.0,50.0
3074.5,2025-12-03T03:14:30+00:00,allocated,2,2,2,0,0,100.0,100.0
3097.0,2025-12-03T03:37:00+00:00,released,2,2,1,0,1,100.0,50.0
3097.0,2025-12-03T03:37:00+00:00,allocated,2,2,2,0,0,100.0,100.0
3100.5,2025-12-03T03:40:30+00:00,released,2,2,1,0,1,100.0,50.0
3152.5,2025-12-03T04:32:30+00:00,allocated,2,1,2,1,0,50.0,100.0
3169.5,2025-12-03T04:49:30+00:00,released,2,2,1,0,1,100.0,50.0
3169.5,2025-12-03T04:49:30+00:00,allocated,2,2,2,0,0,100.0,100.0
3186.5,2025-12-03T05:06:30+00:00,released,2,2,1,0,1,100.0,50.0
3186.5,2025-12-03T05:06:30+00:00,allocated,2,2,2,0,0,100.0,100.0
3212.5,2025-12-03T05:32:30+00:00,released,2,2,1,0,1,100.0,50.0
3212.5,2025-12-03T05:32:30+00:00,allocated,2,2,2,0,0,100.0,100.0
3238.5,2025-12-03T05:58:30+00:00,released,2,2,1,0,1,100.0,50.0
3238.5,2025-12-03T05:58:30+00:00,allocated,2,2,2,0,0,100.0,100.0
3291.5,2025-12-03T06:51:30+00:00,released,2,2,1,0,1,100.0,50.0
3291.5,2025-12-03T06:51:30+00:00,allocated,2,2,2,0,0,100.0,100.0
3308.5,2025-12-03T07:08:30+00:00,released,2,2,1,0,1,100.0,50.0
3308.5,2025-12-03T07:08:30+00:00,allocated,2,2,2,0,0,100.0,100.0
3325.5,2025-12-03T07:25:30+00:00,released,2,2,1,0,1,100.0,50.0
3325.5,2025-12-03T07:25:30+00:00,allocated,2,2,2,0,0,100.0,100.0
3393.5,2025-12-03T08:33:30+00:00,released,2,2,1,0,1,100.0,50.0
3393.5,2025-12-03T08:33:30+00:00,allocated,2,2,2,0,0,100.0,100.0
3419.5,2025-12-03T08:59:30+00:00,released,2,2,1,0,1,100.0,50.0
3419.5,2025-12-03T08:59:30+00:00,allocated,2,2,2,0,0,100.0,100.0
3445.5,2025-12-03T09:25:30+00:00,released,2,2,1,0,1,100.0,50.0
3445.5,2025-12-03T09:25:30+00:00,allocated,2,2,2,0,0,100.0,100.0
3523.0,2025-12-03T10:43:00+00:00,released,2,2,1,0,1,100.0,50.0
3523.0,2025-12-03T10:43:00+00:00,allocated,2,2,2,0,0,100.0,100.0
3540.0,2025-12-03T11:00:00+00:00,released,2,2,1,0,1,100.0,50.0
3540.0,2025-12-03T11:00:00+00:00,allocated,2,2,2,0,0,100.0,100.0
3557.0,2025-12-03T11:17:00+00:00,released,2,2,1,0,1,100.0,50.0
3557.0,2025-12-03T11:17:00+00:00,allocated,2,2,2,0,0,100.0,100.0
3583.0,2025-12-03T11:43:00+00:00,released,2,2,1,0,1,100.0,50.0
3583.0,2025-12-03T11:43:00+00:00,allocated,2,2,2,0,0,100.0,100.0
3609.0,2025-12-03T12:09:00+00:00,released,2,2,1,0,1,100.0,50.0
3609.0,2025-12-03T12:09:00+00:00,allocated,2,2,2,0,0,100.0,100.0
3616.5,2025-12-03T12:16:30+00:00,released,2,2,1,0,1,100.0,50.0
3616.5,2025-12-03T12:16:30+00:00,allocated,2,2,2,0,0,100.0,100.0
3780.0,2025-12-03T15:00:00+00:00,released,2,2,1,0,1,100.0,50.0
3780.0,2025-12-03T15:00:00+00:00,allocated,2,2,2,0,0,100.0,100.0
3797.0,2025-12-03T15:17:00+00:00,released,2,2,1,0,1,100.0,50.0
3797.0,2025-12-03T15:17:00+00:00,allocated,2,2,2,0,0,100.0,100.0
3808.0,2025-12-03T15:28:00+00:00,released,2,2,1,0,1,100.0,50.0
3808.0,2025-12-03T15:28:00+00:00,allocated,2,2,2,0,0,100.0,100.0
3814.0,2025-12-03T15:34:00+00:00,released,2,2,1,0,1,100.0,50.0
3814.0,2025-12-03T15:34:00+00:00,allocated,2,2,2,0,0,100.0,100.0
3834.0,2025-12-03T15:54:00+00:00,released,2,2,1,0,1,100.0,50.0
3834.0,2025-12-03T15:54:00+00:00,allocated,2,2,2,0,0,100.0,100.0
3860.0,2025-12-03T16:20:00+00:00,released,2,2,1,0,1,100.0,50.0
3860.0,2025-12-03T16:20:00+00:00,allocated,2,2,2,0,0,100.0,100.0
4008.5,2025-12-03T18:48:30+00:00,released,2,2,1,0,1,100.0,50.0
4008.5,2025-12-03T18:48:30+00:00,allocated,2,2,2,0,0,100.0,100.0
4025.5,2025-12-03T19:05:30+00:00,released,2,2,1,0,1,100.0,50.0
4025.5,2025-12-03T19:05:30+00:00,allocated,2,2,2,0,0,100.0,100.0
4042.5,2025-12-03T19:22:30+00:00,released,2,2,1,0,1,100.0,50.0
4042.5,2025-12-03T19:22:30+00:00,allocated,2,2,2,0,0,100.0,100.0
4047.0,2025-12-03T19:27:00+00:00,released,2,2,1,0,1,100.0,50.0
4047.0,2025-12-03T19:27:00+00:00,allocated,2,2,2,0,0,100.0,100.0
4068.5,2025-12-03T19:48:30+00:00,released,2,2,1,0,1,100.0,50.0
4068.5,2025-12-03T19:48:30+00:00,allocated,2,2,2,0,0,100.0,100.0
4073.0,2025-12-03T19:53:00+00:00,released,2,2,1,0,1,100.0,50.0
4087.0,2025-12-03T20:07:00+00:00,released,2,1,0,1,2,50.0,0.0
4124.0,2025-12-03T20:44:00+00:00,allocated,2,0,1,2,1,0.0,50.0
4128.5,2025-12-03T20:48:30+00:00,allocated,2,1,2,1,0,50.0,100.0
4141.0,2025-12-03T21:01:00+00:00,released,2,2,1,0,1,100.0,50.0
4141.0,2025-12-03T21:01:00+00:00,allocated,2,2,2,0,0,100.0,100.0
4145.5,2025-12-03T21:05:30+00:00,released,2,2,1,0,1,100.0,50.0
4145.5,2025-12-03T21:05:30+00:00,allocated,2,2,2,0,0,100.0,100.0
4171.5,2025-12-03T21:31:30+00:00,released,2,2,1,0,1,100.0,50.0
4171.5,2025-12-03T21:31:30+00:00,allocated,2,2,2,0,0,100.0,100.0
4197.5,2025-12-03T21:57:30+00:00,released,2,2,1,0,1,100.0,50.0
4197.5,2025-12-03T21:57:30+00:00,allocated,2,2,2,0,0,100.0,100.0
4272.5,2025-12-03T23:12:30+00:00,released,2,2,1,0,1,100.0,50.0
4272.5,2025-12-03T23:12:30+00:00,allocated,2,2,2,0,0,100.0,100.0
4289.5,2025-12-03T23:29:30+00:00,released,2,2,1,0,1,100.0,50.0
4289.5,2025-12-03T23:29:30+00:00,allocated,2,2,2,0,0,100.0,100.0
4306.5,2025-12-03T23:46:30+00:00,released,2,2,1,0,1,100.0,50.0
4306.5,2025-12-03T23:46:30+00:00,allocated,2,2,2,0,0,100.0,100.0
4328.5,2025-12-04T00:08:30+00:00,released,2,2,1,0,1,100.0,50.0
4328.5,2025-12-04T00:08:30+00:00,allocated,2,2,2,0,0,100.0,100.0
4332.5,2025-12-04T00:12:30+00:00,released,2,2,1,0,1,100.0,50.0
4332.5,2025-12-04T00:12:30+00:00,allocated,2,2,2,0,0,100.0,100.0
4354.5,2025-12-04T00:34:30+00:00,released,2,2,1,0,1,100.0,50.0
4388.0,2025-12-04T01:08:00+00:00,allocated,2,1,2,1,0,50.0,100.0
4405.0,2025-12-04T01:25:00+00:00,released,2,2,1,0,1,100.0,50.0
4405.0,2025-12-04T01:25:00+00:00,allocated,2,1,2,1,0,50.0,100.0
4431.0,2025-12-04T01:51:00+00:00,released,2,2,1,0,1,100.0,50.0
4431.0,2025-12-04T01:51:00+00:00,allocated,2,2,2,0,0,100.0,100.0
4448.0,2025-12-04T02:08:00+00:00,released,2,2,1,0,1,100.0,50.0
4448.0,2025-12-04T02:08:00+00:00,allocated,2,1,2,1,0,50.0,100.0
4474.0,2025-12-04T02:34:00+00:00,released,2,2,1,0,1,100.0,50.0
4474.0,2025-12-04T02:34:00+00:00,allocated,2,2,2,0,0,100.0,100.0
4479.0,2025-12-04T02:39:00+00:00,released,2,2,1,0,1,100.0,50.0
4479.0,2025-12-04T02:39:00+00:00,allocated,2,2,2,0,0,100.0,100.0
4645.0,2025-12-04T05:25:00+00:00,released,2,2,1,0,1,100.0,50.0
4645.0,2025-12-04T05:25:00+00:00,allocated,2,2,2,0,0,100.0,100.0
4662.0,2025-12-04T05:42:00+00:00,released,2,2,1,0,1,100.0,50.0
4662.0,2025-12-04T05:42:00+00:00,allocated,2,2,2,0,0,100.0,100.0
4674.0,2025-12-04T05:54:00+00:00,released,2,2,1,0,1,100.0,50.0
4674.0,2025-12-04T05:54:00+00:00,allocated,2,2,2,0,0,100.0,100.0
4679.0,2025-12-04T05:59:00+00:00,released,2,2,1,0,1,100.0,50.0
4679.0,2025-12-04T05:59:00+00:00,allocated,2,2,2,0,0,100.0,100.0
4700.0,2025-12-04T06:20:00+00:00,released,2,2,1,0,1,100.0,50.0
4700.0,2025-12-04T06:20:00+00:00,allocated,2,2,2,0,0,100.0,100.0
4726.0,2025-12-04T06:46:00+00:00,released,2,2,1,0,1,100.0,50.0
4755.5,2025-12-04T07:15:30+00:00,allocated,2,1,2,1,0,50.0,100.0
4772.5,2025-12-04T07:32:30+00:00,released,2,2,1,0,1,100.0,50.0
4772.5,2025-12-04T07:32:30+00:00,allocated,2,1,2,1,0,50.0,100.0
4798.5,2025-12-04T07:58:30+00:00,released,2,2,1,0,1,100.0,50.0
4798.5,2025-12-04T07:58:30+00:00,allocated,2,2,2,0,0,100.0,100.0
4815.5,2025-12-04T08:15:30+00:00,released,2,2,1,0,1,100.0,50.0
4815.5,2025-12-04T08:15:30+00:00,allocated,2,2,2,0,0,100.0,100.0
4831.5,2025-12-04T08:31:30+00:00,released,2,2,1,0,1,100.0,50.0
4831.5,2025-12-04T08:31:30+00:00,allocated,2,2,2,0,0,100.0,100.0
4857.5,2025-12-04T08:57:30+00:00,released,2,2,1,0,1,100.0,50.0
4857.5,2025-12-04T08:57:30+00:00,allocated,2,2,2,0,0,100.0,100.0
4874.5,2025-12-04T09:14:30+00:00,released,2,2,1,0,1,100.0,50.0
4874.5,2025-12-04T09:14:30+00:00,allocated,2,2,2,0,0,100.0,100.0
4962.5,2025-12-04T10:42:30+00:00,released,2,2,1,0,1,100.0,50.0
4962.5,2025-12-04T10:42:30+00:00,allocated,2,2,2,0,0,100.0,100.0
4979.5,2025-12-04T10:59:30+00:00,released,2,2,1,0,1,100.0,50.0
4979.5,2025-12-04T10:59:30+00:00,allocated,2,2,2,0,0,100.0,100.0
5005.5,2025-12-04T11:25:30+00:00,released,2,2,1,0,1,100.0,50.0
5005.5,2025-12-04T11:25:30+00:00,allocated,2,2,2,0,0,100.0,100.0
5021.5,2025-12-04T11:41:30+00:00,released,2,2,1,0,1,100.0,50.0
5021.5,2025-12-04T11:41:30+00:00,allocated,2,2,2,0,0,100.0,100.0
5031.5,2025-12-04T11:51:30+00:00,released,2,2,1,0,1,100.0,50.0
5061.0,2025-12-04T12:21:00+00:00,allocated,2,1,2,1,0,50.0,100.0
5078.0,2025-12-04T12:38:00+00:00,released,2,2,1,0,1,100.0,50.0
5078.0,2025-12-04T12:38:00+00:00,allocated,2,1,2,1,0,50.0,100.0
5104.0,2025-12-04T13:04:00+00:00,released,2,2,1,0,1,100.0,50.0
5104.0,2025-12-04T13:04:00+00:00,allocated,2,2,2,0,0,100.0,100.0
5121.0,2025-12-04T13:21:00+00:00,released,2,2,1,0,1,100.0,50.0
5121.0,2025-12-04T13:21:00+00:00,allocated,2,1,2,1,0,50.0,100.0
5147.0,2025-12-04T13:47:00+00:00,released,2,2,1,0,1,100.0,50.0
5147.0,2025-12-04T13:47:00+00:00,allocated,2,2,2,0,0,100.0,100.0
5174.0,2025-12-04T14:14:00+00:00,released,2,2,1,0,1,100.0,50.0
5174.0,2025-12-04T14:14:00+00:00,allocated,2,2,2,0,0,100.0,100.0
5191.0,2025-12-04T14:31:00+00:00,released,2,2,1,0,1,100.0,50.0
5191.0,2025-12-04T14:31:00+00:00,allocated,2,2,2,0,0,100.0,100.0
5330.0,2025-12-04T16:50:00+00:00,released,2,2,1,0,1,100.0,50.0
5330.0,2025-12-04T16:50:00+00:00,allocated,2,2,2,0,0,100.0,100.0
5334.0,2025-12-04T16:54:00+00:00,released,2,2,1,0,1,100.0,50.0
5334.0,2025-12-04T16:54:00+00:00,allocated,2,2,2,0,0,100.0,100.0
5347.0,2025-12-04T17:07:00+00:00,released,2,2,1,0,1,100.0,50.0
5347.0,2025-12-04T17:07:00+00:00,allocated,2,2,2,0,0,100.0,100.0
5360.0,2025-12-04T17:20:00+00:00,released,2,2,1,0,1,100.0,50.0
5360.0,2025-12-04T17:20:00+00:00,allocated,2,2,2,0,0,100.0,100.0
5386.0,2025-12-04T17:46:00+00:00,released,2,2,1,0,1,100.0,50.0
5415.5,2025-12-04T18:15:30+00:00,allocated,2,1,2,1,0,50.0,100.0
5432.5,2025-12-04T18:32:30+00:00,released,2,2,1,0,1,100.0,50.0
5432.5,2025-12-04T18:32:30+00:00,allocated,2,1,2,1,0,50.0,100.0
5458.5,2025-12-04T18:58:30+00:00,released,2,2,1,0,1,100.0,50.0
5458.5,2025-12-04T18:58:30+00:00,allocated,2,2,2,0,0,100.0,100.0
5475.5,2025-12-04T19:15:30+00:00,released,2,2,1,0,1,100.0,50.0
5475.5,2025-12-04T19:15:30+00:00,allocated,2,1,2,1,0,50.0,100.0
5501.5,2025-12-04T19:41:30+00:00,released,2,2,1,0,1,100.0,50.0
5501.5,2025-12-04T19:41:30+00:00,allocated,2,2,2,0,0,100.0,100.0
5544.5,2025-12-04T20:24:30+00:00,released,2,2,1,0,1,100.0,50.0
5544.5,2025-12-04T20:24:30+00:00,allocated,2,2,2,0,0,100.0,100.0
5561.5,2025-12-04T20:41:30+00:00,released,2,2,1,0,1,100.0,50.0
5561.5,2025-12-04T20:41:30+00:00,allocated,2,2,2,0,0,100.0,100.0
5578.5,2025-12-04T20:58:30+00:00,released,2,2,1,0,1,100.0,50.0
5578.5,2025-12-04T20:58:30+00:00,allocated,2,2,2,0,0,100.0,100.0
5604.5,2025-12-04T21:24:30+00:00,released,2,2,1,0,1,100.0,50.0
5604.5,2025-12-04T21:24:30+00:00,allocated,2,2,2,0,0,100.0,100.0
5630.5,2025-12-04T21:50:30+00:00,released,2,2,1,0,1,100.0,50.0
5630.5,2025-12-04T21:50:30+00:00,allocated,2,2,2,0,0,100.0,100.0
5656.5,2025-12-04T22:16:30+00:00,released,2,2,1,0,1,100.0,50.0
5656.5,2025-12-04T22:16:30+00:00,allocated,2,2,2,0,0,100.0,100.0
5684.0,2025-12-04T22:44:00+00:00,released,2,2,1,0,1,100.0,50.0
5684.0,2025-12-04T22:44:00+00:00,allocated,2,2,2,0,0,100.0,100.0
5701.0,2025-12-04T23:01:00+00:00,released,2,2,1,0,1,100.0,50.0
5701.0,2025-12-04T23:01:00+00:00,allocated,2,2,2,0,0,100.0,100.0
5718.0,2025-12-04T23:18:00+00:00,released,2,2,1,0,1,100.0,50.0
5718.0,2025-12-04T23:18:00+00:00,allocated,2,2,2,0,0,100.0,100.0
5744.0,2025-12-04T23:44:00+00:00,released,2,2,1,0,1,100.0,50.0
5744.0,2025-12-04T23:44:00+00:00,allocated,2,2,2,0,0,100.0,100.0
5761.5,2025-12-05T00:01:30+00:00,released,2,2,1,0,1,100.0,50.0
5761.5,2025-12-05T00:01:30+00:00,allocated,2,2,2,0,0,100.0,100.0
5770.0,2025-12-05T00:10:00+00:00,released,2,2,1,0,1,100.0,50.0
5770.0,2025-12-05T00:10:00+00:00,allocated,2,2,2,0,0,100.0,100.0
5916.5,2025-12-05T02:36:30+00:00,released,2,2,1,0,1,100.0,50.0
5916.5,2025-12-05T02:36:30+00:00,allocated,2,2,2,0,0,100.0,100.0
5933.5,2025-12-05T02:53:30+00:00,released,2,2,1,0,1,100.0,50.0
5933.5,2025-12-05T02:53:30+00:00,allocated,2,2,2,0,0,100.0,100.0
5950.5,2025-12-05T03:10:30+00:00,released,2,2,1,0,1,100.0,50.0
5950.5,2025-12-05T03:10:30+00:00,allocated,2,2,2,0,0,100.0,100.0
5956.5,2025-12-05T03:16:30+00:00,released,2,2,1,0,1,100.0,50.0
5956.5,2025-12-05T03:16:30+00:00,allocated,2,2,2,0,0,100.0,100.0
5976.5,2025-12-05T03:36:30+00:00,released,2,2,1,0,1,100.0,50.0
5976.5,2025-12-05T03:36:30+00:00,allocated,2,2,2,0,0,100.0,100.0
5982.5,2025-12-05T03:42:30+00:00,released,2,2,1,0,1,100.0,50.0
6032.0,2025-12-05T04:32:00+00:00,allocated,2,1,2,1,0,50.0,100.0
6049.0,2025-12-05T04:49:00+00:00,released,2,2,1,0,1,100.0,50.0
6049.0,2025-12-05T04:49:00+00:00,allocated,2,2,2,0,0,100.0,100.0
6066.0,2025-12-05T05:06:00+00:00,released,2,2,1,0,1,100.0,50.0
6066.0,2025-12-05T05:06:00+00:00,allocated,2,2,2,0,0,100.0,100.0
6092.0,2025-12-05T05:32:00+00:00,released,2,2,1,0,1,100.0,50.0
6092.0,2025-12-05T05:32:00+00:00,allocated,2,2,2,0,0,100.0,100.0
6108.0,2025-12-05T05:48:00+00:00,released,2,2,1,0,1,100.0,50.0
6108.0,2025-12-05T05:48:00+00:00,allocated,2,2,2,0,0,100.0,100.0
6118.0,2025-12-05T05:58:00+00:00,released,2,2,1,0,1,100.0,50.0
6118.0,2025-12-05T05:58:00+00:00,allocated,2,2,2,0,0,100.0,100.0
6255.0,2025-12-05T08:15:00+00:00,released,2,2,1,0,1,100.0,50.0
6255.0,2025-12-05T08:15:00+00:00,allocated,2,2,2,0,0,100.0,100.0
6272.0,2025-12-05T08:32:00+00:00,released,2,2,1,0,1,100.0,50.0
6272.0,2025-12-05T08:32:00+00:00,allocated,2,2,2,0,0,100.0,100.0
6273.0,2025-12-05T08:33:00+00:00,released,2,2,1,0,1,100.0,50.0
6273.0,2025-12-05T08:33:00+00:00,allocated,2,2,2,0,0,100.0,100.0
6289.0,2025-12-05T08:49:00+00:00,released,2,2,1,0,1,100.0,50.0
6289.0,2025-12-05T08:49:00+00:00,allocated,2,2,2,0,0,100.0,100.0
6299.0,2025-12-05T08:59:00+00:00,released,2,2,1,0,1,100.0,50.0
6299.0,2025-12-05T08:59:00+00:00,allocated,2,2,2,0,0,100.0,100.0
6325.0,2025-12-05T09:25:00+00:00,released,2,2,1,0,1,100.0,50.0
6354.5,2025-12-05T09:54:30+00:00,allocated,2,1,2,1,0,50.0,100.0
6371.5,2025-12-05T10:11:30+00:00,released,2,2,1,0,1,100.0,50.0
6371.5,2025-12-05T10:11:30+00:00,allocated,2,1,2,1,0,50.0,100.0
6397.5,2025-12-05T10:37:30+00:00,released,2,2,1,0,1,100.0,50.0
6397.5,2025-12-05T10:37:30+00:00,allocated,2,2,2,0,0,100.0,100.0
6414.5,2025-12-05T10:54:30+00:00,released,2,2,1,0,1,100.0,50.0
6414.5,2025-12-05T10:54:30+00:00,allocated,2,2,2,0,0,100.0,100.0
6426.5,2025-12-05T11:06:30+00:00,released,2,2,1,0,1,100.0,50.0
6426.5,2025-12-05T11:06:30+00:00,allocated,2,2,2,0,0,100.0,100.0
6452.5,2025-12-05T11:32:30+00:00,released,2,2,1,0,1,100.0,50.0
6452.5,2025-12-05T11:32:30+00:00,allocated,2,2,2,0,0,100.0,100.0
6569.5,2025-12-05T13:29:30+00:00,released,2,2,1,0,1,100.0,50.0
6569.5,2025-12-05T13:29:30+00:00,allocated,2,2,2,0,0,100.0,100.0
6586.5,2025-12-05T13:46:30+00:00,released,2,2,1,0,1,100.0,50.0
6586.5,2025-12-05T13:46:30+00:00,allocated,2,2,2,0,0,100.0,100.0
6599.5,2025-12-05T13:59:30+00:00,released,2,2,1,0,1,100.0,50.0
6599.5,2025-12-05T13:59:30+00:00,allocated,2,2,2,0,0,100.0,100.0
6603.5,2025-12-05T14:03:30+00:00,released,2,2,1,0,1,100.0,50.0
6603.5,2025-12-05T14:03:30+00:00,allocated,2,2,2,0,0,100.0,100.0
6625.5,2025-12-05T14:25:30+00:00,released,2,2,1,0,1,100.0,50.0
6625.5,2025-12-05T14:25:30+00:00,allocated,2,2,2,0,0,100.0,100.0
6651.5,2025-12-05T14:51:30+00:00,released,2,2,1,0,1,100.0,50.0
6651.5,2025-12-05T14:51:30+00:00,allocated,2,2,2,0,0,100.0,100.0
6756.0,2025-12-05T16:36:00+00:00,released,2,2,1,0,1,100.0,50.0
6756.0,2025-12-05T16:36:00+00:00,allocated,2,2,2,0,0,100.0,100.0
6773.0,2025-12-05T16:53:00+00:00,released,2,2,1,0,1,100.0,50.0
6773.0,2025-12-05T16:53:00+00:00,allocated,2,2,2,0,0,100.0,100.0
6790.0,2025-12-05T17:10:00+00:00,released,2,2,1,0,1,100.0,50.0
6790.0,2025-12-05T17:10:00+00:00,allocated,2,2,2,0,0,100.0,100.0
6806.5,2025-12-05T17:26:30+00:00,released,2,2,1,0,1,100.0,50.0
6806.5,2025-12-05T17:26:30+00:00,allocated,2,2,2,0,0,100.0,100.0
6816.0,2025-12-05T17:36:00+00:00,released,2,2,1,0,1,100.0,50.0
6816.0,2025-12-05T17:36:00+00:00,allocated,2,2,2,0,0,100.0,100.0
6832.5,2025-12-05T17:52:30+00:00,released,2,2,1,0,1,100.0,50.0
6871.5,2025-12-05T18:31:30+00:00,allocated,2,1,2,1,0,50.0,100.0
6888.5,2025-12-05T18:48:30+00:00,released,2,2,1,0,1,100.0,50.0
6888.5,2025-12-05T18:48:30+00:00,allocated,2,2,2,0,0,100.0,100.0
6905.5,2025-12-05T19:05:30+00:00,released,2,2,1,0,1,100.0,50.0
6905.5,2025-12-05T19:05:30+00:00,allocated,2,2,2,0,0,100.0,100.0
6931.5,2025-12-05T19:31:30+00:00,released,2,2,1,0,1,100.0,50.0
6931.5,2025-12-05T19:31:30+00:00,allocated,2,2,2,0,0,100.0,100.0
6957.5,2025-12-05T19:57:30+00:00,released,2,2,1,0,1,100.0,50.0
6957.5,2025-12-05T19:57:30+00:00,allocated,2,2,2,0,0,100.0,100.0
6962.5,2025-12-05T20:02:30+00:00,released,2,2,1,0,1,100.0,50.0
6962.5,2025-12-05T20:02:30+00:00,allocated,2,2,2,0,0,100.0,100.0
7088.5,2025-12-05T22:08:30+00:00,released,2,2,1,0,1,100.0,50.0
7088.5,2025-12-05T22:08:30+00:00,allocated,2,2,2,0,0,100.0,100.0
7105.5,2025-12-05T22:25:30+00:00,released,2,2,1,0,1,100.0,50.0
7105.5,2025-12-05T22:25:30+00:00,allocated,2,2,2,0,0,100.0,100.0
7122.5,2025-12-05T22:42:30+00:00,released,2,2,1,0,1,100.0,50.0
7122.5,2025-12-05T22:42:30+00:00,allocated,2,2,2,0,0,100.0,100.0
7125.5,2025-12-05T22:45:30+00:00,released,2,2,1,0,1,100.0,50.0
7125.5,2025-12-05T22:45:30+00:00,allocated,2,2,2,0,0,100.0,100.0
7148.5,2025-12-05T23:08:30+00:00,released,2,2,1,0,1,100.0,50.0
7148.5,2025-12-05T23:08:30+00:00,allocated,2,2,2,0,0,100.0,100.0
7151.5,2025-12-05T23:11:30+00:00,released,2,2,1,0,1,100.0,50.0
7204.0,2025-12-06T00:04:00+00:00,allocated,2,1,2,1,0,50.0,100.0
7221.0,2025-12-06T00:21:00+00:00,released,2,2,1,0,1,100.0,50.0
7221.0,2025-12-06T00:21:00+00:00,allocated,2,2,2,0,0,100.0,100.0
7238.0,2025-12-06T00:38:00+00:00,released,2,2,1,0,1,100.0,50.0
7238.0,2025-12-06T00:38:00+00:00,allocated,2,2,2,0,0,100.0,100.0
7264.0,2025-12-06T01:04:00+00:00,released,2,2,1,0,1,100.0,50.0
7264.0,2025-12-06T01:04:00+00:00,allocated,2,2,2,0,0,100.0,100.0
7290.0,2025-12-06T01:30:00+00:00,released,2,2,1,0,1,100.0,50.0
7290.0,2025-12-06T01:30:00+00:00,allocated,2,2,2,0,0,100.0,100.0
7301.0,2025-12-06T01:41:00+00:00,released,2,2,1,0,1,100.0,50.0
7301.0,2025-12-06T01:41:00+00:00,allocated,2,2,2,0,0,100.0,100.0
7445.0,2025-12-06T04:05:00+00:00,released,2,2,1,0,1,100.0,50.0
7445.0,2025-12-06T04:05:00+00:00,allocated,2,2,2,0,0,100.0,100.0
7462.0,2025-12-06T04:22:00+00:00,released,2,2,1,0,1,100.0,50.0
7462.0,2025-12-06T04:22:00+00:00,allocated,2,2,2,0,0,100.0,100.0
7472.0,2025-12-06T04:32:00+00:00,released,2,2,1,0,1,100.0,50.0
7472.0,2025-12-06T04:32:00+00:00,allocated,2,2,2,0,0,100.0,100.0
7479.0,2025-12-06T04:39:00+00:00,released,2,2,1,0,1,100.0,50.0
7479.0,2025-12-06T04:39:00+00:00,allocated,2,2,2,0,0,100.0,100.0
7498.0,2025-12-06T04:58:00+00:00,released,2,2,1,0,1,100.0,50.0
7498.0,2025-12-06T04:58:00+00:00,allocated,2,2,2,0,0,100.0,100.0
7506.5,2025-12-06T05:06:30+00:00,released,2,2,1,0,1,100.0,50.0
7506.5,2025-12-06T05:06:30+00:00,allocated,2,1,2,1,0,50.0,100.0
7524.0,2025-12-06T05:24:00+00:00,released,2,2,1,0,1,100.0,50.0
7553.5,2025-12-06T05:53:30+00:00,allocated,2,1,2,1,0,50.0,100.0
7570.5,2025-12-06T06:10:30+00:00,released,2,2,1,0,1,100.0,50.0
7570.5,2025-12-06T06:10:30+00:00,allocated,2,1,2,1,0,50.0,100.0
7596.5,2025-12-06T06:36:30+00:00,released,2,2,1,0,1,100.0,50.0
7596.5,2025-12-06T06:36:30+00:00,allocated,2,2,2,0,0,100.0,100.0
7613.5,2025-12-06T06:53:30+00:00,released,2,2,1,0,1,100.0,50.0
7613.5,2025-12-06T06:53:30+00:00,allocated,2,2,2,0,0,100.0,100.0
7638.0,2025-12-06T07:18:00+00:00,released,2,2,1,0,1,100.0,50.0
7638.0,2025-12-06T07:18:00+00:00,allocated,2,2,2,0,0,100.0,100.0
7664.0,2025-12-06T07:44:00+00:00,released,2,2,1,0,1,100.0,50.0
7664.0,2025-12-06T07:44:00+00:00,allocated,2,2,2,0,0,100.0,100.0
7681.0,2025-12-06T08:01:00+00:00,released,2,2,1,0,1,100.0,50.0
7681.0,2025-12-06T08:01:00+00:00,allocated,2,2,2,0,0,100.0,100.0
7776.5,2025-12-06T09:36:30+00:00,released,2,2,1,0,1,100.0,50.0
7776.5,2025-12-06T09:36:30+00:00,allocated,2,2,2,0,0,100.0,100.0
7793.5,2025-12-06T09:53:30+00:00,released,2,2,1,0,1,100.0,50.0
7793.5,2025-12-06T09:53:30+00:00,allocated,2,2,2,0,0,100.0,100.0
7819.5,2025-12-06T10:19:30+00:00,released,2,2,1,0,1,100.0,50.0
7819.5,2025-12-06T10:19:30+00:00,allocated,2,2,2,0,0,100.0,100.0
7820.0,2025-12-06T10:20:00+00:00,released,2,2,1,0,1,100.0,50.0
7820.0,2025-12-06T10:20:00+00:00,allocated,2,2,2,0,0,100.0,100.0
7845.5,2025-12-06T10:45:30+00:00,released,2,2,1,0,1,100.0,50.0
7875.0,2025-12-06T11:15:00+00:00,allocated,2,1,2,1,0,50.0,100.0
7892.0,2025-12-06T11:32:00+00:00,released,2,2,1,0,1,100.0,50.0
7892.0,2025-12-06T11:32:00+00:00,allocated,2,1,2,1,0,50.0,100.0
7918.0,2025-12-06T11:58:00+00:00,released,2,2,1,0,1,100.0,50.0
7918.0,2025-12-06T11:58:00+00:00,allocated,2,2,2,0,0,100.0,100.0
7935.0,2025-12-06T12:15:00+00:00,released,2,2,1,0,1,100.0,50.0
7935.0,2025-12-06T12:15:00+00:00,allocated,2,2,2,0,0,100.0,100.0
8011.5,2025-12-06T13:31:30+00:00,released,2,2,1,0,1,100.0,50.0
8011.5,2025-12-06T13:31:30+00:00,allocated,2,2,2,0,0,100.0,100.0
8028.5,2025-12-06T13:48:30+00:00,released,2,2,1,0,1,100.0,50.0
8028.5,2025-12-06T13:48:30+00:00,allocated,2,2,2,0,0,100.0,100.0
8054.5,2025-12-06T14:14:30+00:00,released,2,2,1,0,1,100.0,50.0
8054.5,2025-12-06T14:14:30+00:00,allocated,2,2,2,0,0,100.0,100.0
8080.5,2025-12-06T14:40:30+00:00,released,2,2,1,0,1,100.0,50.0
8080.5,2025-12-06T14:40:30+00:00,allocated,2,2,2,0,0,100.0,100.0
8106.0,2025-12-06T15:06:00+00:00,released,2,2,1,0,1,100.0,50.0
8106.0,2025-12-06T15:06:00+00:00,allocated,2,2,2,0,0,100.0,100.0
8219.5,2025-12-06T16:59:30+00:00,released,2,2,1,0,1,100.0,50.0
8219.5,2025-12-06T16:59:30+00:00,allocated,2,2,2,0,0,100.0,100.0
8236.5,2025-12-06T17:16:30+00:00,released,2,2,1,0,1,100.0,50.0
8236.5,2025-12-06T17:16:30+00:00,allocated,2,2,2,0,0,100.0,100.0
8253.5,2025-12-06T17:33:30+00:00,released,2,2,1,0,1,100.0,50.0
8253.5,2025-12-06T17:33:30+00:00,allocated,2,2,2,0,0,100.0,100.0
8258.5,2025-12-06T17:38:30+00:00,released,2,2,1,0,1,100.0,50.0
8258.5,2025-12-06T17:38:30+00:00,allocated,2,2,2,0,0,100.0,100.0
8279.5,2025-12-06T17:59:30+00:00,released,2,2,1,0,1,100.0,50.0
8279.5,2025-12-06T17:59:30+00:00,allocated,2,2,2,0,0,100.0,100.0
8284.5,2025-12-06T18:04:30+00:00,released,2,2,1,0,1,100.0,50.0
8284.5,2025-12-06T18:04:30+00:00,allocated,2,2,2,0,0,100.0,100.0
8415.5,2025-12-06T20:15:30+00:00,released,2,2,1,0,1,100.0,50.0
8415.5,2025-12-06T20:15:30+00:00,allocated,2,2,2,0,0,100.0,100.0
8432.5,2025-12-06T20:32:30+00:00,released,2,2,1,0,1,100.0,50.0
8432.5,2025-12-06T20:32:30+00:00,allocated,2,2,2,0,0,100.0,100.0
8442.5,2025-12-06T20:42:30+00:00,released,2,2,1,0,1,100.0,50.0
8442.5,2025-12-06T20:42:30+00:00,allocated,2,2,2,0,0,100.0,100.0
8449.5,2025-12-06T20:49:30+00:00,released,2,2,1,0,1,100.0,50.0
8449.5,2025-12-06T20:49:30+00:00,allocated,2,2,2,0,0,100.0,100.0
8468.5,2025-12-06T21:08:30+00:00,released,2,2,1,0,1,100.0,50.0
8468.5,2025-12-06T21:08:30+00:00,allocated,2,2,2,0,0,100.0,100.0
8494.5,2025-12-06T21:34:30+00:00,released,2,2,1,0,1,100.0,50.0
8494.5,2025-12-06T21:34:30+00:00,allocated,2,2,2,0,0,100.0,100.0
8644.0,2025-12-07T00:04:00+00:00,released,2,2,1,0,1,100.0,50.0
8644.0,2025-12-07T00:04:00+00:00,allocated,2,2,2,0,0,100.0,100.0
8649.5,2025-12-07T00:09:30+00:00,released,2,2,1,0,1,100.0,50.0
8649.5,2025-12-07T00:09:30+00:00,allocated,2,2,2,0,0,100.0,100.0
8661.0,2025-12-07T00:21:00+00:00,released,2,2,1,0,1,100.0,50.0
8661.0,2025-12-07T00:21:00+00:00,allocated,2,2,2,0,0,100.0,100.0
8666.5,2025-12-07T00:26:30+00:00,released,2,2,1,0,1,100.0,50.0
8666.5,2025-12-07T00:26:30+00:00,allocated,2,2,2,0,0,100.0,100.0
8692.5,2025-12-07T00:52:30+00:00,released,2,2,1,0,1,100.0,50.0
8692.5,2025-12-07T00:52:30+00:00,allocated,2,2,2,0,0,100.0,100.0
8718.5,2025-12-07T01:18:30+00:00,released,2,2,1,0,1,100.0,50.0
8718.5,2025-12-07T01:18:30+00:00,allocated,2,2,2,0,0,100.0,100.0
8792.5,2025-12-07T02:32:30+00:00,released,2,2,1,0,1,100.0,50.0
8792.5,2025-12-07T02:32:30+00:00,allocated,2,2,2,0,0,100.0,100.0
8809.5,2025-12-07T02:49:30+00:00,released,2,2,1,0,1,100.0,50.0
8809.5,2025-12-07T02:49:30+00:00,allocated,2,2,2,0,0,100.0,100.0
8826.5,2025-12-07T03:06:30+00:00,released,2,2,1,0,1,100.0,50.0
8826.5,2025-12-07T03:06:30+00:00,allocated,2,2,2,0,0,100.0,100.0
8852.5,2025-12-07T03:32:30+00:00,released,2,2,1,0,1,100.0,50.0
8852.5,2025-12-07T03:32:30+00:00,allocated,2,2,2,0,0,100.0,100.0
8857.5,2025-12-07T03:37:30+00:00,released,2,2,1,0,1,100.0,50.0
8857.5,2025-12-07T03:37:30+00:00,allocated,2,2,2,0,0,100.0,100.0
8878.5,2025-12-07T03:58:30+00:00,released,2,2,1,0,1,100.0,50.0
8878.5,2025-12-07T03:58:30+00:00,allocated,2,2,2,0,0,100.0,100.0
8996.5,2025-12-07T05:56:30+00:00,released,2,2,1,0,1,100.0,50.0
8996.5,2025-12-07T05:56:30+00:00,allocated,2,2,2,0,0,100.0,100.0
9010.0,2025-12-07T06:10:00+00:00,released,2,2,1,0,1,100.0,50.0
9010.0,2025-12-07T06:10:00+00:00,allocated,2,2,2,0,0,100.0,100.0
9013.5,2025-12-07T06:13:30+00:00,released,2,2,1,0,1,100.0,50.0
9013.5,2025-12-07T06:13:30+00:00,allocated,2,2,2,0,0,100.0,100.0
9027.0,2025-12-07T06:27:00+00:00,released,2,2,1,0,1,100.0,50.0
9027.0,2025-12-07T06:27:00+00:00,allocated,2,2,2,0,0,100.0,100.0
9038.0,2025-12-07T06:38:00+00:00,released,2,2,1,0,1,100.0,50.0
9038.0,2025-12-07T06:38:00+00:00,allocated,2,2,2,0,0,100.0,100.0
9053.0,2025-12-07T06:53:00+00:00,released,2,2,1,0,1,100.0,50.0
9053.0,2025-12-07T06:53:00+00:00,allocated,2,2,2,0,0,100.0,100.0
9064.0,2025-12-07T07:04:00+00:00,released,2,2,1,0,1,100.0,50.0
9064.0,2025-12-07T07:04:00+00:00,allocated,2,2,2,0,0,100.0,100.0
9195.0,2025-12-07T09:15:00+00:00,released,2,2,1,0,1,100.0,50.0
9195.0,2025-12-07T09:15:00+00:00,allocated,2,2,2,0,0,100.0,100.0
9212.0,2025-12-07T09:32:00+00:00,released,2,2,1,0,1,100.0,50.0
9212.0,2025-12-07T09:32:00+00:00,allocated,2,2,2,0,0,100.0,100.0
9229.0,2025-12-07T09:49:00+00:00,released,2,2,1,0,1,100.0,50.0
9229.0,2025-12-07T09:49:00+00:00,allocated,2,2,2,0,0,100.0,100.0
9232.0,2025-12-07T09:52:00+00:00,released,2,2,1,0,1,100.0,50.0
9232.0,2025-12-07T09:52:00+00:00,allocated,2,2,2,0,0,100.0,100.0
9255.0,2025-12-07T10:15:00+00:00,released,2,2,1,0,1,100.0,50.0
9255.0,2025-12-07T10:15:00+00:00,allocated,2,2,2,0,0,100.0,100.0
9258.0,2025-12-07T10:18:00+00:00,released,2,2,1,0,1,100.0,50.0
9310.5,2025-12-07T11:10:30+00:00,allocated,2,1,2,1,0,50.0,100.0
9327.5,2025-12-07T11:27:30+00:00,released,2,2,1,0,1,100.0,50.0
9327.5,2025-12-07T11:27:30+00:00,allocated,2,2,2,0,0,100.0,100.0
9344.5,2025-12-07T11:44:30+00:00,released,2,2,1,0,1,100.0,50.0
9344.5,2025-12-07T11:44:30+00:00,allocated,2,2,2,0,0,100.0,100.0
9370.5,2025-12-07T12:10:30+00:00,released,2,2,1,0,1,100.0,50.0
9370.5,2025-12-07T12:10:30+00:00,allocated,2,2,2,0,0,100.0,100.0
9383.5,2025-12-07T12:23:30+00:00,released,2,2,1,0,1,100.0,50.0
9383.5,2025-12-07T12:23:30+00:00,allocated,2,2,2,0,0,100.0,100.0
9396.5,2025-12-07T12:36:30+00:00,released,2,2,1,0,1,100.0,50.0
9396.5,2025-12-07T12:36:30+00:00,allocated,2,2,2,0,0,100.0,100.0
9538.5,2025-12-07T14:58:30+00:00,released,2,2,1,0,1,100.0,50.0
9538.5,2025-12-07T14:58:30+00:00,allocated,2,2,2,0,0,100.0,100.0
9555.5,2025-12-07T15:15:30+00:00,released,2,2,1,0,1,100.0,50.0
9555.5,2025-12-07T15:15:30+00:00,allocated,2,2,2,0,0,100.0,100.0
9559.5,2025-12-07T15:19:30+00:00,released,2,2,1,0,1,100.0,50.0
9559.5,2025-12-07T15:19:30+00:00,allocated,2,2,2,0,0,100.0,100.0
9576.5,2025-12-07T15:36:30+00:00,released,2,2,1,0,1,100.0,50.0
9576.5,2025-12-07T15:36:30+00:00,allocated,2,2,2,0,0,100.0,100.0
9602.5,2025-12-07T16:02:30+00:00,released,2,2,1,0,1,100.0,50.0
9602.5,2025-12-07T16:02:30+00:00,allocated,2,2,2,0,0,100.0,100.0
9628.5,2025-12-07T16:28:30+00:00,released,2,2,1,0,1,100.0,50.0
9628.5,2025-12-07T16:28:30+00:00,allocated,2,2,2,0,0,100.0,100.0
9708.0,2025-12-07T17:48:00+00:00,released,2,2,1,0,1,100.0,50.0
9708.0,2025-12-07T17:48:00+00:00,allocated,2,2,2,0,0,100.0,100.0
9725.0,2025-12-07T18:05:00+00:00,released,2,2,1,0,1,100.0,50.0
9725.0,2025-12-07T18:05:00+00:00,allocated,2,2,2,0,0,100.0,100.0
9742.0,2025-12-07T18:22:00+00:00,released,2,2,1,0,1,100.0,50.0
9742.0,2025-12-07T18:22:00+00:00,allocated,2,2,2,0,0,100.0,100.0
9768.0,2025-12-07T18:48:00+00:00,released,2,2,1,0,1,100.0,50.0
9768.0,2025-12-07T18:48:00+00:00,allocated,2,2,2,0,0,100.0,100.0
9791.5,2025-12-07T19:11:30+00:00,released,2,2,1,0,1,100.0,50.0
9791.5,2025-12-07T19:11:30+00:00,allocated,2,2,2,0,0,100.0,100.0
9794.0,2025-12-07T19:14:00+00:00,released,2,2,1,0,1,100.0,50.0
9794.0,2025-12-07T19:14:00+00:00,allocated,2,2,2,0,0,100.0,100.0
9922.5,2025-12-07T21:22:30+00:00,released,2,2,1,0,1,100.0,50.0
9922.5,2025-12-07T21:22:30+00:00,allocated,2,2,2,0,0,100.0,100.0
9939.5,2025-12-07T21:39:30+00:00,released,2,2,1,0,1,100.0,50.0
9939.5,2025-12-07T21:39:30+00:00,allocated,2,2,2,0,0,100.0,100.0
9940.5,2025-12-07T21:40:30+00:00,released,2,2,1,0,1,100.0,50.0
9940.5,2025-12-07T21:40:30+00:00,allocated,2,2,2,0,0,100.0,100.0
9956.5,2025-12-07T21:56:30+00:00,released,2,2,1,0,1,100.0,50.0
9956.5,2025-12-07T21:56:30+00:00,allocated,2,2,2,0,0,100.0,100.0
9966.5,2025-12-07T22:06:30+00:00,released,2,2,1,0,1,100.0,50.0
9966.5,2025-12-07T22:06:30+00:00,allocated,2,2,2,0,0,100.0,100.0
9992.5,2025-12-07T22:32:30+00:00,released,2,2,1,0,1,100.0,50.0
10022.0,2025-12-07T23:02:00+00:00,allocated,2,1,2,1,0,50.0,100.0
10039.0,2025-12-07T23:19:00+00:00,released,2,2,1,0,1,100.0,50.0
10039.0,2025-12-07T23:19:00+00:00,allocated,2,1,2,1,0,50.0,100.0
10065.0,2025-12-07T23:45:00+00:00,released,2,2,1,0,1,100.0,50.0
10065.0,2025-12-07T23:45:00+00:00,allocated,2,2,2,0,0,100.0,100.0
10082.0,2025-12-08T00:02:00+00:00,released,2,2,1,0,1,100.0,50.0
10082.0,2025-12-08T00:02:00+00:00,allocated,2,2,2,0,0,100.0,100.0
10091.0,2025-12-08T00:11:00+00:00,released,2,2,1,0,1,100.0,50.0
10091.0,2025-12-08T00:11:00+00:00,allocated,2,2,2,0,0,100.0,100.0
10117.0,2025-12-08T00:37:00+00:00,released,2,2,1,0,1,100.0,50.0
10117.0,2025-12-08T00:37:00+00:00,allocated,2,2,2,0,0,100.0,100.0
10248.0,2025-12-08T02:48:00+00:00,released,2,2,1,0,1,100.0,50.0
10248.0,2025-12-08T02:48:00+00:00,allocated,2,2,2,0,0,100.0,100.0
10261.0,2025-12-08T03:01:00+00:00,released,2,2,1,0,1,100.0,50.0
10261.0,2025-12-08T03:01:00+00:00,allocated,2,2,2,0,0,100.0,100.0
10265.0,2025-12-08T03:05:00+00:00,released,2,2,1,0,1,100.0,50.0
10265.0,2025-12-08T03:05:00+00:00,allocated,2,2,2,0,0,100.0,100.0
10278.0,2025-12-08T03:18:00+00:00,released,2,2,1,0,1,100.0,50.0
10278.0,2025-12-08T03:18:00+00:00,allocated,2,2,2,0,0,100.0,100.0
10289.5,2025-12-08T03:29:30+00:00,released,2,2,1,0,1,100.0,50.0
10289.5,2025-12-08T03:29:30+00:00,allocated,2,2,2,0,0,100.0,100.0
10304.0,2025-12-08T03:44:00+00:00,released,2,2,1,0,1,100.0,50.0
10304.0,2025-12-08T03:44:00+00:00,allocated,2,2,2,0,0,100.0,100.0
10315.5,2025-12-08T03:55:30+00:00,released,2,2,1,0,1,100.0,50.0
10315.5,2025-12-08T03:55:30+00:00,allocated,2,2,2,0,0,100.0,100.0
10446.5,2025-12-08T06:06:30+00:00,released,2,2,1,0,1,100.0,50.0
10446.5,2025-12-08T06:06:30+00:00,allocated,2,2,2,0,0,100.0,100.0
10463.5,2025-12-08T06:23:30+00:00,released,2,2,1,0,1,100.0,50.0
10463.5,2025-12-08T06:23:30+00:00,allocated,2,2,2,0,0,100.0,100.0
10480.5,2025-12-08T06:40:30+00:00,released,2,2,1,0,1,100.0,50.0
10480.5,2025-12-08T06:40:30+00:00,allocated,2,2,2,0,0,100.0,100.0
10483.0,2025-12-08T06:43:00+00:00,released,2,2,1,0,1,100.0,50.0
10483.0,2025-12-08T06:43:00+00:00,allocated,2,2,2,0,0,100.0,100.0
10506.5,2025-12-08T07:06:30+00:00,released,2,2,1,0,1,100.0,50.0
10506.5,2025-12-08T07:06:30+00:00,allocated,2,2,2,0,0,100.0,100.0
10509.0,2025-12-08T07:09:00+00:00,released,2,2,1,0,1,100.0,50.0
10562.0,2025-12-08T08:02:00+00:00,allocated,2,1,2,1,0,50.0,100.0
10579.0,2025-12-08T08:19:00+00:00,released,2,2,1,0,1,100.0,50.0
10579.0,2025-12-08T08:19:00+00:00,allocated,2,2,2,0,0,100.0,100.0
10596.0,2025-12-08T08:36:00+00:00,released,2,2,1,0,1,100.0,50.0
10596.0,2025-12-08T08:36:00+00:00,allocated,2,2,2,0,0,100.0,100.0
10622.0,2025-12-08T09:02:00+00:00,released,2,2,1,0,1,100.0,50.0
10622.0,2025-12-08T09:02:00+00:00,allocated,2,2,2,0,0,100.0,100.0
10638.0,2025-12-08T09:18:00+00:00,released,2,2,1,0,1,100.0,50.0
10638.0,2025-12-08T09:18:00+00:00,allocated,2,2,2,0,0,100.0,100.0
10648.0,2025-12-08T09:28:00+00:00,released,2,2,1,0,1,100.0,50.0
10648.0,2025-12-08T09:28:00+00:00,allocated,2,2,2,0,0,100.0,100.0
10787.0,2025-12-08T11:47:00+00:00,released,2,2,1,0,1,100.0,50.0
10787.0,2025-12-08T11:47:00+00:00,allocated,2,2,2,0,0,100.0,100.0
10793.0,2025-12-08T11:53:00+00:00,released,2,2,1,0,1,100.0,50.0
10793.0,2025-12-08T11:53:00+00:00,allocated,2,2,2,0,0,100.0,100.0
10804.0,2025-12-08T12:04:00+00:00,released,2,2,1,0,1,100.0,50.0
10804.0,2025-12-08T12:04:00+00:00,allocated,2,2,2,0,0,100.0,100.0
10810.0,2025-12-08T12:10:00+00:00,released,2,2,1,0,1,100.0,50.0
10810.0,2025-12-08T12:10:00+00:00,allocated,2,2,2,0,0,100.0,100.0
10836.0,2025-12-08T12:36:00+00:00,released,2,2,1,0,1,100.0,50.0
10836.0,2025-12-08T12:36:00+00:00,allocated,2,2,2,0,0,100.0,100.0
10862.0,2025-12-08T13:02:00+00:00,released,2,2,1,0,1,100.0,50.0
10862.0,2025-12-08T13:02:00+00:00,allocated,2,2,2,0,0,100.0,100.0
10956.5,2025-12-08T14:36:30+00:00,released,2,2,1,0,1,100.0,50.0
10956.5,2025-12-08T14:36:30+00:00,allocated,2,2,2,0,0,100.0,100.0
10973.5,2025-12-08T14:53:30+00:00,released,2,2,1,0,1,100.0,50.0
10973.5,2025-12-08T14:53:30+00:00,allocated,2,2,2,0,0,100.0,100.0
10990.5,2025-12-08T15:10:30+00:00,released,2,2,1,0,1,100.0,50.0
10990.5,2025-12-08T15:10:30+00:00,allocated,2,2,2,0,0,100.0,100.0
11016.5,2025-12-08T15:36:30+00:00,released,2,2,1,0,1,100.0,50.0
11016.5,2025-12-08T15:36:30+00:00,allocated,2,2,2,0,0,100.0,100.0
11025.0,2025-12-08T15:45:00+00:00,released,2,2,1,0,1,100.0,50.0
11025.0,2025-12-08T15:45:00+00:00,allocated,2,2,2,0,0,100.0,100.0
11042.5,2025-12-08T16:02:30+00:00,released,2,2,1,0,1,100.0,50.0
11042.5,2025-12-08T16:02:30+00:00,allocated,2,2,2,0,0,100.0,100.0
11156.0,2025-12-08T17:56:00+00:00,released,2,2,1,0,1,100.0,50.0
11156.0,2025-12-08T17:56:00+00:00,allocated,2,2,2,0,0,100.0,100.0
11173.0,2025-12-08T18:13:00+00:00,released,2,2,1,0,1,100.0,50.0
11173.0,2025-12-08T18:13:00+00:00,allocated,2,2,2,0,0,100.0,100.0
11190.0,2025-12-08T18:30:00+00:00,released,2,2,1,0,1,100.0,50.0
11190.0,2025-12-08T18:30:00+00:00,allocated,2,2,2,0,0,100.0,100.0
11216.0,2025-12-08T18:56:00+00:00,released,2,2,1,0,1,100.0,50.0
11216.0,2025-12-08T18:56:00+00:00,allocated,2,2,2,0,0,100.0,100.0
11234.0,2025-12-08T19:14:00+00:00,released,2,2,1,0,1,100.0,50.0
11234.0,2025-12-08T19:14:00+00:00,allocated,2,2,2,0,0,100.0,100.0
11242.0,2025-12-08T19:22:00+00:00,released,2,2,1,0,1,100.0,50.0
11242.0,2025-12-08T19:22:00+00:00,allocated,2,2,2,0,0,100.0,100.0
11373.0,2025-12-08T21:33:00+00:00,released,2,2,1,0,1,100.0,50.0
11373.0,2025-12-08T21:33:00+00:00,allocated,2,2,2,0,0,100.0,100.0
11390.0,2025-12-08T21:50:00+00:00,released,2,2,1,0,1,100.0,50.0
11390.0,2025-12-08T21:50:00+00:00,allocated,2,2,2,0,0,100.0,100.0
11405.0,2025-12-08T22:05:00+00:00,released,2,2,1,0,1,100.0,50.0
11405.0,2025-12-08T22:05:00+00:00,allocated,2,2,2,0,0,100.0,100.0
11407.0,2025-12-08T22:07:00+00:00,released,2,2,1,0,1,100.0,50.0
11407.0,2025-12-08T22:07:00+00:00,allocated,2,2,2,0,0,100.0,100.0
11431.0,2025-12-08T22:31:00+00:00,released,2,2,1,0,1,100.0,50.0
11431.0,2025-12-08T22:31:00+00:00,allocated,2,2,2,0,0,100.0,100.0
11457.0,2025-12-08T22:57:00+00:00,released,2,2,1,0,1,100.0,50.0
11457.0,2025-12-08T22:57:00+00:00,allocated,2,2,2,0,0,100.0,100.0
11544.5,2025-12-09T00:24:30+00:00,released,2,2,1,0,1,100.0,50.0
11544.5,2025-12-09T00:24:30+00:00,allocated,2,2,2,0,0,100.0,100.0
11561.5,2025-12-09T00:41:30+00:00,released,2,2,1,0,1,100.0,50.0
11561.5,2025-12-09T00:41:30+00:00,allocated,2,2,2,0,0,100.0,100.0
11578.5,2025-12-09T00:58:30+00:00,released,2,2,1,0,1,100.0,50.0
11578.5,2025-12-09T00:58:30+00:00,allocated,2,2,2,0,0,100.0,100.0
11604.0,2025-12-09T01:24:00+00:00,released,2,2,1,0,1,100.0,50.0
11604.0,2025-12-09T01:24:00+00:00,allocated,2,2,2,0,0,100.0,100.0
11604.5,2025-12-09T01:24:30+00:00,released,2,2,1,0,1,100.0,50.0
11604.5,2025-12-09T01:24:30+00:00,allocated,2,2,2,0,0,100.0,100.0
11626.0,2025-12-09T01:46:00+00:00,released,2,2,1,0,1,100.0,50.0
11630.0,2025-12-09T01:50:00+00:00,released,2,1,0,1,2,50.0,0.0
11660.0,2025-12-09T02:20:00+00:00,allocated,2,0,1,2,1,0.0,50.0
11675.0,2025-12-09T02:35:00+00:00,allocated,2,1,2,1,0,50.0,100.0
11677.0,2025-12-09T02:37:00+00:00,released,2,2,1,0,1,100.0,50.0
11677.0,2025-12-09T02:37:00+00:00,allocated,2,1,2,1,0,50.0,100.0
11696.5,2025-12-09T02:56:30+00:00,released,2,2,1,0,1,100.0,50.0
11696.5,2025-12-09T02:56:30+00:00,allocated,2,2,2,0,0,100.0,100.0
11703.0,2025-12-09T03:03:00+00:00,released,2,2,1,0,1,100.0,50.0
11713.5,2025-12-09T03:13:30+00:00,released,2,1,0,1,2,50.0,0.0
11713.5,2025-12-09T03:13:30+00:00,allocated,2,0,1,2,1,0.0,50.0
11713.5,2025-12-09T03:13:30+00:00,allocated,2,1,2,1,0,50.0,100.0
11739.5,2025-12-09T03:39:30+00:00,released,2,2,1,0,1,100.0,50.0
11739.5,2025-12-09T03:39:30+00:00,allocated,2,2,2,0,0,100.0,100.0
11852.5,2025-12-09T05:32:30+00:00,released,2,2,1,0,1,100.0,50.0
11852.5,2025-12-09T05:32:30+00:00,allocated,2,2,2,0,0,100.0,100.0
11869.5,2025-12-09T05:49:30+00:00,released,2,2,1,0,1,100.0,50.0
11869.5,2025-12-09T05:49:30+00:00,allocated,2,2,2,0,0,100.0,100.0
11886.5,2025-12-09T06:06:30+00:00,released,2,2,1,0,1,100.0,50.0
11886.5,2025-12-09T06:06:30+00:00,allocated,2,2,2,0,0,100.0,100.0
11912.5,2025-12-09T06:32:30+00:00,released,2,2,1,0,1,100.0,50.0
11912.5,2025-12-09T06:32:30+00:00,allocated,2,2,2,0,0,100.0,100.0
11918.5,2025-12-09T06:38:30+00:00,released,2,2,1,0,1,100.0,50.0
11918.5,2025-12-09T06:38:30+00:00,allocated,2,2,2,0,0,100.0,100.0
11937.0,2025-12-09T06:57:00+00:00,released,2,2,1,0,1,100.0,50.0
11937.0,2025-12-09T06:57:00+00:00,allocated,2,2,2,0,0,100.0,100.0
11937.0,2025-12-09T06:57:00+00:00,released,2,2,1,0,1,100.0,50.0
11937.0,2025-12-09T06:57:00+00:00,allocated,2,1,2,1,0,50.0,100.0
11938.5,2025-12-09T06:58:30+00:00,released,2,2,1,0,1,100.0,50.0
11968.0,2025-12-09T07:28:00+00:00,allocated,2,1,2,1,0,50.0,100.0
11985.0,2025-12-09T07:45:00+00:00,released,2,2,1,0,1,100.0,50.0
11985.0,2025-12-09T07:45:00+00:00,allocated,2,1,2,1,0,50.0,100.0
12011.0,2025-12-09T08:11:00+00:00,released,2,2,1,0,1,100.0,50.0
12011.0,2025-12-09T08:11:00+00:00,allocated,2,2,2,0,0,100.0,100.0
12028.0,2025-12-09T08:28:00+00:00,released,2,2,1,0,1,100.0,50.0
12028.0,2025-12-09T08:28:00+00:00,allocated,2,2,2,0,0,100.0,100.0
12086.5,2025-12-09T09:26:30+00:00,released,2,2,1,0,1,100.0,50.0
12086.5,2025-12-09T09:26:30+00:00,allocated,2,2,2,0,0,100.0,100.0
12103.5,2025-12-09T09:43:30+00:00,released,2,2,1,0,1,100.0,50.0
12103.5,2025-12-09T09:43:30+00:00,allocated,2,2,2,0,0,100.0,100.0
12129.5,2025-12-09T10:09:30+00:00,released,2,2,1,0,1,100.0,50.0
12129.5,2025-12-09T10:09:30+00:00,allocated,2,2,2,0,0,100.0,100.0
12155.5,2025-12-09T10:35:30+00:00,released,2,2,1,0,1,100.0,50.0
12155.5,2025-12-09T10:35:30+00:00,allocated,2,2,2,0,0,100.0,100.0
12175.0,2025-12-09T10:55:00+00:00,released,2,2,1,0,1,100.0,50.0
12175.0,2025-12-09T10:55:00+00:00,allocated,2,2,2,0,0,100.0,100.0
12196.5,2025-12-09T11:16:30+00:00,released,2,2,1,0,1,100.0,50.0
12196.5,2025-12-09T11:16:30+00:00,allocated,2,2,2,0,0,100.0,100.0
12213.5,2025-12-09T11:33:30+00:00,released,2,2,1,0,1,100.0,50.0
12213.5,2025-12-09T11:33:30+00:00,allocated,2,2,2,0,0,100.0,100.0
12230.5,2025-12-09T11:50:30+00:00,released,2,2,1,0,1,100.0,50.0
12230.5,2025-12-09T11:50:30+00:00,allocated,2,2,2,0,0,100.0,100.0
12256.5,2025-12-09T12:16:30+00:00,released,2,2,1,0,1,100.0,50.0
12256.5,2025-12-09T12:16:30+00:00,allocated,2,2,2,0,0,100.0,100.0
12282.5,2025-12-09T12:42:30+00:00,released,2,2,1,0,1,100.0,50.0
12282.5,2025-12-09T12:42:30+00:00,allocated,2,2,2,0,0,100.0,100.0
12302.5,2025-12-09T13:02:30+00:00,released,2,2,1,0,1,100.0,50.0
12302.5,2025-12-09T13:02:30+00:00,allocated,2,2,2,0,0,100.0,100.0
12321.0,2025-12-09T13:21:00+00:00,released,2,2,1,0,1,100.0,50.0
12321.0,2025-12-09T13:21:00+00:00,allocated,2,2,2,0,0,100.0,100.0
12338.0,2025-12-09T13:38:00+00:00,released,2,2,1,0,1,100.0,50.0
12338.0,2025-12-09T13:38:00+00:00,allocated,2,2,2,0,0,100.0,100.0
12355.0,2025-12-09T13:55:00+00:00,released,2,2,1,0,1,100.0,50.0
12355.0,2025-12-09T13:55:00+00:00,allocated,2,2,2,0,0,100.0,100.0
12381.0,2025-12-09T14:21:00+00:00,released,2,2,1,0,1,100.0,50.0
12381.0,2025-12-09T14:21:00+00:00,allocated,2,2,2,0,0,100.0,100.0
12407.0,2025-12-09T14:47:00+00:00,released,2,2,1,0,1,100.0,50.0
12407.0,2025-12-09T14:47:00+00:00,allocated,2,2,2,0,0,100.0,100.0
12453.5,2025-12-09T15:33:30+00:00,released,2,2,1,0,1,100.0,50.0
12453.5,2025-12-09T15:33:30+00:00,allocated,2,2,2,0,0,100.0,100.0
12470.5,2025-12-09T15:50:30+00:00,released,2,2,1,0,1,100.0,50.0
12470.5,2025-12-09T15:50:30+00:00,allocated,2,2,2,0,0,100.0,100.0
12487.5,2025-12-09T16:07:30+00:00,released,2,2,1,0,1,100.0,50.0
12487.5,2025-12-09T16:07:30+00:00,allocated,2,2,2,0,0,100.0,100.0
12509.0,2025-12-09T16:29:00+00:00,released,2,2,1,0,1,100.0,50.0
12509.0,2025-12-09T16:29:00+00:00,allocated,2,2,2,0,0,100.0,100.0
12535.0,2025-12-09T16:55:00+00:00,released,2,2,1,0,1,100.0,50.0
12535.0,2025-12-09T16:55:00+00:00,allocated,2,2,2,0,0,100.0,100.0
12561.0,2025-12-09T17:21:00+00:00,released,2,2,1,0,1,100.0,50.0
12561.0,2025-12-09T17:21:00+00:00,allocated,2,2,2,0,0,100.0,100.0
12562.0,2025-12-09T17:22:00+00:00,released,2,2,1,0,1,100.0,50.0
12562.0,2025-12-09T17:22:00+00:00,allocated,2,2,2,0,0,100.0,100.0
12586.5,2025-12-09T17:46:30+00:00,released,2,2,1,0,1,100.0,50.0
12590.5,2025-12-09T17:50:30+00:00,allocated,2,1,2,1,0,50.0,100.0
12607.5,2025-12-09T18:07:30+00:00,released,2,2,1,0,1,100.0,50.0
12607.5,2025-12-09T18:07:30+00:00,allocated,2,1,2,1,0,50.0,100.0
12633.5,2025-12-09T18:33:30+00:00,released,2,2,1,0,1,100.0,50.0
12633.5,2025-12-09T18:33:30+00:00,allocated,2,2,2,0,0,100.0,100.0
12650.5,2025-12-09T18:50:30+00:00,released,2,2,1,0,1,100.0,50.0
12650.5,2025-12-09T18:50:30+00:00,allocated,2,2,2,0,0,100.0,100.0
12724.0,2025-12-09T20:04:00+00:00,released,2,2,1,0,1,100.0,50.0
12724.0,2025-12-09T20:04:00+00:00,allocated,2,2,2,0,0,100.0,100.0
12741.0,2025-12-09T20:21:00+00:00,released,2,2,1,0,1,100.0,50.0
12741.0,2025-12-09T20:21:00+00:00,allocated,2,2,2,0,0,100.0,100.0
12767.0,2025-12-09T20:47:00+00:00,released,2,2,1,0,1,100.0,50.0
12767.0,2025-12-09T20:47:00+00:00,allocated,2,2,2,0,0,100.0,100.0
12793.0,2025-12-09T21:13:00+00:00,released,2,2,1,0,1,100.0,50.0
12793.0,2025-12-09T21:13:00+00:00,allocated,2,2,2,0,0,100.0,100.0
12805.5,2025-12-09T21:25:30+00:00,released,2,2,1,0,1,100.0,50.0
12805.5,2025-12-09T21:25:30+00:00,allocated,2,2,2,0,0,100.0,100.0
12921.5,2025-12-09T23:21:30+00:00,released,2,2,1,0,1,100.0,50.0
12921.5,2025-12-09T23:21:30+00:00,allocated,2,2,2,0,0,100.0,100.0
12938.5,2025-12-09T23:38:30+00:00,released,2,2,1,0,1,100.0,50.0
12938.5,2025-12-09T23:38:30+00:00,allocated,2,2,2,0,0,100.0,100.0
12955.5,2025-12-09T23:55:30+00:00,released,2,2,1,0,1,100.0,50.0
12955.5,2025-12-09T23:55:30+00:00,allocated,2,2,2,0,0,100.0,100.0
12968.5,2025-12-10T00:08:30+00:00,released,2,2,1,0,1,100.0,50.0
12968.5,2025-12-10T00:08:30+00:00,allocated,2,2,2,0,0,100.0,100.0
12981.5,2025-12-10T00:21:30+00:00,released,2,2,1,0,1,100.0,50.0
12981.5,2025-12-10T00:21:30+00:00,allocated,2,2,2,0,0,100.0,100.0
12994.5,2025-12-10T00:34:30+00:00,released,2,2,1,0,1,100.0,50.0
13006.0,2025-12-10T00:46:00+00:00,released,2,1,0,1,2,50.0,0.0
13037.0,2025-12-10T01:17:00+00:00,allocated,2,0,1,2,1,0.0,50.0
13050.0,2025-12-10T01:30:00+00:00,allocated,2,1,2,1,0,50.0,100.0
13054.0,2025-12-10T01:34:00+00:00,released,2,2,1,0,1,100.0,50.0
13054.0,2025-12-10T01:34:00+00:00,allocated,2,2,2,0,0,100.0,100.0
13067.0,2025-12-10T01:47:00+00:00,released,2,2,1,0,1,100.0,50.0
13067.0,2025-12-10T01:47:00+00:00,allocated,2,2,2,0,0,100.0,100.0
13093.0,2025-12-10T02:13:00+00:00,released,2,2,1,0,1,100.0,50.0
13093.0,2025-12-10T02:13:00+00:00,allocated,2,2,2,0,0,100.0,100.0
13119.0,2025-12-10T02:39:00+00:00,released,2,2,1,0,1,100.0,50.0
13119.0,2025-12-10T02:39:00+00:00,allocated,2,2,2,0,0,100.0,100.0
13185.5,2025-12-10T03:45:30+00:00,released,2,2,1,0,1,100.0,50.0
13185.5,2025-12-10T03:45:30+00:00,allocated,2,2,2,0,0,100.0,100.0
13202.5,2025-12-10T04:02:30+00:00,released,2,2,1,0,1,100.0,50.0
13202.5,2025-12-10T04:02:30+00:00,allocated,2,2,2,0,0,100.0,100.0
13219.5,2025-12-10T04:19:30+00:00,released,2,2,1,0,1,100.0,50.0
13219.5,2025-12-10T04:19:30+00:00,allocated,2,2,2,0,0,100.0,100.0
13245.5,2025-12-10T04:45:30+00:00,released,2,2,1,0,1,100.0,50.0
13245.5,2025-12-10T04:45:30+00:00,allocated,2,2,2,0,0,100.0,100.0
13266.0,2025-12-10T05:06:00+00:00,released,2,2,1,0,1,100.0,50.0
13266.0,2025-12-10T05:06:00+00:00,allocated,2,2,2,0,0,100.0,100.0
13271.5,2025-12-10T05:11:30+00:00,released,2,2,1,0,1,100.0,50.0
13271.5,2025-12-10T05:11:30+00:00,allocated,2,2,2,0,0,100.0,100.0
13293.0,2025-12-10T05:33:00+00:00,released,2,2,1,0,1,100.0,50.0
13301.0,2025-12-10T05:41:00+00:00,allocated,2,1,2,1,0,50.0,100.0
13318.0,2025-12-10T05:58:00+00:00,released,2,2,1,0,1,100.0,50.0
13318.0,2025-12-10T05:58:00+00:00,allocated,2,2,2,0,0,100.0,100.0
13339.5,2025-12-10T06:19:30+00:00,released,2,2,1,0,1,100.0,50.0
13339.5,2025-12-10T06:19:30+00:00,allocated,2,2,2,0,0,100.0,100.0
13356.5,2025-12-10T06:36:30+00:00,released,2,2,1,0,1,100.0,50.0
13356.5,2025-12-10T06:36:30+00:00,allocated,2,2,2,0,0,100.0,100.0
13382.5,2025-12-10T07:02:30+00:00,released,2,2,1,0,1,100.0,50.0
13382.5,2025-12-10T07:02:30+00:00,allocated,2,2,2,0,0,100.0,100.0
13408.5,2025-12-10T07:28:30+00:00,released,2,2,1,0,1,100.0,50.0
13408.5,2025-12-10T07:28:30+00:00,allocated,2,2,2,0,0,100.0,100.0
13413.0,2025-12-10T07:33:00+00:00,released,2,2,1,0,1,100.0,50.0
13413.0,2025-12-10T07:33:00+00:00,allocated,2,2,2,0,0,100.0,100.0
13431.5,2025-12-10T07:51:30+00:00,released,2,2,1,0,1,100.0,50.0
13438.0,2025-12-10T07:58:00+00:00,allocated,2,1,2,1,0,50.0,100.0
13455.0,2025-12-10T08:15:00+00:00,released,2,2,1,0,1,100.0,50.0
13455.0,2025-12-10T08:15:00+00:00,allocated,2,1,2,1,0,50.0,100.0
13481.0,2025-12-10T08:41:00+00:00,released,2,2,1,0,1,100.0,50.0
13481.0,2025-12-10T08:41:00+00:00,allocated,2,2,2,0,0,100.0,100.0
13498.0,2025-12-10T08:58:00+00:00,released,2,2,1,0,1,100.0,50.0
13498.0,2025-12-10T08:58:00+00:00,allocated,2,2,2,0,0,100.0,100.0
13587.5,2025-12-10T10:27:30+00:00,released,2,2,1,0,1,100.0,50.0
13587.5,2025-12-10T10:27:30+00:00,allocated,2,2,2,0,0,100.0,100.0
13604.5,2025-12-10T10:44:30+00:00,released,2,2,1,0,1,100.0,50.0
13604.5,2025-12-10T10:44:30+00:00,allocated,2,2,2,0,0,100.0,100.0
13630.5,2025-12-10T11:10:30+00:00,released,2,2,1,0,1,100.0,50.0
13630.5,2025-12-10T11:10:30+00:00,allocated,2,2,2,0,0,100.0,100.0
13645.0,2025-12-10T11:25:00+00:00,released,2,2,1,0,1,100.0,50.0
13645.0,2025-12-10T11:25:00+00:00,allocated,2,2,2,0,0,100.0,100.0
13656.5,2025-12-10T11:36:30+00:00,released,2,2,1,0,1,100.0,50.0
13686.0,2025-12-10T12:06:00+00:00,allocated,2,1,2,1,0,50.0,100.0
13703.0,2025-12-10T12:23:00+00:00,released,2,2,1,0,1,100.0,50.0
13703.0,2025-12-10T12:23:00+00:00,allocated,2,1,2,1,0,50.0,100.0
13729.0,2025-12-10T12:49:00+00:00,released,2,2,1,0,1,100.0,50.0
13729.0,2025-12-10T12:49:00+00:00,allocated,2,2,2,0,0,100.0,100.0
13746.0,2025-12-10T13:06:00+00:00,released,2,2,1,0,1,100.0,50.0
13746.0,2025-12-10T13:06:00+00:00,allocated,2,1,2,1,0,50.0,100.0
13772.0,2025-12-10T13:32:00+00:00,released,2,2,1,0,1,100.0,50.0
13772.0,2025-12-10T13:32:00+00:00,allocated,2,2,2,0,0,100.0,100.0
13833.5,2025-12-10T14:33:30+00:00,released,2,2,1,0,1,100.0,50.0
13833.5,2025-12-10T14:33:30+00:00,allocated,2,2,2,0,0,100.0,100.0
13850.5,2025-12-10T14:50:30+00:00,released,2,2,1,0,1,100.0,50.0
13850.5,2025-12-10T14:50:30+00:00,allocated,2,2,2,0,0,100.0,100.0
13943.0,2025-12-10T16:23:00+00:00,released,2,2,1,0,1,100.0,50.0
13943.0,2025-12-10T16:23:00+00:00,allocated,2,2,2,0,0,100.0,100.0
13969.0,2025-12-10T16:49:00+00:00,released,2,2,1,0,1,100.0,50.0
13969.0,2025-12-10T16:49:00+00:00,allocated,2,2,2,0,0,100.0,100.0
13979.0,2025-12-10T16:59:00+00:00,released,2,2,1,0,1,100.0,50.0
13979.0,2025-12-10T16:59:00+00:00,allocated,2,1,2,1,0,50.0,100.0
13993.5,2025-12-10T17:13:30+00:00,released,2,2,1,0,1,100.0,50.0
13993.5,2025-12-10T17:13:30+00:00,allocated,2,1,2,1,0,50.0,100.0
14005.0,2025-12-10T17:25:00+00:00,released,2,2,1,0,1,100.0,50.0
14024.5,2025-12-10T17:44:30+00:00,allocated,2,1,2,1,0,50.0,100.0
14041.5,2025-12-10T18:01:30+00:00,released,2,2,1,0,1,100.0,50.0
14041.5,2025-12-10T18:01:30+00:00,allocated,2,1,2,1,0,50.0,100.0
14067.5,2025-12-10T18:27:30+00:00,released,2,2,1,0,1,100.0,50.0
14067.5,2025-12-10T18:27:30+00:00,allocated,2,2,2,0,0,100.0,100.0
14084.5,2025-12-10T18:44:30+00:00,released,2,2,1,0,1,100.0,50.0
14084.5,2025-12-10T18:44:30+00:00,allocated,2,2,2,0,0,100.0,100.0
14126.5,2025-12-10T19:26:30+00:00,released,2,2,1,0,1,100.0,50.0
14126.5,2025-12-10T19:26:30+00:00,allocated,2,2,2,0,0,100.0,100.0
14143.5,2025-12-10T19:43:30+00:00,released,2,2,1,0,1,100.0,50.0
14143.5,2025-12-10T19:43:30+00:00,allocated,2,2,2,0,0,100.0,100.0
14169.5,2025-12-10T20:09:30+00:00,released,2,2,1,0,1,100.0,50.0
14169.5,2025-12-10T20:09:30+00:00,allocated,2,2,2,0,0,100.0,100.0
14195.5,2025-12-10T20:35:30+00:00,released,2,2,1,0,1,100.0,50.0
14195.5,2025-12-10T20:35:30+00:00,allocated,2,2,2,0,0,100.0,100.0
14215.5,2025-12-10T20:55:30+00:00,released,2,2,1,0,1,100.0,50.0
14215.5,2025-12-10T20:55:30+00:00,allocated,2,2,2,0,0,100.0,100.0
14237.0,2025-12-10T21:17:00+00:00,released,2,2,1,0,1,100.0,50.0
14237.0,2025-12-10T21:17:00+00:00,allocated,2,2,2,0,0,100.0,100.0
14254.0,2025-12-10T21:34:00+00:00,released,2,2,1,0,1,100.0,50.0
14254.0,2025-12-10T21:34:00+00:00,allocated,2,2,2,0,0,100.0,100.0
14271.0,2025-12-10T21:51:00+00:00,released,2,2,1,0,1,100.0,50.0
14271.0,2025-12-10T21:51:00+00:00,allocated,2,2,2,0,0,100.0,100.0
14297.0,2025-12-10T22:17:00+00:00,released,2,2,1,0,1,100.0,50.0
14297.0,2025-12-10T22:17:00+00:00,allocated,2,2,2,0,0,100.0,100.0
14374.5,2025-12-10T23:34:30+00:00,released,2,2,1,0,1,100.0,50.0
14374.5,2025-12-10T23:34:30+00:00,allocated,2,2,2,0,0,100.0,100.0
14391.5,2025-12-10T23:51:30+00:00,released,2,2,1,0,1,100.0,50.0
14391.5,2025-12-10T23:51:30+00:00,allocated,2,2,2,0,0,100.0,100.0
