timestamp,datetime,workshop_id,change_type,total_bays,busy_before,busy_after,available_before,available_after,utilization_before_percent,utilization_after_percent
506.0,2025-12-01T08:26:00+00:00,WS_01,bay_occupied,2,0,2,2,0,0.0,100.0
566.0,2025-12-01T09:26:00+00:00,WS_01,bay_freed,2,2,0,0,2,100.0,0.0
659.0,2025-12-01T10:59:00+00:00,WS_01,bay_occupied,2,0,2,2,0,0.0,100.0
719.0,2025-12-01T11:59:00+00:00,WS_01,bay_freed,2,2,0,0,2,100.0,0.0
840.0,2025-12-01T14:00:00+00:00,WS_02,bay_occupied,2,0,2,2,0,0.0,100.0
850.0,2025-12-01T14:10:00+00:00,WS_01,bay_occupied,2,0,2,2,0,0.0,100.0
900.0,2025-12-01T15:00:00+00:00,WS_02,bay_freed,2,2,0,0,2,100.0,0.0
910.0,2025-12-01T15:10:00+00:00,WS_01,bay_freed,2,2,0,0,2,100.0,0.0
1109.0,2025-12-01T18:29:00+00:00,WS_02,bay_occupied,2,0,2,2,0,0.0,100.0
1113.5,2025-12-01T18:33:30+00:00,WS_01,bay_occupied,2,0,2,2,0,0.0,100.0
1169.0,2025-12-01T19:29:00+00:00,WS_02,bay_freed,2,2,0,0,2,100.0,0.0
1173.5,2025-12-01T19:33:30+00:00,WS_01,bay_freed,2,2,0,0,2,100.0,0.0
1224.5,2025-12-01T20:24:30+00:00,WS_02,bay_occupied,2,0,2,2,0,0.0,100.0
1250.5,2025-12-01T20:50:30+00:00,WS_01,bay_occupied,2,0,2,2,0,0.0,100.0
1284.5,2025-12-01T21:24:30+00:00,WS_02,bay_freed,2,2,0,0,2,100.0,0.0
1310.5,2025-12-01T21:50:30+00:00,WS_01,bay_freed,2,2,0,0,2,100.0,0.0
1361.0,2025-12-01T22:41:00+00:00,WS_02,bay_occupied,2,0,2,2,0,0.0,100.0
1387.0,2025-12-01T23:07:00+00:00,WS_01,bay_occupied,2,0,2,2,0,0.0,100.0
1421.0,2025-12-01T23:41:00+00:00,WS_02,bay_freed,2,2,0,0,2,100.0,0.0
1447.0,2025-12-02T00:07:00+00:00,WS_01,bay_freed,2,2,0,0,2,100.0,0.0
1459.5,2025-12-02T00:19:30+00:00,WS_02,bay_occupied,2,0,2,2,0,0.0,100.0
1502.5,2025-12-02T01:02:30+00:00,WS_01,bay_occupied,2,0,2,2,0,0.0,100.0
1519.5,2025-12-02T01:19:30+00:00,WS_02,bay_freed,2,2,0,0,2,100.0,0.0
1562.5,2025-12-02T02:02:30+00:00,WS_01,bay_freed,2,2,0,0,2,100.0,0.0
1641.5,2025-12-02T03:21:30+00:00,WS_02,bay_occupied,2,0,2,2,0,0.0,100.0
1667.5,2025-12-02T03:47:30+00:00,WS_01,bay_occupied,2,0,2,2,0,0.0,100.0
1701.5,2025-12-02T04:21:30+00:00,WS_02,bay_freed,2,2,0,0,2,100.0,0.0
1727.5,2025-12-02T04:47:30+00:00,WS_01,bay_freed,2,2,0,0,2,100.0,0.0
1740.5,2025-12-02T05:00:30+00:00,WS_02,bay_occupied,2,0,2,2,0,0.0,100.0
1800.5,2025-12-02T06:00:30+00:00,WS_02,bay_freed,2,2,0,0,2,100.0,0.0
1908.0,2025-12-02T07:48:00+00:00,WS_01,bay_occupied,2,0,2,2,0,0.0,100.0
1930.5,2025-12-02T08:10:30+00:00,WS_02,bay_occupied,2,0,2,2,0,0.0,100.0
1968.0,2025-12-02T08:48:00+00:00,WS_01,bay_freed,2,2,0,0,2,100.0,0.0
1990.5,2025-12-02T09:10:30+00:00,WS_02,bay_freed,2,2,0,0,2,100.0,0.0
2006.5,2025-12-02T09:26:30+00:00,WS_01,bay_occupied,2,0,2,2,0,0.0,100.0
2049.5,2025-12-02T10:09:30+00:00,WS_02,bay_occupied,2,0,2,2,0,0.0,100.0
2066.5,2025-12-02T10:26:30+00:00,WS_01,bay_freed,2,2,0,0,2,100.0,0.0
2109.5,2025-12-02T11:09:30+00:00,WS_02,bay_freed,2,2,0,0,2,100.0,0.0
2165.5,2025-12-02T12:05:30+00:00,WS_01,bay_occupied,2,0,2,2,0,0.0,100.0
2222.5,2025-12-02T13:02:30+00:00,WS_02,bay_occupied,2,0,2,2,0,0.0,100.0
2225.5,2025-12-02T13:05:30+00:00,WS_01,bay_freed,2,2,0,0,2,100.0,0.0
2282.5,2025-12-02T14:02:30+00:00,WS_02,bay_freed,2,2,0,0,2,100.0,0.0
2382.5,2025-12-02T15:42:30+00:00,WS_01,bay_occupied,2,0,1,2,1,0.0,50.0
2408.5,2025-12-02T16:08:30+00:00,WS_02,bay_occupied,2,0,2,2,0,0.0,100.0
2442.5,2025-12-02T16:42:30+00:00,WS_01,bay_freed,2,1,0,1,2,50.0,0.0
2468.5,2025-12-02T17:08:30+00:00,WS_02,bay_freed,2,2,0,0,2,100.0,0.0
2480.0,2025-12-02T17:20:00+00:00,WS_01,bay_occupied,2,0,2,2,0,0.0,100.0
2540.0,2025-12-02T18:20:00+00:00,WS_01,bay_freed,2,2,0,0,2,100.0,0.0
2674.5,2025-12-02T20:34:30+00:00,WS_02,bay_occupied,2,0,2,2,0,0.0,100.0
2700.5,2025-12-02T21:00:30+00:00,WS_01,bay_occupied,2,0,2,2,0,0.0,100.0
2734.5,2025-12-02T21:34:30+00:00,WS_02,bay_freed,2,2,0,0,2,100.0,0.0
2760.5,2025-12-02T22:00:30+00:00,WS_01,bay_freed,2,2,0,0,2,100.0,0.0
2875.0,2025-12-02T23:55:00+00:00,WS_02,bay_occupied,2,0,2,2,0,0.0,100.0
2901.0,2025-12-03T00:21:00+00:00,WS_01,bay_occupied,2,0,2,2,0,0.0,100.0
2935.0,2025-12-03T00:55:00+00:00,WS_02,bay_freed,2,2,0,0,2,100.0,0.0
2961.0,2025-12-03T01:21:00+00:00,WS_01,bay_freed,2,2,0,0,2,100.0,0.0
3092.0,2025-12-03T03:32:00+00:00,WS_02,bay_occupied,2,0,2,2,0,0.0,100.0
3095.5,2025-12-03T03:35:30+00:00,WS_01,bay_occupied,2,0,2,2,0,0.0,100.0
3152.0,2025-12-03T04:32:00+00:00,WS_02,bay_freed,2,2,0,0,2,100.0,0.0
3155.5,2025-12-03T04:35:30+00:00,WS_01,bay_freed,2,2,0,0,2,100.0,0.0
3207.5,2025-12-03T05:27:30+00:00,WS_02,bay_occupied,2,0,2,2,0,0.0,100.0
3233.5,2025-12-03T05:53:30+00:00,WS_01,bay_occupied,2,0,2,2,0,0.0,100.0
3267.5,2025-12-03T06:27:30+00:00,WS_02,bay_freed,2,2,0,0,2,100.0,0.0
3293.5,2025-12-03T06:53:30+00:00,WS_01,bay_freed,2,2,0,0,2,100.0,0.0
3414.5,2025-12-03T08:54:30+00:00,WS_02,bay_occupied,2,0,2,2,0,0.0,100.0
3440.5,2025-12-03T09:20:30+00:00,WS_01,bay_occupied,2,0,2,2,0,0.0,100.0
3474.5,2025-12-03T09:54:30+00:00,WS_02,bay_freed,2,2,0,0,2,100.0,0.0
3500.5,2025-12-03T10:20:30+00:00,WS_01,bay_freed,2,2,0,0,2,100.0,0.0
3578.0,2025-12-03T11:38:00+00:00,WS_02,bay_occupied,2,0,2,2,0,0.0,100.0
3604.0,2025-12-03T12:04:00+00:00,WS_01,bay_occupied,2,0,2,2,0,0.0,100.0
3638.0,2025-12-03T12:38:00+00:00,WS_02,bay_freed,2,2,0,0,2,100.0,0.0
3664.0,2025-12-03T13:04:00+00:00,WS_01,bay_freed,2,2,0,0,2,100.0,0.0
3829.0,2025-12-03T15:49:00+00:00,WS_02,bay_occupied,2,0,2,2,0,0.0,100.0
3855.0,2025-12-03T16:15:00+00:00,WS_01,bay_occupied,2,0,2,2,0,0.0,100.0
3889.0,2025-12-03T16:49:00+00:00,WS_02,bay_freed,2,2,0,0,2,100.0,0.0
3915.0,2025-12-03T17:15:00+00:00,WS_01,bay_freed,2,2,0,0,2,100.0,0.0
4063.5,2025-12-03T19:43:30+00:00,WS_02,bay_occupied,2,0,2,2,0,0.0,100.0
4068.0,2025-12-03T19:48:00+00:00,WS_01,bay_occupied,2,0,2,2,0,0.0,100.0
4123.5,2025-12-03T20:43:30+00:00,WS_02,bay_freed,2,2,0,0,2,100.0,0.0
4128.0,2025-12-03T20:48:00+00:00,WS_01,bay_freed,2,2,0,0,2,100.0,0.0
4166.5,2025-12-03T21:26:30+00:00,WS_02,bay_occupied,2,0,2,2,0,0.0,100.0
4192.5,2025-12-03T21:52:30+00:00,WS_01,bay_occupied,2,0,2,2,0,0.0,100.0
4226.5,2025-12-03T22:26:30+00:00,WS_02,bay_freed,2,2,0,0,2,100.0,0.0
4252.5,2025-12-03T22:52:30+00:00,WS_01,bay_freed,2,2,0,0,2,100.0,0.0
4327.5,2025-12-04T00:07:30+00:00,WS_02,bay_occupied,2,0,2,2,0,0.0,100.0
4349.5,2025-12-04T00:29:30+00:00,WS_01,bay_occupied,2,0,2,2,0,0.0,100.0
4387.5,2025-12-04T01:07:30+00:00,WS_02,bay_freed,2,2,0,0,2,100.0,0.0
4409.5,2025-12-04T01:29:30+00:00,WS_01,bay_freed,2,2,0,0,2,100.0,0.0
4426.0,2025-12-04T01:46:00+00:00,WS_02,bay_occupied,2,0,2,2,0,0.0,100.0
4469.0,2025-12-04T02:29:00+00:00,WS_01,bay_occupied,2,0,2,2,0,0.0,100.0
4486.0,2025-12-04T02:46:00+00:00,WS_02,bay_freed,2,2,0,0,2,100.0,0.0
4529.0,2025-12-04T03:29:00+00:00,WS_01,bay_freed,2,2,0,0,2,100.0,0.0
4695.0,2025-12-04T06:15:00+00:00,WS_02,bay_occupied,2,0,2,2,0,0.0,100.0
4721.0,2025-12-04T06:41:00+00:00,WS_01,bay_occupied,2,0,2,2,0,0.0,100.0
4755.0,2025-12-04T07:15:00+00:00,WS_02,bay_freed,2,2,0,0,2,100.0,0.0
4781.0,2025-12-04T07:41:00+00:00,WS_01,bay_freed,2,2,0,0,2,100.0,0.0
4793.5,2025-12-04T07:53:30+00:00,WS_02,bay_occupied,2,0,2,2,0,0.0,100.0
4852.5,2025-12-04T08:52:30+00:00,WS_01,bay_occupied,2,0,2,2,0,0.0,100.0
4853.5,2025-12-04T08:53:30+00:00,WS_02,bay_freed,2,2,0,0,2,100.0,0.0
4912.5,2025-12-04T09:52:30+00:00,WS_01,bay_freed,2,2,0,0,2,100.0,0.0
5000.5,2025-12-04T11:20:30+00:00,WS_02,bay_occupied,2,0,2,2,0,0.0,100.0
5026.5,2025-12-04T11:46:30+00:00,WS_01,bay_occupied,2,0,2,2,0,0.0,100.0
5060.5,2025-12-04T12:20:30+00:00,WS_02,bay_freed,2,2,0,0,2,100.0,0.0
5086.5,2025-12-04T12:46:30+00:00,WS_01,bay_freed,2,2,0,0,2,100.0,0.0
5099.0,2025-12-04T12:59:00+00:00,WS_02,bay_occupied,2,0,2,2,0,0.0,100.0
5142.0,2025-12-04T13:42:00+00:00,WS_01,bay_occupied,2,0,2,2,0,0.0,100.0
5159.0,2025-12-04T13:59:00+00:00,WS_02,bay_freed,2,2,0,0,2,100.0,0.0
5202.0,2025-12-04T14:42:00+00:00,WS_01,bay_freed,2,2,0,0,2,100.0,0.0
5355.0,2025-12-04T17:15:00+00:00,WS_02,bay_occupied,2,0,2,2,0,0.0,100.0
5381.0,2025-12-04T17:41:00+00:00,WS_01,bay_occupied,2,0,2,2,0,0.0,100.0
5415.0,2025-12-04T18:15:00+00:00,WS_02,bay_freed,2,2,0,0,2,100.0,0.0
5441.0,2025-12-04T18:41:00+00:00,WS_01,bay_freed,2,2,0,0,2,100.0,0.0
5453.5,2025-12-04T18:53:30+00:00,WS_02,bay_occupied,2,0,2,2,0,0.0,100.0
5496.5,2025-12-04T19:36:30+00:00,WS_01,bay_occupied,2,0,2,2,0,0.0,100.0
5513.5,2025-12-04T19:53:30+00:00,WS_02,bay_freed,2,2,0,0,2,100.0,0.0
5556.5,2025-12-04T20:36:30+00:00,WS_01,bay_freed,2,2,0,0,2,100.0,0.0
5599.5,2025-12-04T21:19:30+00:00,WS_02,bay_occupied,2,0,2,2,0,0.0,100.0
5625.5,2025-12-04T21:45:30+00:00,WS_01,bay_occupied,2,0,2,2,0,0.0,100.0
5659.5,2025-12-04T22:19:30+00:00,WS_02,bay_freed,2,2,0,0,2,100.0,0.0
5685.5,2025-12-04T22:45:30+00:00,WS_01,bay_freed,2,2,0,0,2,100.0,0.0
5739.0,2025-12-04T23:39:00+00:00,WS_02,bay_occupied,2,0,2,2,0,0.0,100.0
5765.0,2025-12-05T00:05:00+00:00,WS_01,bay_occupied,2,0,2,2,0,0.0,100.0
5799.0,2025-12-05T00:39:00+00:00,WS_02,bay_freed,2,2,0,0,2,100.0,0.0
5825.0,2025-12-05T01:05:00+00:00,WS_01,bay_freed,2,2,0,0,2,100.0,0.0
5971.5,2025-12-05T03:31:30+00:00,WS_02,bay_occupied,2,0,2,2,0,0.0,100.0
5977.5,2025-12-05T03:37:30+00:00,WS_01,bay_occupied,2,0,2,2,0,0.0,100.0
6031.5,2025-12-05T04:31:30+00:00,WS_02,bay_freed,2,2,0,0,2,100.0,0.0
6037.5,2025-12-05T04:37:30+00:00,WS_01,bay_freed,2,2,0,0,2,100.0,0.0
6087.0,2025-12-05T05:27:00+00:00,WS_02,bay_occupied,2,0,2,2,0,0.0,100.0
6113.0,2025-12-05T05:53:00+00:00,WS_01,bay_occupied,2,0,2,2,0,0.0,100.0
6147.0,2025-12-05T06:27:00+00:00,WS_02,bay_freed,2,2,0,0,2,100.0,0.0
6173.0,2025-12-05T06:53:00+00:00,WS_01,bay_freed,2,2,0,0,2,100.0,0.0
6294.0,2025-12-05T08:54:00+00:00,WS_02,bay_occupied,2,0,2,2,0,0.0,100.0
6320.0,2025-12-05T09:20:00+00:00,WS_01,bay_occupied,2,0,2,2,0,0.0,100.0
6354.0,2025-12-05T09:54:00+00:00,WS_02,bay_freed,2,2,0,0,2,100.0,0.0
6380.0,2025-12-05T10:20:00+00:00,WS_01,bay_freed,2,2,0,0,2,100.0,0.0
6392.5,2025-12-05T10:32:30+00:00,WS_02,bay_occupied,2,0,2,2,0,0.0,100.0
6447.5,2025-12-05T11:27:30+00:00,WS_01,bay_occupied,2,0,2,2,0,0.0,100.0
6452.5,2025-12-05T11:32:30+00:00,WS_02,bay_freed,2,2,0,0,2,100.0,0.0
6507.5,2025-12-05T12:27:30+00:00,WS_01,bay_freed,2,2,0,0,2,100.0,0.0
6620.5,2025-12-05T14:20:30+00:00,WS_02,bay_occupied,2,0,2,2,0,0.0,100.0
6646.5,2025-12-05T14:46:30+00:00,WS_01,bay_occupied,2,0,2,2,0,0.0,100.0
6680.5,2025-12-05T15:20:30+00:00,WS_02,bay_freed,2,2,0,0,2,100.0,0.0
6706.5,2025-12-05T15:46:30+00:00,WS_01,bay_freed,2,2,0,0,2,100.0,0.0
6811.0,2025-12-05T17:31:00+00:00,WS_02,bay_occupied,2,0,2,2,0,0.0,100.0
6827.5,2025-12-05T17:47:30+00:00,WS_01,bay_occupied,2,0,2,2,0,0.0,100.0
6871.0,2025-12-05T18:31:00+00:00,WS_02,bay_freed,2,2,0,0,2,100.0,0.0
6887.5,2025-12-05T18:47:30+00:00,WS_01,bay_freed,2,2,0,0,2,100.0,0.0
6926.5,2025-12-05T19:26:30+00:00,WS_02,bay_occupied,2,0,2,2,0,0.0,100.0
6952.5,2025-12-05T19:52:30+00:00,WS_01,bay_occupied,2,0,2,2,0,0.0,100.0
6986.5,2025-12-05T20:26:30+00:00,WS_02,bay_freed,2,2,0,0,2,100.0,0.0
7012.5,2025-12-05T20:52:30+00:00,WS_01,bay_freed,2,2,0,0,2,100.0,0.0
7143.5,2025-12-05T23:03:30+00:00,WS_02,bay_occupied,2,0,2,2,0,0.0,100.0
7146.5,2025-12-05T23:06:30+00:00,WS_01,bay_occupied,2,0,2,2,0,0.0,100.0
7203.5,2025-12-06T00:03:30+00:00,WS_02,bay_freed,2,2,0,0,2,100.0,0.0
7206.5,2025-12-06T00:06:30+00:00,WS_01,bay_freed,2,2,0,0,2,100.0,0.0
7259.0,2025-12-06T00:59:00+00:00,WS_02,bay_occupied,2,0,2,2,0,0.0,100.0
7285.0,2025-12-06T01:25:00+00:00,WS_01,bay_occupied,2,0,2,2,0,0.0,100.0
7319.0,2025-12-06T01:59:00+00:00,WS_02,bay_freed,2,2,0,0,2,100.0,0.0
7345.0,2025-12-06T02:25:00+00:00,WS_01,bay_freed,2,2,0,0,2,100.0,0.0
7493.0,2025-12-06T04:53:00+00:00,WS_02,bay_occupied,2,0,2,2,0,0.0,100.0
7519.0,2025-12-06T05:19:00+00:00,WS_01,bay_occupied,2,0,2,2,0,0.0,100.0
7553.0,2025-12-06T05:53:00+00:00,WS_02,bay_freed,2,2,0,0,2,100.0,0.0
7579.0,2025-12-06T06:19:00+00:00,WS_01,bay_freed,2,2,0,0,2,100.0,0.0
7591.5,2025-12-06T06:31:30+00:00,WS_02,bay_occupied,2,0,2,2,0,0.0,100.0
7651.5,2025-12-06T07:31:30+00:00,WS_02,bay_freed,2,2,0,0,2,100.0,0.0
7659.0,2025-12-06T07:39:00+00:00,WS_01,bay_occupied,2,0,2,2,0,0.0,100.0
7719.0,2025-12-06T08:39:00+00:00,WS_01,bay_freed,2,2,0,0,2,100.0,0.0
7814.5,2025-12-06T10:14:30+00:00,WS_02,bay_occupied,2,0,2,2,0,0.0,100.0
7840.5,2025-12-06T10:40:30+00:00,WS_01,bay_occupied,2,0,2,2,0,0.0,100.0
7874.5,2025-12-06T11:14:30+00:00,WS_02,bay_freed,2,2,0,0,2,100.0,0.0
7900.5,2025-12-06T11:40:30+00:00,WS_01,bay_freed,2,2,0,0,2,100.0,0.0
7913.0,2025-12-06T11:53:00+00:00,WS_02,bay_occupied,2,0,2,2,0,0.0,100.0
7973.0,2025-12-06T12:53:00+00:00,WS_02,bay_freed,2,2,0,0,2,100.0,0.0
8049.5,2025-12-06T14:09:30+00:00,WS_01,bay_occupied,2,0,2,2,0,0.0,100.0
8075.5,2025-12-06T14:35:30+00:00,WS_02,bay_occupied,2,0,2,2,0,0.0,100.0
8109.5,2025-12-06T15:09:30+00:00,WS_01,bay_freed,2,2,0,0,2,100.0,0.0
8135.5,2025-12-06T15:35:30+00:00,WS_02,bay_freed,2,2,0,0,2,100.0,0.0
8274.5,2025-12-06T17:54:30+00:00,WS_01,bay_occupied,2,0,2,2,0,0.0,100.0
8279.5,2025-12-06T17:59:30+00:00,WS_02,bay_occupied,2,0,2,2,0,0.0,100.0
8334.5,2025-12-06T18:54:30+00:00,WS_01,bay_freed,2,2,0,0,2,100.0,0.0
8339.5,2025-12-06T18:59:30+00:00,WS_02,bay_freed,2,2,0,0,2,100.0,0.0
8463.5,2025-12-06T21:03:30+00:00,WS_01,bay_occupied,2,0,2,2,0,0.0,100.0
8489.5,2025-12-06T21:29:30+00:00,WS_02,bay_occupied,2,0,2,2,0,0.0,100.0
8523.5,2025-12-06T22:03:30+00:00,WS_01,bay_freed,2,2,0,0,2,100.0,0.0
8549.5,2025-12-06T22:29:30+00:00,WS_02,bay_freed,2,2,0,0,2,100.0,0.0
8687.5,2025-12-07T00:47:30+00:00,WS_01,bay_occupied,2,0,2,2,0,0.0,100.0
8713.5,2025-12-07T01:13:30+00:00,WS_02,bay_occupied,2,0,2,2,0,0.0,100.0
8747.5,2025-12-07T01:47:30+00:00,WS_01,bay_freed,2,2,0,0,2,100.0,0.0
8773.5,2025-12-07T02:13:30+00:00,WS_02,bay_freed,2,2,0,0,2,100.0,0.0
8847.5,2025-12-07T03:27:30+00:00,WS_01,bay_occupied,2,0,2,2,0,0.0,100.0
8873.5,2025-12-07T03:53:30+00:00,WS_02,bay_occupied,2,0,2,2,0,0.0,100.0
8907.5,2025-12-07T04:27:30+00:00,WS_01,bay_freed,2,2,0,0,2,100.0,0.0
8933.5,2025-12-07T04:53:30+00:00,WS_02,bay_freed,2,2,0,0,2,100.0,0.0
9048.0,2025-12-07T06:48:00+00:00,WS_01,bay_occupied,2,0,2,2,0,0.0,100.0
9059.0,2025-12-07T06:59:00+00:00,WS_02,bay_occupied,2,0,2,2,0,0.0,100.0
9108.0,2025-12-07T07:48:00+00:00,WS_01,bay_freed,2,2,0,0,2,100.0,0.0
9119.0,2025-12-07T07:59:00+00:00,WS_02,bay_freed,2,2,0,0,2,100.0,0.0
9250.0,2025-12-07T10:10:00+00:00,WS_01,bay_occupied,2,0,2,2,0,0.0,100.0
9253.0,2025-12-07T10:13:00+00:00,WS_02,bay_occupied,2,0,2,2,0,0.0,100.0
9310.0,2025-12-07T11:10:00+00:00,WS_01,bay_freed,2,2,0,0,2,100.0,0.0
9313.0,2025-12-07T11:13:00+00:00,WS_02,bay_freed,2,2,0,0,2,100.0,0.0
9365.5,2025-12-07T12:05:30+00:00,WS_01,bay_occupied,2,0,2,2,0,0.0,100.0
9391.5,2025-12-07T12:31:30+00:00,WS_02,bay_occupied,2,0,2,2,0,0.0,100.0
9425.5,2025-12-07T13:05:30+00:00,WS_01,bay_freed,2,2,0,0,2,100.0,0.0
9451.5,2025-12-07T13:31:30+00:00,WS_02,bay_freed,2,2,0,0,2,100.0,0.0
9597.5,2025-12-07T15:57:30+00:00,WS_01,bay_occupied,2,0,2,2,0,0.0,100.0
9623.5,2025-12-07T16:23:30+00:00,WS_02,bay_occupied,2,0,2,2,0,0.0,100.0
9657.5,2025-12-07T16:57:30+00:00,WS_01,bay_freed,2,2,0,0,2,100.0,0.0
9683.5,2025-12-07T17:23:30+00:00,WS_02,bay_freed,2,2,0,0,2,100.0,0.0
9763.0,2025-12-07T18:43:00+00:00,WS_01,bay_occupied,2,0,2,2,0,0.0,100.0
9789.0,2025-12-07T19:09:00+00:00,WS_02,bay_occupied,2,0,2,2,0,0.0,100.0
9823.0,2025-12-07T19:43:00+00:00,WS_01,bay_freed,2,2,0,0,2,100.0,0.0
9849.0,2025-12-07T20:09:00+00:00,WS_02,bay_freed,2,2,0,0,2,100.0,0.0
9961.5,2025-12-07T22:01:30+00:00,WS_01,bay_occupied,2,0,2,2,0,0.0,100.0
9987.5,2025-12-07T22:27:30+00:00,WS_02,bay_occupied,2,0,2,2,0,0.0,100.0
10021.5,2025-12-07T23:01:30+00:00,WS_01,bay_freed,2,2,0,0,2,100.0,0.0
10047.5,2025-12-07T23:27:30+00:00,WS_02,bay_freed,2,2,0,0,2,100.0,0.0
10060.0,2025-12-07T23:40:00+00:00,WS_01,bay_occupied,2,0,2,2,0,0.0,100.0
10112.0,2025-12-08T00:32:00+00:00,WS_02,bay_occupied,2,0,2,2,0,0.0,100.0
10120.0,2025-12-08T00:40:00+00:00,WS_01,bay_freed,2,2,0,0,2,100.0,0.0
10172.0,2025-12-08T01:32:00+00:00,WS_02,bay_freed,2,2,0,0,2,100.0,0.0
10299.0,2025-12-08T03:39:00+00:00,WS_01,bay_occupied,2,0,2,2,0,0.0,100.0
10310.5,2025-12-08T03:50:30+00:00,WS_02,bay_occupied,2,0,2,2,0,0.0,100.0
10359.0,2025-12-08T04:39:00+00:00,WS_01,bay_freed,2,2,0,0,2,100.0,0.0
10370.5,2025-12-08T04:50:30+00:00,WS_02,bay_freed,2,2,0,0,2,100.0,0.0
10501.5,2025-12-08T07:01:30+00:00,WS_01,bay_occupied,2,0,2,2,0,0.0,100.0
10504.0,2025-12-08T07:04:00+00:00,WS_02,bay_occupied,2,0,2,2,0,0.0,100.0
10561.5,2025-12-08T08:01:30+00:00,WS_01,bay_freed,2,2,0,0,2,100.0,0.0
10564.0,2025-12-08T08:04:00+00:00,WS_02,bay_freed,2,2,0,0,2,100.0,0.0
10617.0,2025-12-08T08:57:00+00:00,WS_01,bay_occupied,2,0,2,2,0,0.0,100.0
10643.0,2025-12-08T09:23:00+00:00,WS_02,bay_occupied,2,0,2,2,0,0.0,100.0
10677.0,2025-12-08T09:57:00+00:00,WS_01,bay_freed,2,2,0,0,2,100.0,0.0
10703.0,2025-12-08T10:23:00+00:00,WS_02,bay_freed,2,2,0,0,2,100.0,0.0
10831.0,2025-12-08T12:31:00+00:00,WS_01,bay_occupied,2,0,2,2,0,0.0,100.0
10857.0,2025-12-08T12:57:00+00:00,WS_02,bay_occupied,2,0,2,2,0,0.0,100.0
10891.0,2025-12-08T13:31:00+00:00,WS_01,bay_freed,2,2,0,0,2,100.0,0.0
10917.0,2025-12-08T13:57:00+00:00,WS_02,bay_freed,2,2,0,0,2,100.0,0.0
11011.5,2025-12-08T15:31:30+00:00,WS_01,bay_occupied,2,0,2,2,0,0.0,100.0
11037.5,2025-12-08T15:57:30+00:00,WS_02,bay_occupied,2,0,2,2,0,0.0,100.0
11071.5,2025-12-08T16:31:30+00:00,WS_01,bay_freed,2,2,0,0,2,100.0,0.0
11097.5,2025-12-08T16:57:30+00:00,WS_02,bay_freed,2,2,0,0,2,100.0,0.0
11211.0,2025-12-08T18:51:00+00:00,WS_01,bay_occupied,2,0,2,2,0,0.0,100.0
11237.0,2025-12-08T19:17:00+00:00,WS_02,bay_occupied,2,0,2,2,0,0.0,100.0
11271.0,2025-12-08T19:51:00+00:00,WS_01,bay_freed,2,2,0,0,2,100.0,0.0
11297.0,2025-12-08T20:17:00+00:00,WS_02,bay_freed,2,2,0,0,2,100.0,0.0
11426.0,2025-12-08T22:26:00+00:00,WS_01,bay_occupied,2,0,2,2,0,0.0,100.0
11452.0,2025-12-08T22:52:00+00:00,WS_02,bay_occupied,2,0,2,2,0,0.0,100.0
11486.0,2025-12-08T23:26:00+00:00,WS_01,bay_freed,2,2,0,0,2,100.0,0.0
11512.0,2025-12-08T23:52:00+00:00,WS_02,bay_freed,2,2,0,0,2,100.0,0.0
11599.5,2025-12-09T01:19:30+00:00,WS_01,bay_occupied,2,0,2,2,0,0.0,100.0
11625.0,2025-12-09T01:45:00+00:00,WS_02,bay_occupied,2,0,2,2,0,0.0,100.0
11659.5,2025-12-09T02:19:30+00:00,WS_01,bay_freed,2,2,0,0,2,100.0,0.0
11685.0,2025-12-09T02:45:00+00:00,WS_02,bay_freed,2,2,0,0,2,100.0,0.0
11698.0,2025-12-09T02:58:00+00:00,WS_01,bay_occupied,2,0,2,2,0,0.0,100.0
11734.5,2025-12-09T03:34:30+00:00,WS_02,bay_occupied,2,0,2,2,0,0.0,100.0
11758.0,2025-12-09T03:58:00+00:00,WS_01,bay_freed,2,2,0,0,2,100.0,0.0
11794.5,2025-12-09T04:34:30+00:00,WS_02,bay_freed,2,2,0,0,2,100.0,0.0
11907.5,2025-12-09T06:27:30+00:00,WS_01,bay_occupied,2,0,2,2,0,0.0,100.0
11933.5,2025-12-09T06:53:30+00:00,WS_02,bay_occupied,2,0,2,2,0,0.0,100.0
11967.5,2025-12-09T07:27:30+00:00,WS_01,bay_freed,2,2,0,0,2,100.0,0.0
11993.5,2025-12-09T07:53:30+00:00,WS_02,bay_freed,2,2,0,0,2,100.0,0.0
12006.0,2025-12-09T08:06:00+00:00,WS_01,bay_occupied,2,0,2,2,0,0.0,100.0
12066.0,2025-12-09T09:06:00+00:00,WS_01,bay_freed,2,2,0,0,2,100.0,0.0
12124.5,2025-12-09T10:04:30+00:00,WS_02,bay_occupied,2,0,2,2,0,0.0,100.0
12150.5,2025-12-09T10:30:30+00:00,WS_01,bay_occupied,2,0,2,2,0,0.0,100.0
12184.5,2025-12-09T11:04:30+00:00,WS_02,bay_freed,2,2,0,0,2,100.0,0.0
12210.5,2025-12-09T11:30:30+00:00,WS_01,bay_freed,2,2,0,0,2,100.0,0.0
12251.5,2025-12-09T12:11:30+00:00,WS_02,bay_occupied,2,0,2,2,0,0.0,100.0
12277.5,2025-12-09T12:37:30+00:00,WS_01,bay_occupied,2,0,2,2,0,0.0,100.0
12311.5,2025-12-09T13:11:30+00:00,WS_02,bay_freed,2,2,0,0,2,100.0,0.0
12337.5,2025-12-09T13:37:30+00:00,WS_01,bay_freed,2,2,0,0,2,100.0,0.0
12376.0,2025-12-09T14:16:00+00:00,WS_02,bay_occupied,2,0,2,2,0,0.0,100.0
12402.0,2025-12-09T14:42:00+00:00,WS_01,bay_occupied,2,0,2,2,0,0.0,100.0
12436.0,2025-12-09T15:16:00+00:00,WS_02,bay_freed,2,2,0,0,2,100.0,0.0
12462.0,2025-12-09T15:42:00+00:00,WS_01,bay_freed,2,2,0,0,2,100.0,0.0
12530.0,2025-12-09T16:50:00+00:00,WS_02,bay_occupied,2,0,2,2,0,0.0,100.0
12556.0,2025-12-09T17:16:00+00:00,WS_01,bay_occupied,2,0,2,2,0,0.0,100.0
12590.0,2025-12-09T17:50:00+00:00,WS_02,bay_freed,2,2,0,0,2,100.0,0.0
12616.0,2025-12-09T18:16:00+00:00,WS_01,bay_freed,2,2,0,0,2,100.0,0.0
12628.5,2025-12-09T18:28:30+00:00,WS_02,bay_occupied,2,0,2,2,0,0.0,100.0
12688.5,2025-12-09T19:28:30+00:00,WS_02,bay_freed,2,2,0,0,2,100.0,0.0
12762.0,2025-12-09T20:42:00+00:00,WS_01,bay_occupied,2,0,2,2,0,0.0,100.0
12788.0,2025-12-09T21:08:00+00:00,WS_02,bay_occupied,2,0,2,2,0,0.0,100.0
12822.0,2025-12-09T21:42:00+00:00,WS_01,bay_freed,2,2,0,0,2,100.0,0.0
12848.0,2025-12-09T22:08:00+00:00,WS_02,bay_freed,2,2,0,0,2,100.0,0.0
12976.5,2025-12-10T00:16:30+00:00,WS_01,bay_occupied,2,0,2,2,0,0.0,100.0
12989.5,2025-12-10T00:29:30+00:00,WS_02,bay_occupied,2,0,2,2,0,0.0,100.0
13036.5,2025-12-10T01:16:30+00:00,WS_01,bay_freed,2,2,0,0,2,100.0,0.0
13049.5,2025-12-10T01:29:30+00:00,WS_02,bay_freed,2,2,0,0,2,100.0,0.0
13088.0,2025-12-10T02:08:00+00:00,WS_01,bay_occupied,2,0,2,2,0,0.0,100.0
13114.0,2025-12-10T02:34:00+00:00,WS_02,bay_occupied,2,0,2,2,0,0.0,100.0
13148.0,2025-12-10T03:08:00+00:00,WS_01,bay_freed,2,2,0,0,2,100.0,0.0
13174.0,2025-12-10T03:34:00+00:00,WS_02,bay_freed,2,2,0,0,2,100.0,0.0
13240.5,2025-12-10T04:40:30+00:00,WS_01,bay_occupied,2,0,2,2,0,0.0,100.0
13266.5,2025-12-10T05:06:30+00:00,WS_02,bay_occupied,2,0,2,2,0,0.0,100.0
13300.5,2025-12-10T05:40:30+00:00,WS_01,bay_freed,2,2,0,0,2,100.0,0.0
13326.5,2025-12-10T06:06:30+00:00,WS_02,bay_freed,2,2,0,0,2,100.0,0.0
13377.5,2025-12-10T06:57:30+00:00,WS_01,bay_occupied,2,0,2,2,0,0.0,100.0
13403.5,2025-12-10T07:23:30+00:00,WS_02,bay_occupied,2,0,2,2,0,0.0,100.0
13437.5,2025-12-10T07:57:30+00:00,WS_01,bay_freed,2,2,0,0,2,100.0,0.0
13463.5,2025-12-10T08:23:30+00:00,WS_02,bay_freed,2,2,0,0,2,100.0,0.0
13476.0,2025-12-10T08:36:00+00:00,WS_01,bay_occupied,2,0,2,2,0,0.0,100.0
13536.0,2025-12-10T09:36:00+00:00,WS_01,bay_freed,2,2,0,0,2,100.0,0.0
13625.5,2025-12-10T11:05:30+00:00,WS_02,bay_occupied,2,0,2,2,0,0.0,100.0
13651.5,2025-12-10T11:31:30+00:00,WS_01,bay_occupied,2,0,2,2,0,0.0,100.0
13685.5,2025-12-10T12:05:30+00:00,WS_02,bay_freed,2,2,0,0,2,100.0,0.0
13711.5,2025-12-10T12:31:30+00:00,WS_01,bay_freed,2,2,0,0,2,100.0,0.0
13724.0,2025-12-10T12:44:00+00:00,WS_02,bay_occupied,2,0,2,2,0,0.0,100.0
13767.0,2025-12-10T13:27:00+00:00,WS_01,bay_occupied,2,0,2,2,0,0.0,100.0
13784.0,2025-12-10T13:44:00+00:00,WS_02,bay_freed,2,2,0,0,2,100.0,0.0
13827.0,2025-12-10T14:27:00+00:00,WS_01,bay_freed,2,2,0,0,2,100.0,0.0
13964.0,2025-12-10T16:44:00+00:00,WS_02,bay_occupied,2,0,2,2,0,0.0,100.0
14000.0,2025-12-10T17:20:00+00:00,WS_01,bay_occupied,2,0,2,2,0,0.0,100.0
14024.0,2025-12-10T17:44:00+00:00,WS_02,bay_freed,2,2,0,0,2,100.0,0.0
14060.0,2025-12-10T18:20:00+00:00,WS_01,bay_freed,2,2,0,0,2,100.0,0.0
14062.5,2025-12-10T18:22:30+00:00,WS_02,bay_occupied,2,0,2,2,0,0.0,100.0
14122.5,2025-12-10T19:22:30+00:00,WS_02,bay_freed,2,2,0,0,2,100.0,0.0
14164.5,2025-12-10T20:04:30+00:00,WS_01,bay_occupied,2,0,2,2,0,0.0,100.0
14190.5,2025-12-10T20:30:30+00:00,WS_02,bay_occupied,2,0,2,2,0,0.0,100.0
14224.5,2025-12-10T21:04:30+00:00,WS_01,bay_freed,2,2,0,0,2,100.0,0.0
14250.5,2025-12-10T21:30:30+00:00,WS_02,bay_freed,2,2,0,0,2,100.0,0.0
14292.0,2025-12-10T22:12:00+00:00,WS_01,bay_occupied,2,0,2,2,0,0.0,100.0
14352.0,2025-12-10T23:12:00+00:00,WS_01,bay_freed,2,2,0,0,2,100.0,0.0
