timestamp,datetime,locomotive_id,event,from_location,to_location,purpose
360.0,2025-12-01T06:00:00+00:00,LOCO_01,MOVING,track_19,collection1,
420.0,2025-12-01T07:00:00+00:00,LOCO_01,ALLOCATED,,,batch_transport
425.0,2025-12-01T07:05:00+00:00,LOCO_01,MOVING,collection1,retrofit,
487.0,2025-12-01T08:07:00+00:00,LOCO_02,MOVING,track_19,retrofit,
494.0,2025-12-01T08:14:00+00:00,LOCO_01,MOVING,retrofit,track_19,
495.0,2025-12-01T08:15:00+00:00,LOCO_02,MOVING,retrofit,WS_01,
499.0,2025-12-01T08:19:00+00:00,LOCO_01,PARKING,,,
499.0,2025-12-01T08:19:00+00:00,LOCO_01,MOVING,track_19,collection1,
506.0,2025-12-01T08:26:00+00:00,LOCO_02,MOVING,WS_01,track_19,
559.0,2025-12-01T09:19:00+00:00,LOCO_01,ALLOCATED,,,batch_transport
564.0,2025-12-01T09:24:00+00:00,LOCO_01,MOVING,collection1,retrofit,
566.5,2025-12-01T09:26:30+00:00,LOCO_02,MOVING,track_19,WS_01,
573.5,2025-12-01T09:33:30+00:00,LOCO_02,MOVING,WS_01,retrofitted,
578.5,2025-12-01T09:38:30+00:00,LOCO_02,MOVING,retrofitted,track_19,
583.5,2025-12-01T09:43:30+00:00,LOCO_02,ALLOCATED,,,batch_transport
583.5,2025-12-01T09:43:30+00:00,LOCO_02,MOVING,track_19,retrofitted,
590.5,2025-12-01T09:50:30+00:00,LOCO_02,MOVING,retrofitted,parking16,
633.0,2025-12-01T10:33:00+00:00,LOCO_01,MOVING,retrofit,track_19,
638.0,2025-12-01T10:38:00+00:00,LOCO_01,PARKING,,,
640.0,2025-12-01T10:40:00+00:00,LOCO_01,MOVING,track_19,retrofit,
648.0,2025-12-01T10:48:00+00:00,LOCO_01,MOVING,retrofit,WS_01,
659.0,2025-12-01T10:59:00+00:00,LOCO_01,MOVING,WS_01,track_19,
664.0,2025-12-01T11:04:00+00:00,LOCO_01,MOVING,track_19,collection1,
712.0,2025-12-01T11:52:00+00:00,LOCO_02,MOVING,parking16,track_19,
724.0,2025-12-01T12:04:00+00:00,LOCO_01,ALLOCATED,,,batch_transport
733.0,2025-12-01T12:13:00+00:00,LOCO_01,MOVING,collection1,retrofit,
772.0,2025-12-01T12:52:00+00:00,LOCO_02,MOVING,track_19,WS_01,
779.0,2025-12-01T12:59:00+00:00,LOCO_02,MOVING,WS_01,retrofitted,
784.0,2025-12-01T13:04:00+00:00,LOCO_02,MOVING,retrofitted,track_19,
795.0,2025-12-01T13:15:00+00:00,LOCO_02,MOVING,track_19,retrofit,
803.0,2025-12-01T13:23:00+00:00,LOCO_02,MOVING,retrofit,WS_01,
814.0,2025-12-01T13:34:00+00:00,LOCO_01,MOVING,retrofit,track_19,
814.0,2025-12-01T13:34:00+00:00,LOCO_02,MOVING,WS_01,track_19,
819.0,2025-12-01T13:39:00+00:00,LOCO_01,PARKING,,,
821.0,2025-12-01T13:41:00+00:00,LOCO_01,MOVING,track_19,retrofit,
829.0,2025-12-01T13:49:00+00:00,LOCO_01,MOVING,retrofit,WS_02,
829.0,2025-12-01T13:49:00+00:00,LOCO_02,ALLOCATED,,,batch_transport
829.0,2025-12-01T13:49:00+00:00,LOCO_02,MOVING,track_19,retrofitted,
836.0,2025-12-01T13:56:00+00:00,LOCO_02,MOVING,retrofitted,parking16,
840.0,2025-12-01T14:00:00+00:00,LOCO_01,MOVING,WS_02,track_19,
849.0,2025-12-01T14:09:00+00:00,LOCO_01,MOVING,track_19,collection1,
909.0,2025-12-01T15:09:00+00:00,LOCO_01,ALLOCATED,,,batch_transport
942.0,2025-12-01T15:42:00+00:00,LOCO_01,MOVING,collection1,retrofit,
957.5,2025-12-01T15:57:30+00:00,LOCO_02,MOVING,parking16,track_19,
1017.5,2025-12-01T16:57:30+00:00,LOCO_02,MOVING,track_19,WS_01,
1024.5,2025-12-01T17:04:30+00:00,LOCO_02,MOVING,WS_01,retrofitted,
1029.5,2025-12-01T17:09:30+00:00,LOCO_02,MOVING,retrofitted,track_19,
1034.5,2025-12-01T17:14:30+00:00,LOCO_02,MOVING,track_19,WS_02,
1041.5,2025-12-01T17:21:30+00:00,LOCO_02,MOVING,WS_02,retrofitted,
1046.5,2025-12-01T17:26:30+00:00,LOCO_02,MOVING,retrofitted,track_19,
1053.5,2025-12-01T17:33:30+00:00,LOCO_02,MOVING,track_19,retrofit,
1061.5,2025-12-01T17:41:30+00:00,LOCO_02,MOVING,retrofit,WS_01,
1072.5,2025-12-01T17:52:30+00:00,LOCO_02,MOVING,WS_01,track_19,
1079.5,2025-12-01T17:59:30+00:00,LOCO_02,MOVING,track_19,retrofit,
1087.5,2025-12-01T18:07:30+00:00,LOCO_02,MOVING,retrofit,WS_02,
1095.0,2025-12-01T18:15:00+00:00,LOCO_01,MOVING,retrofit,track_19,
1098.5,2025-12-01T18:18:30+00:00,LOCO_02,MOVING,WS_02,track_19,
1100.0,2025-12-01T18:20:00+00:00,LOCO_01,PARKING,,,
1100.0,2025-12-01T18:20:00+00:00,LOCO_01,ALLOCATED,,,batch_transport
1100.0,2025-12-01T18:20:00+00:00,LOCO_01,MOVING,track_19,retrofitted,
1107.0,2025-12-01T18:27:00+00:00,LOCO_01,MOVING,retrofitted,parking16,
1130.0,2025-12-01T18:50:00+00:00,LOCO_02,MOVING,track_19,collection1,
1190.0,2025-12-01T19:50:00+00:00,LOCO_02,ALLOCATED,,,batch_transport
1203.0,2025-12-01T20:03:00+00:00,LOCO_02,MOVING,collection1,retrofit,
1228.5,2025-12-01T20:28:30+00:00,LOCO_01,MOVING,parking16,track_19,
1288.5,2025-12-01T21:28:30+00:00,LOCO_01,MOVING,track_19,WS_01,
1295.5,2025-12-01T21:35:30+00:00,LOCO_01,MOVING,WS_01,retrofitted,
1296.0,2025-12-01T21:36:00+00:00,LOCO_02,MOVING,retrofit,track_19,
1300.5,2025-12-01T21:40:30+00:00,LOCO_01,MOVING,retrofitted,track_19,
1301.0,2025-12-01T21:41:00+00:00,LOCO_02,PARKING,,,
1301.0,2025-12-01T21:41:00+00:00,LOCO_02,MOVING,track_19,WS_02,
1305.5,2025-12-01T21:45:30+00:00,LOCO_01,ALLOCATED,,,batch_transport
1305.5,2025-12-01T21:45:30+00:00,LOCO_01,MOVING,track_19,retrofitted,
1308.0,2025-12-01T21:48:00+00:00,LOCO_02,MOVING,WS_02,retrofitted,
1312.5,2025-12-01T21:52:30+00:00,LOCO_01,MOVING,retrofitted,parking16,
1313.0,2025-12-01T21:53:00+00:00,LOCO_02,MOVING,retrofitted,track_19,
1320.0,2025-12-01T22:00:00+00:00,LOCO_02,MOVING,track_19,retrofit,
1328.0,2025-12-01T22:08:00+00:00,LOCO_02,MOVING,retrofit,WS_01,
1339.0,2025-12-01T22:19:00+00:00,LOCO_02,MOVING,WS_01,track_19,
1346.0,2025-12-01T22:26:00+00:00,LOCO_02,MOVING,track_19,retrofit,
1354.0,2025-12-01T22:34:00+00:00,LOCO_02,MOVING,retrofit,WS_02,
1365.0,2025-12-01T22:45:00+00:00,LOCO_02,MOVING,WS_02,track_19,
1370.0,2025-12-01T22:50:00+00:00,LOCO_02,MOVING,track_19,collection1,
1430.0,2025-12-01T23:50:00+00:00,LOCO_02,ALLOCATED,,,batch_transport
1433.0,2025-12-01T23:53:00+00:00,LOCO_02,MOVING,collection1,retrofit,
1434.0,2025-12-01T23:54:00+00:00,LOCO_01,MOVING,parking16,track_19,
1494.0,2025-12-02T00:54:00+00:00,LOCO_01,MOVING,track_19,WS_01,
1496.0,2025-12-02T00:56:00+00:00,LOCO_02,MOVING,retrofit,track_19,
1501.0,2025-12-02T01:01:00+00:00,LOCO_02,PARKING,,,
1501.0,2025-12-02T01:01:00+00:00,LOCO_01,MOVING,WS_01,retrofitted,
1501.0,2025-12-02T01:01:00+00:00,LOCO_02,MOVING,track_19,WS_02,
1506.0,2025-12-02T01:06:00+00:00,LOCO_01,MOVING,retrofitted,track_19,
1508.0,2025-12-02T01:08:00+00:00,LOCO_02,MOVING,WS_02,retrofitted,
1511.0,2025-12-02T01:11:00+00:00,LOCO_01,ALLOCATED,,,batch_transport
1511.0,2025-12-02T01:11:00+00:00,LOCO_01,MOVING,track_19,retrofitted,
1513.0,2025-12-02T01:13:00+00:00,LOCO_02,MOVING,retrofitted,track_19,
1519.0,2025-12-02T01:19:00+00:00,LOCO_01,MOVING,retrofitted,parking16,
1520.0,2025-12-02T01:20:00+00:00,LOCO_02,MOVING,track_19,retrofit,
1528.0,2025-12-02T01:28:00+00:00,LOCO_02,MOVING,retrofit,WS_01,
1539.0,2025-12-02T01:39:00+00:00,LOCO_02,MOVING,WS_01,track_19,
1546.0,2025-12-02T01:46:00+00:00,LOCO_02,MOVING,track_19,retrofit,
1554.0,2025-12-02T01:54:00+00:00,LOCO_02,MOVING,retrofit,WS_02,
1565.0,2025-12-02T02:05:00+00:00,LOCO_02,MOVING,WS_02,track_19,
1570.0,2025-12-02T02:10:00+00:00,LOCO_02,MOVING,track_19,collection1,
1630.0,2025-12-02T03:10:00+00:00,LOCO_02,ALLOCATED,,,batch_transport
1635.0,2025-12-02T03:15:00+00:00,LOCO_02,MOVING,collection1,retrofit,
1642.5,2025-12-02T03:22:30+00:00,LOCO_01,MOVING,parking16,track_19,
1702.5,2025-12-02T04:22:30+00:00,LOCO_01,MOVING,track_19,collection2,
1704.0,2025-12-02T04:24:00+00:00,LOCO_02,MOVING,retrofit,track_19,
1709.0,2025-12-02T04:29:00+00:00,LOCO_02,PARKING,,,
1709.0,2025-12-02T04:29:00+00:00,LOCO_02,MOVING,track_19,WS_01,
1716.0,2025-12-02T04:36:00+00:00,LOCO_02,MOVING,WS_01,retrofitted,
1721.0,2025-12-02T04:41:00+00:00,LOCO_02,MOVING,retrofitted,track_19,
1726.0,2025-12-02T04:46:00+00:00,LOCO_02,MOVING,track_19,WS_02,
1733.0,2025-12-02T04:53:00+00:00,LOCO_02,MOVING,WS_02,retrofitted,
1738.0,2025-12-02T04:58:00+00:00,LOCO_02,MOVING,retrofitted,track_19,
1745.0,2025-12-02T05:05:00+00:00,LOCO_02,MOVING,track_19,retrofit,
1753.0,2025-12-02T05:13:00+00:00,LOCO_02,MOVING,retrofit,WS_01,
1762.5,2025-12-02T05:22:30+00:00,LOCO_01,ALLOCATED,,,batch_transport
1764.0,2025-12-02T05:24:00+00:00,LOCO_02,MOVING,WS_01,track_19,
1765.5,2025-12-02T05:25:30+00:00,LOCO_01,MOVING,collection2,retrofit,
1771.0,2025-12-02T05:31:00+00:00,LOCO_02,MOVING,track_19,retrofit,
1779.0,2025-12-02T05:39:00+00:00,LOCO_02,MOVING,retrofit,WS_02,
1790.0,2025-12-02T05:50:00+00:00,LOCO_02,MOVING,WS_02,track_19,
1795.0,2025-12-02T05:55:00+00:00,LOCO_02,MOVING,track_19,collection1,
1828.5,2025-12-02T06:28:30+00:00,LOCO_01,MOVING,retrofit,track_19,
1833.5,2025-12-02T06:33:30+00:00,LOCO_01,PARKING,,,
1833.5,2025-12-02T06:33:30+00:00,LOCO_01,MOVING,track_19,WS_01,
1840.5,2025-12-02T06:40:30+00:00,LOCO_01,MOVING,WS_01,retrofitted,
1845.5,2025-12-02T06:45:30+00:00,LOCO_01,MOVING,retrofitted,track_19,
1850.5,2025-12-02T06:50:30+00:00,LOCO_01,ALLOCATED,,,batch_transport
1850.5,2025-12-02T06:50:30+00:00,LOCO_01,MOVING,track_19,retrofitted,
1855.0,2025-12-02T06:55:00+00:00,LOCO_02,ALLOCATED,,,batch_transport
1858.5,2025-12-02T06:58:30+00:00,LOCO_01,MOVING,retrofitted,parking16,
1862.0,2025-12-02T07:02:00+00:00,LOCO_02,MOVING,collection1,retrofit,
1937.0,2025-12-02T08:17:00+00:00,LOCO_02,MOVING,retrofit,track_19,
1942.0,2025-12-02T08:22:00+00:00,LOCO_02,PARKING,,,
1944.0,2025-12-02T08:24:00+00:00,LOCO_02,MOVING,track_19,retrofit,
1952.0,2025-12-02T08:32:00+00:00,LOCO_02,MOVING,retrofit,WS_01,
1963.0,2025-12-02T08:43:00+00:00,LOCO_02,MOVING,WS_01,track_19,
1968.0,2025-12-02T08:48:00+00:00,LOCO_02,MOVING,track_19,collection2,
1982.0,2025-12-02T09:02:00+00:00,LOCO_01,MOVING,parking16,track_19,
2028.0,2025-12-02T09:48:00+00:00,LOCO_02,ALLOCATED,,,batch_transport
2035.0,2025-12-02T09:55:00+00:00,LOCO_02,MOVING,collection2,retrofit,
2042.0,2025-12-02T10:02:00+00:00,LOCO_01,MOVING,track_19,WS_02,
2049.0,2025-12-02T10:09:00+00:00,LOCO_01,MOVING,WS_02,retrofitted,
2054.0,2025-12-02T10:14:00+00:00,LOCO_01,MOVING,retrofitted,track_19,
2059.0,2025-12-02T10:19:00+00:00,LOCO_01,MOVING,track_19,collection1,
2110.0,2025-12-02T11:10:00+00:00,LOCO_02,MOVING,retrofit,track_19,
2115.0,2025-12-02T11:15:00+00:00,LOCO_02,PARKING,,,
2117.0,2025-12-02T11:17:00+00:00,LOCO_02,MOVING,track_19,retrofit,
2119.0,2025-12-02T11:19:00+00:00,LOCO_01,ALLOCATED,,,batch_transport
2122.0,2025-12-02T11:22:00+00:00,LOCO_01,MOVING,collection1,retrofit,
2125.0,2025-12-02T11:25:00+00:00,LOCO_02,MOVING,retrofit,WS_02,
2136.0,2025-12-02T11:36:00+00:00,LOCO_02,MOVING,WS_02,track_19,
2141.0,2025-12-02T11:41:00+00:00,LOCO_02,MOVING,track_19,WS_01,
2148.0,2025-12-02T11:48:00+00:00,LOCO_02,MOVING,WS_01,retrofitted,
2153.0,2025-12-02T11:53:00+00:00,LOCO_02,MOVING,retrofitted,track_19,
2158.0,2025-12-02T11:58:00+00:00,LOCO_02,MOVING,track_19,collection2,
2185.0,2025-12-02T12:25:00+00:00,LOCO_01,MOVING,retrofit,track_19,
2190.0,2025-12-02T12:30:00+00:00,LOCO_01,PARKING,,,
2192.0,2025-12-02T12:32:00+00:00,LOCO_01,MOVING,track_19,retrofit,
2200.0,2025-12-02T12:40:00+00:00,LOCO_01,MOVING,retrofit,WS_01,
2211.0,2025-12-02T12:51:00+00:00,LOCO_01,MOVING,WS_01,track_19,
2216.0,2025-12-02T12:56:00+00:00,LOCO_01,ALLOCATED,,,batch_transport
2216.0,2025-12-02T12:56:00+00:00,LOCO_01,MOVING,track_19,retrofitted,
2218.0,2025-12-02T12:58:00+00:00,LOCO_02,ALLOCATED,,,batch_transport
2223.0,2025-12-02T13:03:00+00:00,LOCO_02,MOVING,collection2,retrofit,
2225.0,2025-12-02T13:05:00+00:00,LOCO_01,MOVING,retrofitted,parking16,
2292.0,2025-12-02T14:12:00+00:00,LOCO_02,MOVING,retrofit,track_19,
2297.0,2025-12-02T14:17:00+00:00,LOCO_02,PARKING,,,
2297.0,2025-12-02T14:17:00+00:00,LOCO_02,MOVING,track_19,collection1,
2350.5,2025-12-02T15:10:30+00:00,LOCO_01,MOVING,parking16,track_19,
2357.0,2025-12-02T15:17:00+00:00,LOCO_02,ALLOCATED,,,batch_transport
2362.0,2025-12-02T15:22:00+00:00,LOCO_02,MOVING,collection1,retrofit,
2410.5,2025-12-02T16:10:30+00:00,LOCO_01,MOVING,track_19,WS_02,
2417.5,2025-12-02T16:17:30+00:00,LOCO_01,MOVING,WS_02,retrofitted,
2422.5,2025-12-02T16:22:30+00:00,LOCO_01,MOVING,retrofitted,track_19,
2427.5,2025-12-02T16:27:30+00:00,LOCO_01,MOVING,track_19,WS_01,
2431.0,2025-12-02T16:31:00+00:00,LOCO_02,MOVING,retrofit,track_19,
2434.5,2025-12-02T16:34:30+00:00,LOCO_01,MOVING,WS_01,retrofitted,
2436.0,2025-12-02T16:36:00+00:00,LOCO_02,PARKING,,,
2438.0,2025-12-02T16:38:00+00:00,LOCO_02,MOVING,track_19,retrofit,
2439.5,2025-12-02T16:39:30+00:00,LOCO_01,MOVING,retrofitted,track_19,
2444.5,2025-12-02T16:44:30+00:00,LOCO_01,ALLOCATED,,,batch_transport
2444.5,2025-12-02T16:44:30+00:00,LOCO_01,MOVING,track_19,retrofitted,
2446.0,2025-12-02T16:46:00+00:00,LOCO_02,MOVING,retrofit,WS_02,
2452.5,2025-12-02T16:52:30+00:00,LOCO_01,MOVING,retrofitted,parking1,
2457.0,2025-12-02T16:57:00+00:00,LOCO_02,MOVING,WS_02,track_19,
2461.0,2025-12-02T17:01:00+00:00,LOCO_01,MOVING,parking1,track_19,
2462.0,2025-12-02T17:02:00+00:00,LOCO_02,MOVING,track_19,collection2,
2466.0,2025-12-02T17:06:00+00:00,LOCO_01,MOVING,track_19,collection1,
2522.0,2025-12-02T18:02:00+00:00,LOCO_02,ALLOCATED,,,batch_transport
2525.0,2025-12-02T18:05:00+00:00,LOCO_02,MOVING,collection2,retrofit,
2526.0,2025-12-02T18:06:00+00:00,LOCO_01,ALLOCATED,,,batch_transport
2529.0,2025-12-02T18:09:00+00:00,LOCO_01,MOVING,collection1,retrofit,
2588.0,2025-12-02T19:08:00+00:00,LOCO_02,MOVING,retrofit,track_19,
2592.0,2025-12-02T19:12:00+00:00,LOCO_01,MOVING,retrofit,track_19,
2593.0,2025-12-02T19:13:00+00:00,LOCO_02,PARKING,,,
2595.0,2025-12-02T19:15:00+00:00,LOCO_02,MOVING,track_19,retrofit,
2597.0,2025-12-02T19:17:00+00:00,LOCO_01,PARKING,,,
2597.0,2025-12-02T19:17:00+00:00,LOCO_01,MOVING,track_19,WS_02,
2603.0,2025-12-02T19:23:00+00:00,LOCO_02,MOVING,retrofit,WS_01,
2604.0,2025-12-02T19:24:00+00:00,LOCO_01,MOVING,WS_02,retrofitted,
2609.0,2025-12-02T19:29:00+00:00,LOCO_01,MOVING,retrofitted,track_19,
2614.0,2025-12-02T19:34:00+00:00,LOCO_02,MOVING,WS_01,track_19,
2614.0,2025-12-02T19:34:00+00:00,LOCO_01,ALLOCATED,,,batch_transport
2614.0,2025-12-02T19:34:00+00:00,LOCO_01,MOVING,track_19,retrofitted,
2621.0,2025-12-02T19:41:00+00:00,LOCO_02,MOVING,track_19,retrofit,
2622.0,2025-12-02T19:42:00+00:00,LOCO_01,MOVING,retrofitted,parking12,
2629.0,2025-12-02T19:49:00+00:00,LOCO_02,MOVING,retrofit,WS_02,
2640.0,2025-12-02T20:00:00+00:00,LOCO_02,MOVING,WS_02,track_19,
2645.0,2025-12-02T20:05:00+00:00,LOCO_02,MOVING,track_19,collection2,
2685.5,2025-12-02T20:45:30+00:00,LOCO_01,MOVING,parking12,track_19,
2705.0,2025-12-02T21:05:00+00:00,LOCO_02,ALLOCATED,,,batch_transport
2712.0,2025-12-02T21:12:00+00:00,LOCO_02,MOVING,collection2,retrofit,
2745.5,2025-12-02T21:45:30+00:00,LOCO_01,MOVING,track_19,collection1,
2787.0,2025-12-02T22:27:00+00:00,LOCO_02,MOVING,retrofit,track_19,
2792.0,2025-12-02T22:32:00+00:00,LOCO_02,PARKING,,,
2792.0,2025-12-02T22:32:00+00:00,LOCO_02,MOVING,track_19,WS_01,
2799.0,2025-12-02T22:39:00+00:00,LOCO_02,MOVING,WS_01,retrofitted,
2804.0,2025-12-02T22:44:00+00:00,LOCO_02,MOVING,retrofitted,track_19,
2805.5,2025-12-02T22:45:30+00:00,LOCO_01,ALLOCATED,,,batch_transport
2808.5,2025-12-02T22:48:30+00:00,LOCO_01,MOVING,collection1,retrofit,
2809.0,2025-12-02T22:49:00+00:00,LOCO_02,MOVING,track_19,WS_02,
2816.0,2025-12-02T22:56:00+00:00,LOCO_02,MOVING,WS_02,retrofitted,
2821.0,2025-12-02T23:01:00+00:00,LOCO_02,MOVING,retrofitted,track_19,
2826.0,2025-12-02T23:06:00+00:00,LOCO_02,MOVING,track_19,collection2,
2871.5,2025-12-02T23:51:30+00:00,LOCO_01,MOVING,retrofit,track_19,
2876.5,2025-12-02T23:56:30+00:00,LOCO_01,PARKING,,,
2878.5,2025-12-02T23:58:30+00:00,LOCO_01,MOVING,track_19,retrofit,
2886.0,2025-12-03T00:06:00+00:00,LOCO_02,ALLOCATED,,,batch_transport
2886.5,2025-12-03T00:06:30+00:00,LOCO_01,MOVING,retrofit,WS_01,
2889.0,2025-12-03T00:09:00+00:00,LOCO_02,MOVING,collection2,retrofit,
2897.5,2025-12-03T00:17:30+00:00,LOCO_01,MOVING,WS_01,track_19,
2902.5,2025-12-03T00:22:30+00:00,LOCO_01,MOVING,track_19,collection1,
2952.0,2025-12-03T01:12:00+00:00,LOCO_02,MOVING,retrofit,track_19,
2957.0,2025-12-03T01:17:00+00:00,LOCO_02,PARKING,,,
2959.0,2025-12-03T01:19:00+00:00,LOCO_02,MOVING,track_19,retrofit,
2962.5,2025-12-03T01:22:30+00:00,LOCO_01,ALLOCATED,,,batch_transport
2965.5,2025-12-03T01:25:30+00:00,LOCO_01,MOVING,collection1,retrofit,
2967.0,2025-12-03T01:27:00+00:00,LOCO_02,MOVING,retrofit,WS_02,
2978.0,2025-12-03T01:38:00+00:00,LOCO_02,MOVING,WS_02,track_19,
2983.0,2025-12-03T01:43:00+00:00,LOCO_02,MOVING,track_19,WS_01,
2990.0,2025-12-03T01:50:00+00:00,LOCO_02,MOVING,WS_01,retrofitted,
2995.0,2025-12-03T01:55:00+00:00,LOCO_02,MOVING,retrofitted,track_19,
3000.0,2025-12-03T02:00:00+00:00,LOCO_02,MOVING,track_19,collection2,
3028.5,2025-12-03T02:28:30+00:00,LOCO_01,MOVING,retrofit,track_19,
3033.5,2025-12-03T02:33:30+00:00,LOCO_01,PARKING,,,
3035.5,2025-12-03T02:35:30+00:00,LOCO_01,MOVING,track_19,retrofit,
3043.5,2025-12-03T02:43:30+00:00,LOCO_01,MOVING,retrofit,WS_01,
3054.5,2025-12-03T02:54:30+00:00,LOCO_01,MOVING,WS_01,track_19,
3059.5,2025-12-03T02:59:30+00:00,LOCO_01,ALLOCATED,,,batch_transport
3059.5,2025-12-03T02:59:30+00:00,LOCO_01,MOVING,track_19,retrofitted,
3060.0,2025-12-03T03:00:00+00:00,LOCO_02,ALLOCATED,,,batch_transport
3066.5,2025-12-03T03:06:30+00:00,LOCO_01,MOVING,retrofitted,parking13,
3067.0,2025-12-03T03:07:00+00:00,LOCO_02,MOVING,collection2,retrofit,
3142.0,2025-12-03T04:22:00+00:00,LOCO_02,MOVING,retrofit,track_19,
3143.0,2025-12-03T04:23:00+00:00,LOCO_01,MOVING,parking13,track_19,
3147.0,2025-12-03T04:27:00+00:00,LOCO_02,PARKING,,,
3147.0,2025-12-03T04:27:00+00:00,LOCO_02,MOVING,track_19,collection1,
3203.0,2025-12-03T05:23:00+00:00,LOCO_01,MOVING,track_19,WS_02,
3207.0,2025-12-03T05:27:00+00:00,LOCO_02,ALLOCATED,,,batch_transport
3210.0,2025-12-03T05:30:00+00:00,LOCO_01,MOVING,WS_02,retrofitted,
3212.0,2025-12-03T05:32:00+00:00,LOCO_02,MOVING,collection1,retrofit,
3215.0,2025-12-03T05:35:00+00:00,LOCO_01,MOVING,retrofitted,track_19,
3220.0,2025-12-03T05:40:00+00:00,LOCO_01,MOVING,track_19,WS_01,
3227.0,2025-12-03T05:47:00+00:00,LOCO_01,MOVING,WS_01,retrofitted,
3232.0,2025-12-03T05:52:00+00:00,LOCO_01,MOVING,retrofitted,track_19,
3239.0,2025-12-03T05:59:00+00:00,LOCO_01,MOVING,track_19,retrofit,
3247.0,2025-12-03T06:07:00+00:00,LOCO_01,MOVING,retrofit,WS_02,
3258.0,2025-12-03T06:18:00+00:00,LOCO_01,MOVING,WS_02,track_19,
3263.0,2025-12-03T06:23:00+00:00,LOCO_01,MOVING,track_19,collection2,
3281.0,2025-12-03T06:41:00+00:00,LOCO_02,MOVING,retrofit,track_19,
3286.0,2025-12-03T06:46:00+00:00,LOCO_02,PARKING,,,
3288.0,2025-12-03T06:48:00+00:00,LOCO_02,MOVING,track_19,retrofit,
3296.0,2025-12-03T06:56:00+00:00,LOCO_02,MOVING,retrofit,WS_01,
3307.0,2025-12-03T07:07:00+00:00,LOCO_02,MOVING,WS_01,track_19,
3312.0,2025-12-03T07:12:00+00:00,LOCO_02,ALLOCATED,,,batch_transport
3312.0,2025-12-03T07:12:00+00:00,LOCO_02,MOVING,track_19,retrofitted,
3321.0,2025-12-03T07:21:00+00:00,LOCO_02,MOVING,retrofitted,parking14,
3323.0,2025-12-03T07:23:00+00:00,LOCO_01,ALLOCATED,,,batch_transport
3326.0,2025-12-03T07:26:00+00:00,LOCO_01,MOVING,collection2,retrofit,
3389.0,2025-12-03T08:29:00+00:00,LOCO_01,MOVING,retrofit,track_19,
3394.0,2025-12-03T08:34:00+00:00,LOCO_01,PARKING,,,
3394.0,2025-12-03T08:34:00+00:00,LOCO_01,MOVING,track_19,collection1,
3401.5,2025-12-03T08:41:30+00:00,LOCO_02,MOVING,parking14,track_19,
3454.0,2025-12-03T09:34:00+00:00,LOCO_01,ALLOCATED,,,batch_transport
3461.0,2025-12-03T09:41:00+00:00,LOCO_01,MOVING,collection1,retrofit,
3461.5,2025-12-03T09:41:30+00:00,LOCO_02,MOVING,track_19,WS_02,
3468.5,2025-12-03T09:48:30+00:00,LOCO_02,MOVING,WS_02,retrofitted,
3473.5,2025-12-03T09:53:30+00:00,LOCO_02,MOVING,retrofitted,track_19,
3478.5,2025-12-03T09:58:30+00:00,LOCO_02,MOVING,track_19,WS_01,
3485.5,2025-12-03T10:05:30+00:00,LOCO_02,MOVING,WS_01,retrofitted,
3490.5,2025-12-03T10:10:30+00:00,LOCO_02,MOVING,retrofitted,track_19,
3497.5,2025-12-03T10:17:30+00:00,LOCO_02,MOVING,track_19,retrofit,
3505.5,2025-12-03T10:25:30+00:00,LOCO_02,MOVING,retrofit,WS_02,
3516.5,2025-12-03T10:36:30+00:00,LOCO_02,MOVING,WS_02,track_19,
3521.5,2025-12-03T10:41:30+00:00,LOCO_02,MOVING,track_19,collection2,
3536.0,2025-12-03T10:56:00+00:00,LOCO_01,MOVING,retrofit,track_19,
3541.0,2025-12-03T11:01:00+00:00,LOCO_01,PARKING,,,
3543.0,2025-12-03T11:03:00+00:00,LOCO_01,MOVING,track_19,retrofit,
3551.0,2025-12-03T11:11:00+00:00,LOCO_01,MOVING,retrofit,WS_01,
3562.0,2025-12-03T11:22:00+00:00,LOCO_01,MOVING,WS_01,track_19,
3567.0,2025-12-03T11:27:00+00:00,LOCO_01,ALLOCATED,,,batch_transport
3567.0,2025-12-03T11:27:00+00:00,LOCO_01,MOVING,track_19,retrofitted,
3575.0,2025-12-03T11:35:00+00:00,LOCO_01,MOVING,retrofitted,parking15,
3581.5,2025-12-03T11:41:30+00:00,LOCO_02,ALLOCATED,,,batch_transport
3584.5,2025-12-03T11:44:30+00:00,LOCO_02,MOVING,collection2,retrofit,
3647.5,2025-12-03T12:47:30+00:00,LOCO_02,MOVING,retrofit,track_19,
3652.5,2025-12-03T12:52:30+00:00,LOCO_02,PARKING,,,
3652.5,2025-12-03T12:52:30+00:00,LOCO_02,MOVING,track_19,collection1,
3653.5,2025-12-03T12:53:30+00:00,LOCO_01,MOVING,parking15,track_19,
3712.5,2025-12-03T13:52:30+00:00,LOCO_02,ALLOCATED,,,batch_transport
3713.5,2025-12-03T13:53:30+00:00,LOCO_01,MOVING,track_19,WS_02,
3719.5,2025-12-03T13:59:30+00:00,LOCO_02,MOVING,collection1,retrofit,
3720.5,2025-12-03T14:00:30+00:00,LOCO_01,MOVING,WS_02,retrofitted,
3725.5,2025-12-03T14:05:30+00:00,LOCO_01,MOVING,retrofitted,track_19,
3730.5,2025-12-03T14:10:30+00:00,LOCO_01,MOVING,track_19,WS_01,
3737.5,2025-12-03T14:17:30+00:00,LOCO_01,MOVING,WS_01,retrofitted,
3742.5,2025-12-03T14:22:30+00:00,LOCO_01,MOVING,retrofitted,track_19,
3749.5,2025-12-03T14:29:30+00:00,LOCO_01,MOVING,track_19,retrofit,
3757.5,2025-12-03T14:37:30+00:00,LOCO_01,MOVING,retrofit,WS_02,
3768.5,2025-12-03T14:48:30+00:00,LOCO_01,MOVING,WS_02,track_19,
3773.5,2025-12-03T14:53:30+00:00,LOCO_01,MOVING,track_19,collection2,
3794.5,2025-12-03T15:14:30+00:00,LOCO_02,MOVING,retrofit,track_19,
3799.5,2025-12-03T15:19:30+00:00,LOCO_02,PARKING,,,
3801.5,2025-12-03T15:21:30+00:00,LOCO_02,MOVING,track_19,retrofit,
3809.5,2025-12-03T15:29:30+00:00,LOCO_02,MOVING,retrofit,WS_01,
3820.5,2025-12-03T15:40:30+00:00,LOCO_02,MOVING,WS_01,track_19,
3825.5,2025-12-03T15:45:30+00:00,LOCO_02,ALLOCATED,,,batch_transport
3825.5,2025-12-03T15:45:30+00:00,LOCO_02,MOVING,track_19,retrofitted,
3833.5,2025-12-03T15:53:30+00:00,LOCO_01,ALLOCATED,,,batch_transport
3833.5,2025-12-03T15:53:30+00:00,LOCO_02,MOVING,retrofitted,parking16,
3836.5,2025-12-03T15:56:30+00:00,LOCO_01,MOVING,collection2,retrofit,
3899.5,2025-12-03T16:59:30+00:00,LOCO_01,MOVING,retrofit,track_19,
3904.5,2025-12-03T17:04:30+00:00,LOCO_01,PARKING,,,
3904.5,2025-12-03T17:04:30+00:00,LOCO_01,MOVING,track_19,collection1,
3957.0,2025-12-03T17:57:00+00:00,LOCO_02,MOVING,parking16,track_19,
3964.5,2025-12-03T18:04:30+00:00,LOCO_01,ALLOCATED,,,batch_transport
3971.5,2025-12-03T18:11:30+00:00,LOCO_01,MOVING,collection1,retrofit,
4017.0,2025-12-03T18:57:00+00:00,LOCO_02,MOVING,track_19,WS_02,
4024.0,2025-12-03T19:04:00+00:00,LOCO_02,MOVING,WS_02,retrofitted,
4029.0,2025-12-03T19:09:00+00:00,LOCO_02,MOVING,retrofitted,track_19,
4034.0,2025-12-03T19:14:00+00:00,LOCO_02,MOVING,track_19,WS_01,
4041.0,2025-12-03T19:21:00+00:00,LOCO_02,MOVING,WS_01,retrofitted,
4046.0,2025-12-03T19:26:00+00:00,LOCO_02,MOVING,retrofitted,track_19,
4046.5,2025-12-03T19:26:30+00:00,LOCO_01,MOVING,retrofit,track_19,
4051.5,2025-12-03T19:31:30+00:00,LOCO_01,PARKING,,,
4051.5,2025-12-03T19:31:30+00:00,LOCO_01,MOVING,track_19,collection2,
4053.0,2025-12-03T19:33:00+00:00,LOCO_02,MOVING,track_19,retrofit,
4061.0,2025-12-03T19:41:00+00:00,LOCO_02,MOVING,retrofit,WS_02,
4072.0,2025-12-03T19:52:00+00:00,LOCO_02,MOVING,WS_02,track_19,
4079.0,2025-12-03T19:59:00+00:00,LOCO_02,MOVING,track_19,retrofit,
4087.0,2025-12-03T20:07:00+00:00,LOCO_02,MOVING,retrofit,WS_01,
4098.0,2025-12-03T20:18:00+00:00,LOCO_02,MOVING,WS_01,track_19,
4103.0,2025-12-03T20:23:00+00:00,LOCO_02,MOVING,track_19,collection1,
4111.5,2025-12-03T20:31:30+00:00,LOCO_01,ALLOCATED,,,batch_transport
4114.5,2025-12-03T20:34:30+00:00,LOCO_01,MOVING,collection2,retrofit,
4163.0,2025-12-03T21:23:00+00:00,LOCO_02,ALLOCATED,,,batch_transport
4170.0,2025-12-03T21:30:00+00:00,LOCO_02,MOVING,collection1,retrofit,
4177.5,2025-12-03T21:37:30+00:00,LOCO_01,MOVING,retrofit,track_19,
4182.5,2025-12-03T21:42:30+00:00,LOCO_01,PARKING,,,
4182.5,2025-12-03T21:42:30+00:00,LOCO_01,MOVING,track_19,WS_02,
4189.5,2025-12-03T21:49:30+00:00,LOCO_01,MOVING,WS_02,retrofitted,
4194.5,2025-12-03T21:54:30+00:00,LOCO_01,MOVING,retrofitted,track_19,
4199.5,2025-12-03T21:59:30+00:00,LOCO_01,ALLOCATED,,,batch_transport
4199.5,2025-12-03T21:59:30+00:00,LOCO_01,MOVING,track_19,retrofitted,
4207.5,2025-12-03T22:07:30+00:00,LOCO_01,MOVING,retrofitted,parking13,
4245.0,2025-12-03T22:45:00+00:00,LOCO_02,MOVING,retrofit,track_19,
4250.0,2025-12-03T22:50:00+00:00,LOCO_02,PARKING,,,
4252.0,2025-12-03T22:52:00+00:00,LOCO_02,MOVING,track_19,retrofit,
4260.0,2025-12-03T23:00:00+00:00,LOCO_02,MOVING,retrofit,WS_02,
4271.0,2025-12-03T23:11:00+00:00,LOCO_02,MOVING,WS_02,track_19,
4276.0,2025-12-03T23:16:00+00:00,LOCO_02,MOVING,track_19,collection2,
4286.0,2025-12-03T23:26:00+00:00,LOCO_01,MOVING,parking13,track_19,
4336.0,2025-12-04T00:16:00+00:00,LOCO_02,ALLOCATED,,,batch_transport
4339.0,2025-12-04T00:19:00+00:00,LOCO_02,MOVING,collection2,retrofit,
4346.0,2025-12-04T00:26:00+00:00,LOCO_01,MOVING,track_19,collection1,
4402.0,2025-12-04T01:22:00+00:00,LOCO_02,MOVING,retrofit,track_19,
4406.0,2025-12-04T01:26:00+00:00,LOCO_01,ALLOCATED,,,batch_transport
4407.0,2025-12-04T01:27:00+00:00,LOCO_02,PARKING,,,
4407.0,2025-12-04T01:27:00+00:00,LOCO_02,MOVING,track_19,WS_01,
4411.0,2025-12-04T01:31:00+00:00,LOCO_01,MOVING,collection1,retrofit,
4414.0,2025-12-04T01:34:00+00:00,LOCO_02,MOVING,WS_01,retrofitted,
4419.0,2025-12-04T01:39:00+00:00,LOCO_02,MOVING,retrofitted,track_19,
4424.0,2025-12-04T01:44:00+00:00,LOCO_02,MOVING,track_19,WS_02,
4431.0,2025-12-04T01:51:00+00:00,LOCO_02,MOVING,WS_02,retrofitted,
4436.0,2025-12-04T01:56:00+00:00,LOCO_02,MOVING,retrofitted,track_19,
4443.0,2025-12-04T02:03:00+00:00,LOCO_02,MOVING,track_19,retrofit,
4451.0,2025-12-04T02:11:00+00:00,LOCO_02,MOVING,retrofit,WS_01,
4462.0,2025-12-04T02:22:00+00:00,LOCO_02,MOVING,WS_01,track_19,
4467.0,2025-12-04T02:27:00+00:00,LOCO_02,MOVING,track_19,collection2,
4480.0,2025-12-04T02:40:00+00:00,LOCO_01,MOVING,retrofit,track_19,
4485.0,2025-12-04T02:45:00+00:00,LOCO_01,PARKING,,,
4487.0,2025-12-04T02:47:00+00:00,LOCO_01,MOVING,track_19,retrofit,
4495.0,2025-12-04T02:55:00+00:00,LOCO_01,MOVING,retrofit,WS_02,
4506.0,2025-12-04T03:06:00+00:00,LOCO_01,MOVING,WS_02,track_19,
4511.0,2025-12-04T03:11:00+00:00,LOCO_01,ALLOCATED,,,batch_transport
4511.0,2025-12-04T03:11:00+00:00,LOCO_01,MOVING,track_19,retrofitted,
4520.0,2025-12-04T03:20:00+00:00,LOCO_01,MOVING,retrofitted,parking12,
4527.0,2025-12-04T03:27:00+00:00,LOCO_02,ALLOCATED,,,batch_transport
4530.0,2025-12-04T03:30:00+00:00,LOCO_02,MOVING,collection2,retrofit,
4585.5,2025-12-04T04:25:30+00:00,LOCO_01,MOVING,parking12,track_19,
4593.0,2025-12-04T04:33:00+00:00,LOCO_02,MOVING,retrofit,track_19,
4598.0,2025-12-04T04:38:00+00:00,LOCO_02,PARKING,,,
4598.0,2025-12-04T04:38:00+00:00,LOCO_02,MOVING,track_19,collection1,
4645.5,2025-12-04T05:25:30+00:00,LOCO_01,MOVING,track_19,WS_01,
4652.5,2025-12-04T05:32:30+00:00,LOCO_01,MOVING,WS_01,retrofitted,
4657.5,2025-12-04T05:37:30+00:00,LOCO_01,MOVING,retrofitted,track_19,
4658.0,2025-12-04T05:38:00+00:00,LOCO_02,ALLOCATED,,,batch_transport
4662.5,2025-12-04T05:42:30+00:00,LOCO_01,MOVING,track_19,WS_02,
4667.0,2025-12-04T05:47:00+00:00,LOCO_02,MOVING,collection1,retrofit,
4669.5,2025-12-04T05:49:30+00:00,LOCO_01,MOVING,WS_02,retrofitted,
4674.5,2025-12-04T05:54:30+00:00,LOCO_01,MOVING,retrofitted,track_19,
4681.5,2025-12-04T06:01:30+00:00,LOCO_01,MOVING,track_19,retrofit,
4689.5,2025-12-04T06:09:30+00:00,LOCO_01,MOVING,retrofit,WS_01,
4700.5,2025-12-04T06:20:30+00:00,LOCO_01,MOVING,WS_01,track_19,
4705.5,2025-12-04T06:25:30+00:00,LOCO_01,MOVING,track_19,collection2,
4748.0,2025-12-04T07:08:00+00:00,LOCO_02,MOVING,retrofit,track_19,
4753.0,2025-12-04T07:13:00+00:00,LOCO_02,PARKING,,,
4755.0,2025-12-04T07:15:00+00:00,LOCO_02,MOVING,track_19,retrofit,
4763.0,2025-12-04T07:23:00+00:00,LOCO_02,MOVING,retrofit,WS_02,
4765.5,2025-12-04T07:25:30+00:00,LOCO_01,ALLOCATED,,,batch_transport
4768.5,2025-12-04T07:28:30+00:00,LOCO_01,MOVING,collection2,retrofit,
4774.0,2025-12-04T07:34:00+00:00,LOCO_02,MOVING,WS_02,track_19,
4779.0,2025-12-04T07:39:00+00:00,LOCO_02,ALLOCATED,,,batch_transport
4779.0,2025-12-04T07:39:00+00:00,LOCO_02,MOVING,track_19,retrofitted,
4787.0,2025-12-04T07:47:00+00:00,LOCO_02,MOVING,retrofitted,parking1,
4795.5,2025-12-04T07:55:30+00:00,LOCO_02,MOVING,parking1,track_19,
4800.5,2025-12-04T08:00:30+00:00,LOCO_02,MOVING,track_19,collection1,
4831.5,2025-12-04T08:31:30+00:00,LOCO_01,MOVING,retrofit,track_19,
4836.5,2025-12-04T08:36:30+00:00,LOCO_01,PARKING,,,
4836.5,2025-12-04T08:36:30+00:00,LOCO_01,MOVING,track_19,WS_01,
4843.5,2025-12-04T08:43:30+00:00,LOCO_01,MOVING,WS_01,retrofitted,
4848.5,2025-12-04T08:48:30+00:00,LOCO_01,MOVING,retrofitted,track_19,
4853.5,2025-12-04T08:53:30+00:00,LOCO_01,MOVING,track_19,WS_02,
4860.5,2025-12-04T09:00:30+00:00,LOCO_02,ALLOCATED,,,batch_transport
4860.5,2025-12-04T09:00:30+00:00,LOCO_01,MOVING,WS_02,retrofitted,
4865.5,2025-12-04T09:05:30+00:00,LOCO_01,MOVING,retrofitted,track_19,
4869.5,2025-12-04T09:09:30+00:00,LOCO_02,MOVING,collection1,retrofit,
4872.5,2025-12-04T09:12:30+00:00,LOCO_01,MOVING,track_19,retrofit,
4880.5,2025-12-04T09:20:30+00:00,LOCO_01,MOVING,retrofit,WS_01,
4891.5,2025-12-04T09:31:30+00:00,LOCO_01,MOVING,WS_01,track_19,
4896.5,2025-12-04T09:36:30+00:00,LOCO_01,MOVING,track_19,collection2,
4950.5,2025-12-04T10:30:30+00:00,LOCO_02,MOVING,retrofit,track_19,
4955.5,2025-12-04T10:35:30+00:00,LOCO_02,PARKING,,,
4956.5,2025-12-04T10:36:30+00:00,LOCO_01,ALLOCATED,,,batch_transport
4957.5,2025-12-04T10:37:30+00:00,LOCO_02,MOVING,track_19,retrofit,
4959.5,2025-12-04T10:39:30+00:00,LOCO_01,MOVING,collection2,retrofit,
4965.5,2025-12-04T10:45:30+00:00,LOCO_02,MOVING,retrofit,WS_02,
4976.5,2025-12-04T10:56:30+00:00,LOCO_02,MOVING,WS_02,track_19,
4981.5,2025-12-04T11:01:30+00:00,LOCO_02,MOVING,track_19,WS_01,
4988.5,2025-12-04T11:08:30+00:00,LOCO_02,MOVING,WS_01,retrofitted,
4993.5,2025-12-04T11:13:30+00:00,LOCO_02,MOVING,retrofitted,track_19,
4998.5,2025-12-04T11:18:30+00:00,LOCO_02,MOVING,track_19,collection1,
5022.5,2025-12-04T11:42:30+00:00,LOCO_01,MOVING,retrofit,track_19,
5027.5,2025-12-04T11:47:30+00:00,LOCO_01,PARKING,,,
5029.5,2025-12-04T11:49:30+00:00,LOCO_01,MOVING,track_19,retrofit,
5037.5,2025-12-04T11:57:30+00:00,LOCO_01,MOVING,retrofit,WS_01,
5048.5,2025-12-04T12:08:30+00:00,LOCO_01,MOVING,WS_01,track_19,
5053.5,2025-12-04T12:13:30+00:00,LOCO_01,ALLOCATED,,,batch_transport
5053.5,2025-12-04T12:13:30+00:00,LOCO_01,MOVING,track_19,retrofitted,
5058.5,2025-12-04T12:18:30+00:00,LOCO_02,ALLOCATED,,,batch_transport
5061.5,2025-12-04T12:21:30+00:00,LOCO_01,MOVING,retrofitted,parking15,
5065.5,2025-12-04T12:25:30+00:00,LOCO_02,MOVING,collection1,retrofit,
5140.0,2025-12-04T13:40:00+00:00,LOCO_01,MOVING,parking15,track_19,
5140.5,2025-12-04T13:40:30+00:00,LOCO_02,MOVING,retrofit,track_19,
5145.5,2025-12-04T13:45:30+00:00,LOCO_02,PARKING,,,
5145.5,2025-12-04T13:45:30+00:00,LOCO_02,MOVING,track_19,collection2,
5200.0,2025-12-04T14:40:00+00:00,LOCO_01,MOVING,track_19,WS_02,
5205.5,2025-12-04T14:45:30+00:00,LOCO_02,ALLOCATED,,,batch_transport
5207.0,2025-12-04T14:47:00+00:00,LOCO_01,MOVING,WS_02,retrofitted,
5212.0,2025-12-04T14:52:00+00:00,LOCO_01,MOVING,retrofitted,track_19,
5212.5,2025-12-04T14:52:30+00:00,LOCO_02,MOVING,collection2,retrofit,
5217.0,2025-12-04T14:57:00+00:00,LOCO_01,MOVING,track_19,WS_01,
5224.0,2025-12-04T15:04:00+00:00,LOCO_01,MOVING,WS_01,retrofitted,
5229.0,2025-12-04T15:09:00+00:00,LOCO_01,MOVING,retrofitted,track_19,
5236.0,2025-12-04T15:16:00+00:00,LOCO_01,MOVING,track_19,retrofit,
5244.0,2025-12-04T15:24:00+00:00,LOCO_01,MOVING,retrofit,WS_02,
5255.0,2025-12-04T15:35:00+00:00,LOCO_01,MOVING,WS_02,track_19,
5260.0,2025-12-04T15:40:00+00:00,LOCO_01,MOVING,track_19,collection1,
5287.5,2025-12-04T16:07:30+00:00,LOCO_02,MOVING,retrofit,track_19,
5292.5,2025-12-04T16:12:30+00:00,LOCO_02,PARKING,,,
5294.5,2025-12-04T16:14:30+00:00,LOCO_02,MOVING,track_19,retrofit,
5302.5,2025-12-04T16:22:30+00:00,LOCO_02,MOVING,retrofit,WS_01,
5313.5,2025-12-04T16:33:30+00:00,LOCO_02,MOVING,WS_01,track_19,
5318.5,2025-12-04T16:38:30+00:00,LOCO_02,ALLOCATED,,,batch_transport
5318.5,2025-12-04T16:38:30+00:00,LOCO_02,MOVING,track_19,retrofitted,
5320.0,2025-12-04T16:40:00+00:00,LOCO_01,ALLOCATED,,,batch_transport
5323.0,2025-12-04T16:43:00+00:00,LOCO_01,MOVING,collection1,retrofit,
5327.5,2025-12-04T16:47:30+00:00,LOCO_02,MOVING,retrofitted,parking16,
5386.0,2025-12-04T17:46:00+00:00,LOCO_01,MOVING,retrofit,track_19,
5391.0,2025-12-04T17:51:00+00:00,LOCO_01,PARKING,,,
5391.0,2025-12-04T17:51:00+00:00,LOCO_01,MOVING,track_19,collection2,
5451.0,2025-12-04T18:51:00+00:00,LOCO_01,ALLOCATED,,,batch_transport
5453.0,2025-12-04T18:53:00+00:00,LOCO_02,MOVING,parking16,track_19,
5456.0,2025-12-04T18:56:00+00:00,LOCO_01,MOVING,collection2,retrofit,
5513.0,2025-12-04T19:53:00+00:00,LOCO_02,MOVING,track_19,WS_02,
5520.0,2025-12-04T20:00:00+00:00,LOCO_02,MOVING,WS_02,retrofitted,
5525.0,2025-12-04T20:05:00+00:00,LOCO_01,MOVING,retrofit,track_19,
5525.0,2025-12-04T20:05:00+00:00,LOCO_02,MOVING,retrofitted,track_19,
5530.0,2025-12-04T20:10:00+00:00,LOCO_01,PARKING,,,
5530.0,2025-12-04T20:10:00+00:00,LOCO_01,MOVING,track_19,WS_01,
5532.0,2025-12-04T20:12:00+00:00,LOCO_02,MOVING,track_19,retrofit,
5537.0,2025-12-04T20:17:00+00:00,LOCO_01,MOVING,WS_01,retrofitted,
5540.0,2025-12-04T20:20:00+00:00,LOCO_02,MOVING,retrofit,WS_02,
5542.0,2025-12-04T20:22:00+00:00,LOCO_01,MOVING,retrofitted,track_19,
5547.0,2025-12-04T20:27:00+00:00,LOCO_01,ALLOCATED,,,batch_transport
5547.0,2025-12-04T20:27:00+00:00,LOCO_01,MOVING,track_19,retrofitted,
5551.0,2025-12-04T20:31:00+00:00,LOCO_02,MOVING,WS_02,track_19,
5555.0,2025-12-04T20:35:00+00:00,LOCO_01,MOVING,retrofitted,parking10,
5558.0,2025-12-04T20:38:00+00:00,LOCO_02,MOVING,track_19,retrofit,
5566.0,2025-12-04T20:46:00+00:00,LOCO_02,MOVING,retrofit,WS_01,
5577.0,2025-12-04T20:57:00+00:00,LOCO_02,MOVING,WS_01,track_19,
5582.0,2025-12-04T21:02:00+00:00,LOCO_02,MOVING,track_19,collection1,
5618.5,2025-12-04T21:38:30+00:00,LOCO_01,MOVING,parking10,track_19,
5642.0,2025-12-04T22:02:00+00:00,LOCO_02,ALLOCATED,,,batch_transport
5645.0,2025-12-04T22:05:00+00:00,LOCO_02,MOVING,collection1,retrofit,
5678.5,2025-12-04T22:38:30+00:00,LOCO_01,MOVING,track_19,collection2,
5708.0,2025-12-04T23:08:00+00:00,LOCO_02,MOVING,retrofit,track_19,
5713.0,2025-12-04T23:13:00+00:00,LOCO_02,PARKING,,,
5713.0,2025-12-04T23:13:00+00:00,LOCO_02,MOVING,track_19,WS_02,
5720.0,2025-12-04T23:20:00+00:00,LOCO_02,MOVING,WS_02,retrofitted,
5725.0,2025-12-04T23:25:00+00:00,LOCO_02,MOVING,retrofitted,track_19,
5730.0,2025-12-04T23:30:00+00:00,LOCO_02,MOVING,track_19,WS_01,
5737.0,2025-12-04T23:37:00+00:00,LOCO_02,MOVING,WS_01,retrofitted,
5738.5,2025-12-04T23:38:30+00:00,LOCO_01,ALLOCATED,,,batch_transport
5741.5,2025-12-04T23:41:30+00:00,LOCO_01,MOVING,collection2,retrofit,
5742.0,2025-12-04T23:42:00+00:00,LOCO_02,MOVING,retrofitted,track_19,
5747.0,2025-12-04T23:47:00+00:00,LOCO_02,MOVING,track_19,collection1,
5804.5,2025-12-05T00:44:30+00:00,LOCO_01,MOVING,retrofit,track_19,
5807.0,2025-12-05T00:47:00+00:00,LOCO_02,ALLOCATED,,,batch_transport
5809.5,2025-12-05T00:49:30+00:00,LOCO_01,PARKING,,,
5810.0,2025-12-05T00:50:00+00:00,LOCO_02,MOVING,collection1,retrofit,
5811.5,2025-12-05T00:51:30+00:00,LOCO_01,MOVING,track_19,retrofit,
5819.5,2025-12-05T00:59:30+00:00,LOCO_01,MOVING,retrofit,WS_02,
5830.5,2025-12-05T01:10:30+00:00,LOCO_01,MOVING,WS_02,track_19,
5835.5,2025-12-05T01:15:30+00:00,LOCO_01,MOVING,track_19,collection2,
5873.0,2025-12-05T01:53:00+00:00,LOCO_02,MOVING,retrofit,track_19,
5878.0,2025-12-05T01:58:00+00:00,LOCO_02,PARKING,,,
5880.0,2025-12-05T02:00:00+00:00,LOCO_02,MOVING,track_19,retrofit,
5888.0,2025-12-05T02:08:00+00:00,LOCO_02,MOVING,retrofit,WS_01,
5895.5,2025-12-05T02:15:30+00:00,LOCO_01,ALLOCATED,,,batch_transport
5899.0,2025-12-05T02:19:00+00:00,LOCO_02,MOVING,WS_01,track_19,
5900.5,2025-12-05T02:20:30+00:00,LOCO_01,MOVING,collection2,retrofit,
5904.0,2025-12-05T02:24:00+00:00,LOCO_02,MOVING,track_19,WS_02,
5911.0,2025-12-05T02:31:00+00:00,LOCO_02,MOVING,WS_02,retrofitted,
5916.0,2025-12-05T02:36:00+00:00,LOCO_02,MOVING,retrofitted,track_19,
5921.0,2025-12-05T02:41:00+00:00,LOCO_02,MOVING,track_19,collection1,
5969.5,2025-12-05T03:29:30+00:00,LOCO_01,MOVING,retrofit,track_19,
5974.5,2025-12-05T03:34:30+00:00,LOCO_01,PARKING,,,
5976.5,2025-12-05T03:36:30+00:00,LOCO_01,MOVING,track_19,retrofit,
5981.0,2025-12-05T03:41:00+00:00,LOCO_02,ALLOCATED,,,batch_transport
5984.5,2025-12-05T03:44:30+00:00,LOCO_01,MOVING,retrofit,WS_02,
5988.0,2025-12-05T03:48:00+00:00,LOCO_02,MOVING,collection1,retrofit,
5995.5,2025-12-05T03:55:30+00:00,LOCO_01,MOVING,WS_02,track_19,
6000.5,2025-12-05T04:00:30+00:00,LOCO_01,MOVING,track_19,WS_01,
6007.5,2025-12-05T04:07:30+00:00,LOCO_01,MOVING,WS_01,retrofitted,
6012.5,2025-12-05T04:12:30+00:00,LOCO_01,MOVING,retrofitted,track_19,
6017.5,2025-12-05T04:17:30+00:00,LOCO_01,MOVING,track_19,collection2,
6063.0,2025-12-05T05:03:00+00:00,LOCO_02,MOVING,retrofit,track_19,
6068.0,2025-12-05T05:08:00+00:00,LOCO_02,PARKING,,,
6070.0,2025-12-05T05:10:00+00:00,LOCO_02,MOVING,track_19,retrofit,
6077.5,2025-12-05T05:17:30+00:00,LOCO_01,ALLOCATED,,,batch_transport
6078.0,2025-12-05T05:18:00+00:00,LOCO_02,MOVING,retrofit,WS_01,
6080.5,2025-12-05T05:20:30+00:00,LOCO_01,MOVING,collection2,retrofit,
6089.0,2025-12-05T05:29:00+00:00,LOCO_02,MOVING,WS_01,track_19,
6094.0,2025-12-05T05:34:00+00:00,LOCO_02,ALLOCATED,,,batch_transport
6094.0,2025-12-05T05:34:00+00:00,LOCO_02,MOVING,track_19,retrofitted,
6102.0,2025-12-05T05:42:00+00:00,LOCO_02,MOVING,retrofitted,parking14,
6143.5,2025-12-05T06:23:30+00:00,LOCO_01,MOVING,retrofit,track_19,
6148.5,2025-12-05T06:28:30+00:00,LOCO_01,PARKING,,,
6148.5,2025-12-05T06:28:30+00:00,LOCO_01,MOVING,track_19,collection1,
6180.5,2025-12-05T07:00:30+00:00,LOCO_02,MOVING,parking14,track_19,
6208.5,2025-12-05T07:28:30+00:00,LOCO_01,ALLOCATED,,,batch_transport
6213.5,2025-12-05T07:33:30+00:00,LOCO_01,MOVING,collection1,retrofit,
6240.5,2025-12-05T08:00:30+00:00,LOCO_02,MOVING,track_19,WS_02,
6247.5,2025-12-05T08:07:30+00:00,LOCO_02,MOVING,WS_02,retrofitted,
6252.5,2025-12-05T08:12:30+00:00,LOCO_02,MOVING,retrofitted,track_19,
6257.5,2025-12-05T08:17:30+00:00,LOCO_02,MOVING,track_19,WS_01,
6264.5,2025-12-05T08:24:30+00:00,LOCO_02,MOVING,WS_01,retrofitted,
6269.5,2025-12-05T08:29:30+00:00,LOCO_02,MOVING,retrofitted,track_19,
6276.5,2025-12-05T08:36:30+00:00,LOCO_02,MOVING,track_19,retrofit,
6282.5,2025-12-05T08:42:30+00:00,LOCO_01,MOVING,retrofit,track_19,
6284.5,2025-12-05T08:44:30+00:00,LOCO_02,MOVING,retrofit,WS_02,
6287.5,2025-12-05T08:47:30+00:00,LOCO_01,PARKING,,,
6287.5,2025-12-05T08:47:30+00:00,LOCO_01,MOVING,track_19,collection2,
6295.5,2025-12-05T08:55:30+00:00,LOCO_02,MOVING,WS_02,track_19,
6302.5,2025-12-05T09:02:30+00:00,LOCO_02,MOVING,track_19,retrofit,
6310.5,2025-12-05T09:10:30+00:00,LOCO_02,MOVING,retrofit,WS_01,
6321.5,2025-12-05T09:21:30+00:00,LOCO_02,MOVING,WS_01,track_19,
6326.5,2025-12-05T09:26:30+00:00,LOCO_02,MOVING,track_19,collection1,
6347.5,2025-12-05T09:47:30+00:00,LOCO_01,ALLOCATED,,,batch_transport
6350.5,2025-12-05T09:50:30+00:00,LOCO_01,MOVING,collection2,retrofit,
6386.5,2025-12-05T10:26:30+00:00,LOCO_02,ALLOCATED,,,batch_transport
6395.5,2025-12-05T10:35:30+00:00,LOCO_02,MOVING,collection1,retrofit,
6413.5,2025-12-05T10:53:30+00:00,LOCO_01,MOVING,retrofit,track_19,
6418.5,2025-12-05T10:58:30+00:00,LOCO_01,PARKING,,,
6418.5,2025-12-05T10:58:30+00:00,LOCO_01,ALLOCATED,,,batch_transport
6418.5,2025-12-05T10:58:30+00:00,LOCO_01,MOVING,track_19,retrofitted,
6428.5,2025-12-05T11:08:30+00:00,LOCO_01,MOVING,retrofitted,parking13,
6476.5,2025-12-05T11:56:30+00:00,LOCO_02,MOVING,retrofit,track_19,
6481.5,2025-12-05T12:01:30+00:00,LOCO_02,PARKING,,,
6481.5,2025-12-05T12:01:30+00:00,LOCO_02,MOVING,track_19,WS_02,
6488.5,2025-12-05T12:08:30+00:00,LOCO_02,MOVING,WS_02,retrofitted,
6493.5,2025-12-05T12:13:30+00:00,LOCO_02,MOVING,retrofitted,track_19,
6498.5,2025-12-05T12:18:30+00:00,LOCO_02,MOVING,track_19,WS_01,
6505.5,2025-12-05T12:25:30+00:00,LOCO_02,MOVING,WS_01,retrofitted,
6510.5,2025-12-05T12:30:30+00:00,LOCO_02,MOVING,retrofitted,track_19,
6511.0,2025-12-05T12:31:00+00:00,LOCO_01,MOVING,parking13,track_19,
6517.5,2025-12-05T12:37:30+00:00,LOCO_02,MOVING,track_19,retrofit,
6525.5,2025-12-05T12:45:30+00:00,LOCO_02,MOVING,retrofit,WS_02,
6536.5,2025-12-05T12:56:30+00:00,LOCO_02,MOVING,WS_02,track_19,
6541.5,2025-12-05T13:01:30+00:00,LOCO_02,MOVING,track_19,collection2,
6571.0,2025-12-05T13:31:00+00:00,LOCO_01,MOVING,track_19,collection1,
6601.5,2025-12-05T14:01:30+00:00,LOCO_02,ALLOCATED,,,batch_transport
6604.5,2025-12-05T14:04:30+00:00,LOCO_02,MOVING,collection2,retrofit,
6631.0,2025-12-05T14:31:00+00:00,LOCO_01,ALLOCATED,,,batch_transport
6634.0,2025-12-05T14:34:00+00:00,LOCO_01,MOVING,collection1,retrofit,
6667.5,2025-12-05T15:07:30+00:00,LOCO_02,MOVING,retrofit,track_19,
6672.5,2025-12-05T15:12:30+00:00,LOCO_02,PARKING,,,
6674.5,2025-12-05T15:14:30+00:00,LOCO_02,MOVING,track_19,retrofit,
6682.5,2025-12-05T15:22:30+00:00,LOCO_02,MOVING,retrofit,WS_01,
6693.5,2025-12-05T15:33:30+00:00,LOCO_02,MOVING,WS_01,track_19,
6697.0,2025-12-05T15:37:00+00:00,LOCO_01,MOVING,retrofit,track_19,
6698.5,2025-12-05T15:38:30+00:00,LOCO_02,MOVING,track_19,WS_02,
6702.0,2025-12-05T15:42:00+00:00,LOCO_01,PARKING,,,
6702.0,2025-12-05T15:42:00+00:00,LOCO_01,ALLOCATED,,,batch_transport
6702.0,2025-12-05T15:42:00+00:00,LOCO_01,MOVING,track_19,retrofitted,
6705.5,2025-12-05T15:45:30+00:00,LOCO_02,MOVING,WS_02,retrofitted,
6710.5,2025-12-05T15:50:30+00:00,LOCO_02,MOVING,retrofitted,track_19,
6712.0,2025-12-05T15:52:00+00:00,LOCO_01,MOVING,retrofitted,parking1,
6715.5,2025-12-05T15:55:30+00:00,LOCO_02,MOVING,track_19,collection2,
6724.5,2025-12-05T16:04:30+00:00,LOCO_01,MOVING,parking1,track_19,
6731.5,2025-12-05T16:11:30+00:00,LOCO_01,MOVING,track_19,retrofit,
6739.5,2025-12-05T16:19:30+00:00,LOCO_01,MOVING,retrofit,WS_02,
6750.5,2025-12-05T16:30:30+00:00,LOCO_01,MOVING,WS_02,track_19,
6755.5,2025-12-05T16:35:30+00:00,LOCO_01,MOVING,track_19,collection1,
6775.5,2025-12-05T16:55:30+00:00,LOCO_02,ALLOCATED,,,batch_transport
6780.5,2025-12-05T17:00:30+00:00,LOCO_02,MOVING,collection2,retrofit,
6815.5,2025-12-05T17:35:30+00:00,LOCO_01,ALLOCATED,,,batch_transport
6818.5,2025-12-05T17:38:30+00:00,LOCO_01,MOVING,collection1,retrofit,
6849.5,2025-12-05T18:09:30+00:00,LOCO_02,MOVING,retrofit,track_19,
6854.5,2025-12-05T18:14:30+00:00,LOCO_02,PARKING,,,
6854.5,2025-12-05T18:14:30+00:00,LOCO_02,MOVING,track_19,WS_01,
6861.5,2025-12-05T18:21:30+00:00,LOCO_02,MOVING,WS_01,retrofitted,
6866.5,2025-12-05T18:26:30+00:00,LOCO_02,MOVING,retrofitted,track_19,
6871.5,2025-12-05T18:31:30+00:00,LOCO_02,MOVING,track_19,WS_02,
6878.5,2025-12-05T18:38:30+00:00,LOCO_02,MOVING,WS_02,retrofitted,
6881.5,2025-12-05T18:41:30+00:00,LOCO_01,MOVING,retrofit,track_19,
6883.5,2025-12-05T18:43:30+00:00,LOCO_02,MOVING,retrofitted,track_19,
6886.5,2025-12-05T18:46:30+00:00,LOCO_01,PARKING,,,
6886.5,2025-12-05T18:46:30+00:00,LOCO_01,MOVING,track_19,collection2,
6890.5,2025-12-05T18:50:30+00:00,LOCO_02,MOVING,track_19,retrofit,
6898.5,2025-12-05T18:58:30+00:00,LOCO_02,MOVING,retrofit,WS_01,
6909.5,2025-12-05T19:09:30+00:00,LOCO_02,MOVING,WS_01,track_19,
6916.5,2025-12-05T19:16:30+00:00,LOCO_02,MOVING,track_19,retrofit,
6924.5,2025-12-05T19:24:30+00:00,LOCO_02,MOVING,retrofit,WS_02,
6935.5,2025-12-05T19:35:30+00:00,LOCO_02,MOVING,WS_02,track_19,
6940.5,2025-12-05T19:40:30+00:00,LOCO_02,MOVING,track_19,collection1,
6946.5,2025-12-05T19:46:30+00:00,LOCO_01,ALLOCATED,,,batch_transport
6949.5,2025-12-05T19:49:30+00:00,LOCO_01,MOVING,collection2,retrofit,
7000.5,2025-12-05T20:40:30+00:00,LOCO_02,ALLOCATED,,,batch_transport
7005.5,2025-12-05T20:45:30+00:00,LOCO_02,MOVING,collection1,retrofit,
7012.5,2025-12-05T20:52:30+00:00,LOCO_01,MOVING,retrofit,track_19,
7017.5,2025-12-05T20:57:30+00:00,LOCO_01,PARKING,,,
7017.5,2025-12-05T20:57:30+00:00,LOCO_01,MOVING,track_19,WS_01,
7024.5,2025-12-05T21:04:30+00:00,LOCO_01,MOVING,WS_01,retrofitted,
7029.5,2025-12-05T21:09:30+00:00,LOCO_01,MOVING,retrofitted,track_19,
7034.5,2025-12-05T21:14:30+00:00,LOCO_01,MOVING,track_19,WS_02,
7041.5,2025-12-05T21:21:30+00:00,LOCO_01,MOVING,WS_02,retrofitted,
7046.5,2025-12-05T21:26:30+00:00,LOCO_01,MOVING,retrofitted,track_19,
7051.5,2025-12-05T21:31:30+00:00,LOCO_01,MOVING,track_19,collection2,
7074.5,2025-12-05T21:54:30+00:00,LOCO_02,MOVING,retrofit,track_19,
7079.5,2025-12-05T21:59:30+00:00,LOCO_02,PARKING,,,
7081.5,2025-12-05T22:01:30+00:00,LOCO_02,MOVING,track_19,retrofit,
7089.5,2025-12-05T22:09:30+00:00,LOCO_02,MOVING,retrofit,WS_01,
7100.5,2025-12-05T22:20:30+00:00,LOCO_02,MOVING,WS_01,track_19,
7107.5,2025-12-05T22:27:30+00:00,LOCO_02,MOVING,track_19,retrofit,
7111.5,2025-12-05T22:31:30+00:00,LOCO_01,ALLOCATED,,,batch_transport
7115.5,2025-12-05T22:35:30+00:00,LOCO_02,MOVING,retrofit,WS_02,
7116.5,2025-12-05T22:36:30+00:00,LOCO_01,MOVING,collection2,retrofit,
7126.5,2025-12-05T22:46:30+00:00,LOCO_02,MOVING,WS_02,track_19,
7131.5,2025-12-05T22:51:30+00:00,LOCO_02,MOVING,track_19,collection1,
7185.5,2025-12-05T23:45:30+00:00,LOCO_01,MOVING,retrofit,track_19,
7190.5,2025-12-05T23:50:30+00:00,LOCO_01,PARKING,,,
7190.5,2025-12-05T23:50:30+00:00,LOCO_01,ALLOCATED,,,batch_transport
7190.5,2025-12-05T23:50:30+00:00,LOCO_01,MOVING,track_19,retrofitted,
7191.5,2025-12-05T23:51:30+00:00,LOCO_02,ALLOCATED,,,batch_transport
7196.5,2025-12-05T23:56:30+00:00,LOCO_02,MOVING,collection1,retrofit,
7197.5,2025-12-05T23:57:30+00:00,LOCO_01,MOVING,retrofitted,parking14,
7265.5,2025-12-06T01:05:30+00:00,LOCO_02,MOVING,retrofit,track_19,
7270.5,2025-12-06T01:10:30+00:00,LOCO_02,PARKING,,,
7270.5,2025-12-06T01:10:30+00:00,LOCO_02,MOVING,track_19,collection2,
7274.0,2025-12-06T01:14:00+00:00,LOCO_01,MOVING,parking14,track_19,
7330.5,2025-12-06T02:10:30+00:00,LOCO_02,ALLOCATED,,,batch_transport
7333.5,2025-12-06T02:13:30+00:00,LOCO_02,MOVING,collection2,retrofit,
7334.0,2025-12-06T02:14:00+00:00,LOCO_01,MOVING,track_19,WS_01,
7341.0,2025-12-06T02:21:00+00:00,LOCO_01,MOVING,WS_01,retrofitted,
7346.0,2025-12-06T02:26:00+00:00,LOCO_01,MOVING,retrofitted,track_19,
7351.0,2025-12-06T02:31:00+00:00,LOCO_01,MOVING,track_19,WS_02,
7358.0,2025-12-06T02:38:00+00:00,LOCO_01,MOVING,WS_02,retrofitted,
7363.0,2025-12-06T02:43:00+00:00,LOCO_01,MOVING,retrofitted,track_19,
7370.0,2025-12-06T02:50:00+00:00,LOCO_01,MOVING,track_19,retrofit,
7378.0,2025-12-06T02:58:00+00:00,LOCO_01,MOVING,retrofit,WS_01,
7389.0,2025-12-06T03:09:00+00:00,LOCO_01,MOVING,WS_01,track_19,
7394.0,2025-12-06T03:14:00+00:00,LOCO_01,MOVING,track_19,collection1,
7396.5,2025-12-06T03:16:30+00:00,LOCO_02,MOVING,retrofit,track_19,
7401.5,2025-12-06T03:21:30+00:00,LOCO_02,PARKING,,,
7403.5,2025-12-06T03:23:30+00:00,LOCO_02,MOVING,track_19,retrofit,
7411.5,2025-12-06T03:31:30+00:00,LOCO_02,MOVING,retrofit,WS_02,
7422.5,2025-12-06T03:42:30+00:00,LOCO_02,MOVING,WS_02,track_19,
7427.5,2025-12-06T03:47:30+00:00,LOCO_02,ALLOCATED,,,batch_transport
7427.5,2025-12-06T03:47:30+00:00,LOCO_02,MOVING,track_19,retrofitted,
7437.5,2025-12-06T03:57:30+00:00,LOCO_02,MOVING,retrofitted,parking12,
7454.0,2025-12-06T04:14:00+00:00,LOCO_01,ALLOCATED,,,batch_transport
7457.0,2025-12-06T04:17:00+00:00,LOCO_01,MOVING,collection1,retrofit,
7505.0,2025-12-06T05:05:00+00:00,LOCO_02,MOVING,parking12,track_19,
7520.0,2025-12-06T05:20:00+00:00,LOCO_01,MOVING,retrofit,track_19,
7525.0,2025-12-06T05:25:00+00:00,LOCO_01,PARKING,,,
7525.0,2025-12-06T05:25:00+00:00,LOCO_01,MOVING,track_19,collection2,
7565.0,2025-12-06T06:05:00+00:00,LOCO_02,MOVING,track_19,WS_01,
7572.0,2025-12-06T06:12:00+00:00,LOCO_02,MOVING,WS_01,retrofitted,
7577.0,2025-12-06T06:17:00+00:00,LOCO_02,MOVING,retrofitted,track_19,
7582.0,2025-12-06T06:22:00+00:00,LOCO_02,MOVING,track_19,WS_02,
7585.0,2025-12-06T06:25:00+00:00,LOCO_01,ALLOCATED,,,batch_transport
7589.0,2025-12-06T06:29:00+00:00,LOCO_02,MOVING,WS_02,retrofitted,
7592.0,2025-12-06T06:32:00+00:00,LOCO_01,MOVING,collection2,retrofit,
7594.0,2025-12-06T06:34:00+00:00,LOCO_02,MOVING,retrofitted,track_19,
7601.0,2025-12-06T06:41:00+00:00,LOCO_02,MOVING,track_19,retrofit,
7609.0,2025-12-06T06:49:00+00:00,LOCO_02,MOVING,retrofit,WS_01,
7620.0,2025-12-06T07:00:00+00:00,LOCO_02,MOVING,WS_01,track_19,
7627.0,2025-12-06T07:07:00+00:00,LOCO_02,MOVING,track_19,retrofit,
7635.0,2025-12-06T07:15:00+00:00,LOCO_02,MOVING,retrofit,WS_02,
7646.0,2025-12-06T07:26:00+00:00,LOCO_02,MOVING,WS_02,track_19,
7651.0,2025-12-06T07:31:00+00:00,LOCO_02,MOVING,track_19,collection1,
7667.0,2025-12-06T07:47:00+00:00,LOCO_01,MOVING,retrofit,track_19,
7672.0,2025-12-06T07:52:00+00:00,LOCO_01,PARKING,,,
7672.0,2025-12-06T07:52:00+00:00,LOCO_01,ALLOCATED,,,batch_transport
7672.0,2025-12-06T07:52:00+00:00,LOCO_01,MOVING,track_19,retrofitted,
7680.0,2025-12-06T08:00:00+00:00,LOCO_01,MOVING,retrofitted,parking15,
7711.0,2025-12-06T08:31:00+00:00,LOCO_02,ALLOCATED,,,batch_transport
7714.0,2025-12-06T08:34:00+00:00,LOCO_02,MOVING,collection1,retrofit,
7758.5,2025-12-06T09:18:30+00:00,LOCO_01,MOVING,parking15,track_19,
7777.0,2025-12-06T09:37:00+00:00,LOCO_02,MOVING,retrofit,track_19,
7782.0,2025-12-06T09:42:00+00:00,LOCO_02,PARKING,,,
7782.0,2025-12-06T09:42:00+00:00,LOCO_02,MOVING,track_19,collection2,
7818.5,2025-12-06T10:18:30+00:00,LOCO_01,MOVING,track_19,WS_01,
7825.5,2025-12-06T10:25:30+00:00,LOCO_01,MOVING,WS_01,retrofitted,
7830.5,2025-12-06T10:30:30+00:00,LOCO_01,MOVING,retrofitted,track_19,
7835.5,2025-12-06T10:35:30+00:00,LOCO_01,MOVING,track_19,WS_02,
7842.0,2025-12-06T10:42:00+00:00,LOCO_02,ALLOCATED,,,batch_transport
7842.5,2025-12-06T10:42:30+00:00,LOCO_01,MOVING,WS_02,retrofitted,
7847.0,2025-12-06T10:47:00+00:00,LOCO_02,MOVING,collection2,retrofit,
7847.5,2025-12-06T10:47:30+00:00,LOCO_01,MOVING,retrofitted,track_19,
7854.5,2025-12-06T10:54:30+00:00,LOCO_01,MOVING,track_19,retrofit,
7862.5,2025-12-06T11:02:30+00:00,LOCO_01,MOVING,retrofit,WS_01,
7873.5,2025-12-06T11:13:30+00:00,LOCO_01,MOVING,WS_01,track_19,
7878.5,2025-12-06T11:18:30+00:00,LOCO_01,MOVING,track_19,collection1,
7916.0,2025-12-06T11:56:00+00:00,LOCO_02,MOVING,retrofit,track_19,
7921.0,2025-12-06T12:01:00+00:00,LOCO_02,PARKING,,,
7923.0,2025-12-06T12:03:00+00:00,LOCO_02,MOVING,track_19,retrofit,
7931.0,2025-12-06T12:11:00+00:00,LOCO_02,MOVING,retrofit,WS_02,
7938.5,2025-12-06T12:18:30+00:00,LOCO_01,ALLOCATED,,,batch_transport
7941.5,2025-12-06T12:21:30+00:00,LOCO_01,MOVING,collection1,retrofit,
7942.0,2025-12-06T12:22:00+00:00,LOCO_02,MOVING,WS_02,track_19,
7947.0,2025-12-06T12:27:00+00:00,LOCO_02,MOVING,track_19,WS_01,
7954.0,2025-12-06T12:34:00+00:00,LOCO_02,MOVING,WS_01,retrofitted,
7959.0,2025-12-06T12:39:00+00:00,LOCO_02,MOVING,retrofitted,track_19,
7964.0,2025-12-06T12:44:00+00:00,LOCO_02,MOVING,track_19,collection2,
8004.5,2025-12-06T13:24:30+00:00,LOCO_01,MOVING,retrofit,track_19,
8009.5,2025-12-06T13:29:30+00:00,LOCO_01,PARKING,,,
8011.5,2025-12-06T13:31:30+00:00,LOCO_01,MOVING,track_19,retrofit,
8019.5,2025-12-06T13:39:30+00:00,LOCO_01,MOVING,retrofit,WS_01,
8024.0,2025-12-06T13:44:00+00:00,LOCO_02,ALLOCATED,,,batch_transport
8030.5,2025-12-06T13:50:30+00:00,LOCO_01,MOVING,WS_01,track_19,
8033.0,2025-12-06T13:53:00+00:00,LOCO_02,MOVING,collection2,retrofit,
8035.5,2025-12-06T13:55:30+00:00,LOCO_01,ALLOCATED,,,batch_transport
8035.5,2025-12-06T13:55:30+00:00,LOCO_01,MOVING,track_19,retrofitted,
8043.5,2025-12-06T14:03:30+00:00,LOCO_01,MOVING,retrofitted,parking10,
8107.0,2025-12-06T15:07:00+00:00,LOCO_01,MOVING,parking10,track_19,
8114.0,2025-12-06T15:14:00+00:00,LOCO_02,MOVING,retrofit,track_19,
8119.0,2025-12-06T15:19:00+00:00,LOCO_02,PARKING,,,
8119.0,2025-12-06T15:19:00+00:00,LOCO_02,MOVING,track_19,collection1,
8167.0,2025-12-06T16:07:00+00:00,LOCO_01,MOVING,track_19,WS_02,
8174.0,2025-12-06T16:14:00+00:00,LOCO_01,MOVING,WS_02,retrofitted,
8179.0,2025-12-06T16:19:00+00:00,LOCO_02,ALLOCATED,,,batch_transport
8179.0,2025-12-06T16:19:00+00:00,LOCO_01,MOVING,retrofitted,track_19,
8184.0,2025-12-06T16:24:00+00:00,LOCO_02,MOVING,collection1,retrofit,
8184.0,2025-12-06T16:24:00+00:00,LOCO_01,MOVING,track_19,WS_01,
8191.0,2025-12-06T16:31:00+00:00,LOCO_01,MOVING,WS_01,retrofitted,
8196.0,2025-12-06T16:36:00+00:00,LOCO_01,MOVING,retrofitted,track_19,
8203.0,2025-12-06T16:43:00+00:00,LOCO_01,MOVING,track_19,retrofit,
8211.0,2025-12-06T16:51:00+00:00,LOCO_01,MOVING,retrofit,WS_02,
8222.0,2025-12-06T17:02:00+00:00,LOCO_01,MOVING,WS_02,track_19,
8227.0,2025-12-06T17:07:00+00:00,LOCO_01,MOVING,track_19,collection2,
8253.0,2025-12-06T17:33:00+00:00,LOCO_02,MOVING,retrofit,track_19,
8258.0,2025-12-06T17:38:00+00:00,LOCO_02,PARKING,,,
8260.0,2025-12-06T17:40:00+00:00,LOCO_02,MOVING,track_19,retrofit,
8268.0,2025-12-06T17:48:00+00:00,LOCO_02,MOVING,retrofit,WS_01,
8279.0,2025-12-06T17:59:00+00:00,LOCO_02,MOVING,WS_01,track_19,
8284.0,2025-12-06T18:04:00+00:00,LOCO_02,ALLOCATED,,,batch_transport
8284.0,2025-12-06T18:04:00+00:00,LOCO_02,MOVING,track_19,retrofitted,
8287.0,2025-12-06T18:07:00+00:00,LOCO_01,ALLOCATED,,,batch_transport
8290.0,2025-12-06T18:10:00+00:00,LOCO_01,MOVING,collection2,retrofit,
8293.0,2025-12-06T18:13:00+00:00,LOCO_02,MOVING,retrofitted,parking14,
8353.0,2025-12-06T19:13:00+00:00,LOCO_01,MOVING,retrofit,track_19,
8358.0,2025-12-06T19:18:00+00:00,LOCO_01,PARKING,,,
8358.0,2025-12-06T19:18:00+00:00,LOCO_01,MOVING,track_19,collection1,
8373.5,2025-12-06T19:33:30+00:00,LOCO_02,MOVING,parking14,track_19,
8418.0,2025-12-06T20:18:00+00:00,LOCO_01,ALLOCATED,,,batch_transport
8425.0,2025-12-06T20:25:00+00:00,LOCO_01,MOVING,collection1,retrofit,
8433.5,2025-12-06T20:33:30+00:00,LOCO_02,MOVING,track_19,WS_02,
8440.5,2025-12-06T20:40:30+00:00,LOCO_02,MOVING,WS_02,retrofitted,
8445.5,2025-12-06T20:45:30+00:00,LOCO_02,MOVING,retrofitted,track_19,
8450.5,2025-12-06T20:50:30+00:00,LOCO_02,MOVING,track_19,WS_01,
8457.5,2025-12-06T20:57:30+00:00,LOCO_02,MOVING,WS_01,retrofitted,
8462.5,2025-12-06T21:02:30+00:00,LOCO_02,MOVING,retrofitted,track_19,
8469.5,2025-12-06T21:09:30+00:00,LOCO_02,MOVING,track_19,retrofit,
8477.5,2025-12-06T21:17:30+00:00,LOCO_02,MOVING,retrofit,WS_02,
8488.5,2025-12-06T21:28:30+00:00,LOCO_02,MOVING,WS_02,track_19,
8493.5,2025-12-06T21:33:30+00:00,LOCO_02,MOVING,track_19,collection2,
8500.0,2025-12-06T21:40:00+00:00,LOCO_01,MOVING,retrofit,track_19,
8505.0,2025-12-06T21:45:00+00:00,LOCO_01,PARKING,,,
8507.0,2025-12-06T21:47:00+00:00,LOCO_01,MOVING,track_19,retrofit,
8515.0,2025-12-06T21:55:00+00:00,LOCO_01,MOVING,retrofit,WS_01,
8526.0,2025-12-06T22:06:00+00:00,LOCO_01,MOVING,WS_01,track_19,
8531.0,2025-12-06T22:11:00+00:00,LOCO_01,ALLOCATED,,,batch_transport
8531.0,2025-12-06T22:11:00+00:00,LOCO_01,MOVING,track_19,retrofitted,
8539.0,2025-12-06T22:19:00+00:00,LOCO_01,MOVING,retrofitted,parking16,
8553.5,2025-12-06T22:33:30+00:00,LOCO_02,ALLOCATED,,,batch_transport
8556.5,2025-12-06T22:36:30+00:00,LOCO_02,MOVING,collection2,retrofit,
8619.5,2025-12-06T23:39:30+00:00,LOCO_02,MOVING,retrofit,track_19,
8624.5,2025-12-06T23:44:30+00:00,LOCO_02,PARKING,,,
8624.5,2025-12-06T23:44:30+00:00,LOCO_02,MOVING,track_19,collection1,
8662.5,2025-12-07T00:22:30+00:00,LOCO_01,MOVING,parking16,track_19,
8684.5,2025-12-07T00:44:30+00:00,LOCO_02,ALLOCATED,,,batch_transport
8689.5,2025-12-07T00:49:30+00:00,LOCO_02,MOVING,collection1,retrofit,
8722.5,2025-12-07T01:22:30+00:00,LOCO_01,MOVING,track_19,WS_02,
8729.5,2025-12-07T01:29:30+00:00,LOCO_01,MOVING,WS_02,retrofitted,
8734.5,2025-12-07T01:34:30+00:00,LOCO_01,MOVING,retrofitted,track_19,
8739.5,2025-12-07T01:39:30+00:00,LOCO_01,MOVING,track_19,WS_01,
8746.5,2025-12-07T01:46:30+00:00,LOCO_01,MOVING,WS_01,retrofitted,
8751.5,2025-12-07T01:51:30+00:00,LOCO_01,MOVING,retrofitted,track_19,
8758.5,2025-12-07T01:58:30+00:00,LOCO_02,MOVING,retrofit,track_19,
8758.5,2025-12-07T01:58:30+00:00,LOCO_01,MOVING,track_19,retrofit,
8763.5,2025-12-07T02:03:30+00:00,LOCO_02,PARKING,,,
8763.5,2025-12-07T02:03:30+00:00,LOCO_02,MOVING,track_19,collection2,
8766.5,2025-12-07T02:06:30+00:00,LOCO_01,MOVING,retrofit,WS_02,
8777.5,2025-12-07T02:17:30+00:00,LOCO_01,MOVING,WS_02,track_19,
8784.5,2025-12-07T02:24:30+00:00,LOCO_01,MOVING,track_19,retrofit,
8792.5,2025-12-07T02:32:30+00:00,LOCO_01,MOVING,retrofit,WS_01,
8803.5,2025-12-07T02:43:30+00:00,LOCO_01,MOVING,WS_01,track_19,
8808.5,2025-12-07T02:48:30+00:00,LOCO_01,MOVING,track_19,collection1,
8823.5,2025-12-07T03:03:30+00:00,LOCO_02,ALLOCATED,,,batch_transport
8826.5,2025-12-07T03:06:30+00:00,LOCO_02,MOVING,collection2,retrofit,
8868.5,2025-12-07T03:48:30+00:00,LOCO_01,ALLOCATED,,,batch_transport
8875.5,2025-12-07T03:55:30+00:00,LOCO_01,MOVING,collection1,retrofit,
8889.5,2025-12-07T04:09:30+00:00,LOCO_02,MOVING,retrofit,track_19,
8894.5,2025-12-07T04:14:30+00:00,LOCO_02,PARKING,,,
8894.5,2025-12-07T04:14:30+00:00,LOCO_02,MOVING,track_19,WS_02,
8901.5,2025-12-07T04:21:30+00:00,LOCO_02,MOVING,WS_02,retrofitted,
8906.5,2025-12-07T04:26:30+00:00,LOCO_02,MOVING,retrofitted,track_19,
8911.5,2025-12-07T04:31:30+00:00,LOCO_02,ALLOCATED,,,batch_transport
8911.5,2025-12-07T04:31:30+00:00,LOCO_02,MOVING,track_19,retrofitted,
8919.5,2025-12-07T04:39:30+00:00,LOCO_02,MOVING,retrofitted,parking15,
8950.5,2025-12-07T05:10:30+00:00,LOCO_01,MOVING,retrofit,track_19,
8955.5,2025-12-07T05:15:30+00:00,LOCO_01,PARKING,,,
8955.5,2025-12-07T05:15:30+00:00,LOCO_01,MOVING,track_19,collection2,
8998.0,2025-12-07T05:58:00+00:00,LOCO_02,MOVING,parking15,track_19,
9015.5,2025-12-07T06:15:30+00:00,LOCO_01,ALLOCATED,,,batch_transport
9018.5,2025-12-07T06:18:30+00:00,LOCO_01,MOVING,collection2,retrofit,
9060.0,2025-12-07T07:00:00+00:00,LOCO_02,MOVING,track_19,retrofit,
9068.0,2025-12-07T07:08:00+00:00,LOCO_02,MOVING,retrofit,WS_02,
9079.0,2025-12-07T07:19:00+00:00,LOCO_02,MOVING,WS_02,track_19,
9081.5,2025-12-07T07:21:30+00:00,LOCO_01,MOVING,retrofit,track_19,
9084.0,2025-12-07T07:24:00+00:00,LOCO_02,MOVING,track_19,collection1,
9086.5,2025-12-07T07:26:30+00:00,LOCO_01,PARKING,,,
9086.5,2025-12-07T07:26:30+00:00,LOCO_01,MOVING,track_19,WS_01,
9093.5,2025-12-07T07:33:30+00:00,LOCO_01,MOVING,WS_01,retrofitted,
9098.5,2025-12-07T07:38:30+00:00,LOCO_01,MOVING,retrofitted,track_19,
9103.5,2025-12-07T07:43:30+00:00,LOCO_01,ALLOCATED,,,batch_transport
9103.5,2025-12-07T07:43:30+00:00,LOCO_01,MOVING,track_19,retrofitted,
9112.5,2025-12-07T07:52:30+00:00,LOCO_01,MOVING,retrofitted,parking10,
9144.0,2025-12-07T08:24:00+00:00,LOCO_02,ALLOCATED,,,batch_transport
9147.0,2025-12-07T08:27:00+00:00,LOCO_02,MOVING,collection1,retrofit,
9178.0,2025-12-07T08:58:00+00:00,LOCO_01,MOVING,parking10,track_19,
9210.0,2025-12-07T09:30:00+00:00,LOCO_02,MOVING,retrofit,track_19,
9215.0,2025-12-07T09:35:00+00:00,LOCO_02,PARKING,,,
9217.0,2025-12-07T09:37:00+00:00,LOCO_02,MOVING,track_19,retrofit,
9225.0,2025-12-07T09:45:00+00:00,LOCO_02,MOVING,retrofit,WS_01,
9236.0,2025-12-07T09:56:00+00:00,LOCO_02,MOVING,WS_01,track_19,
9238.0,2025-12-07T09:58:00+00:00,LOCO_01,MOVING,track_19,collection2,
9241.0,2025-12-07T10:01:00+00:00,LOCO_02,MOVING,track_19,WS_02,
9248.0,2025-12-07T10:08:00+00:00,LOCO_02,MOVING,WS_02,retrofitted,
9253.0,2025-12-07T10:13:00+00:00,LOCO_02,MOVING,retrofitted,track_19,
9258.0,2025-12-07T10:18:00+00:00,LOCO_02,MOVING,track_19,collection1,
9298.0,2025-12-07T10:58:00+00:00,LOCO_01,ALLOCATED,,,batch_transport
9301.0,2025-12-07T11:01:00+00:00,LOCO_01,MOVING,collection2,retrofit,
9318.0,2025-12-07T11:18:00+00:00,LOCO_02,ALLOCATED,,,batch_transport
9321.0,2025-12-07T11:21:00+00:00,LOCO_02,MOVING,collection1,retrofit,
9364.0,2025-12-07T12:04:00+00:00,LOCO_01,MOVING,retrofit,track_19,
9369.0,2025-12-07T12:09:00+00:00,LOCO_01,PARKING,,,
9371.0,2025-12-07T12:11:00+00:00,LOCO_01,MOVING,track_19,retrofit,
9379.0,2025-12-07T12:19:00+00:00,LOCO_01,MOVING,retrofit,WS_02,
9384.0,2025-12-07T12:24:00+00:00,LOCO_02,MOVING,retrofit,track_19,
9389.0,2025-12-07T12:29:00+00:00,LOCO_02,PARKING,,,
9389.0,2025-12-07T12:29:00+00:00,LOCO_02,MOVING,track_19,WS_01,
9390.0,2025-12-07T12:30:00+00:00,LOCO_01,MOVING,WS_02,track_19,
9395.0,2025-12-07T12:35:00+00:00,LOCO_01,ALLOCATED,,,batch_transport
9395.0,2025-12-07T12:35:00+00:00,LOCO_01,MOVING,track_19,retrofitted,
9396.0,2025-12-07T12:36:00+00:00,LOCO_02,MOVING,WS_01,retrofitted,
9401.0,2025-12-07T12:41:00+00:00,LOCO_02,MOVING,retrofitted,track_19,
9402.0,2025-12-07T12:42:00+00:00,LOCO_01,MOVING,retrofitted,parking13,
9406.0,2025-12-07T12:46:00+00:00,LOCO_02,MOVING,track_19,collection2,
9466.0,2025-12-07T13:46:00+00:00,LOCO_02,ALLOCATED,,,batch_transport
9469.0,2025-12-07T13:49:00+00:00,LOCO_02,MOVING,collection2,retrofit,
9478.5,2025-12-07T13:58:30+00:00,LOCO_01,MOVING,parking13,track_19,
9532.0,2025-12-07T14:52:00+00:00,LOCO_02,MOVING,retrofit,track_19,
9537.0,2025-12-07T14:57:00+00:00,LOCO_02,PARKING,,,
9538.5,2025-12-07T14:58:30+00:00,LOCO_01,MOVING,track_19,collection1,
9539.0,2025-12-07T14:59:00+00:00,LOCO_02,MOVING,track_19,retrofit,
9547.0,2025-12-07T15:07:00+00:00,LOCO_02,MOVING,retrofit,WS_01,
9558.0,2025-12-07T15:18:00+00:00,LOCO_02,MOVING,WS_01,track_19,
9563.0,2025-12-07T15:23:00+00:00,LOCO_02,MOVING,track_19,WS_02,
9570.0,2025-12-07T15:30:00+00:00,LOCO_02,MOVING,WS_02,retrofitted,
9575.0,2025-12-07T15:35:00+00:00,LOCO_02,MOVING,retrofitted,track_19,
9580.0,2025-12-07T15:40:00+00:00,LOCO_02,MOVING,track_19,collection2,
9598.5,2025-12-07T15:58:30+00:00,LOCO_01,ALLOCATED,,,batch_transport
9601.5,2025-12-07T16:01:30+00:00,LOCO_01,MOVING,collection1,retrofit,
9640.0,2025-12-07T16:40:00+00:00,LOCO_02,ALLOCATED,,,batch_transport
9643.0,2025-12-07T16:43:00+00:00,LOCO_02,MOVING,collection2,retrofit,
9664.5,2025-12-07T17:04:30+00:00,LOCO_01,MOVING,retrofit,track_19,
9669.5,2025-12-07T17:09:30+00:00,LOCO_01,PARKING,,,
9671.5,2025-12-07T17:11:30+00:00,LOCO_01,MOVING,track_19,retrofit,
9679.5,2025-12-07T17:19:30+00:00,LOCO_01,MOVING,retrofit,WS_02,
9690.5,2025-12-07T17:30:30+00:00,LOCO_01,MOVING,WS_02,track_19,
9695.5,2025-12-07T17:35:30+00:00,LOCO_01,MOVING,track_19,WS_01,
9702.5,2025-12-07T17:42:30+00:00,LOCO_01,MOVING,WS_01,retrofitted,
9706.0,2025-12-07T17:46:00+00:00,LOCO_02,MOVING,retrofit,track_19,
9707.5,2025-12-07T17:47:30+00:00,LOCO_01,MOVING,retrofitted,track_19,
9711.0,2025-12-07T17:51:00+00:00,LOCO_02,PARKING,,,
9711.0,2025-12-07T17:51:00+00:00,LOCO_02,MOVING,track_19,collection1,
9712.5,2025-12-07T17:52:30+00:00,LOCO_01,ALLOCATED,,,batch_transport
9712.5,2025-12-07T17:52:30+00:00,LOCO_01,MOVING,track_19,retrofitted,
9720.5,2025-12-07T18:00:30+00:00,LOCO_01,MOVING,retrofitted,parking9,
9729.0,2025-12-07T18:09:00+00:00,LOCO_01,MOVING,parking9,track_19,
9736.0,2025-12-07T18:16:00+00:00,LOCO_01,MOVING,track_19,retrofit,
9744.0,2025-12-07T18:24:00+00:00,LOCO_01,MOVING,retrofit,WS_01,
9755.0,2025-12-07T18:35:00+00:00,LOCO_01,MOVING,WS_01,track_19,
9760.0,2025-12-07T18:40:00+00:00,LOCO_01,MOVING,track_19,collection2,
9771.0,2025-12-07T18:51:00+00:00,LOCO_02,ALLOCATED,,,batch_transport
9776.0,2025-12-07T18:56:00+00:00,LOCO_02,MOVING,collection1,retrofit,
9820.0,2025-12-07T19:40:00+00:00,LOCO_01,ALLOCATED,,,batch_transport
9823.0,2025-12-07T19:43:00+00:00,LOCO_01,MOVING,collection2,retrofit,
9845.0,2025-12-07T20:05:00+00:00,LOCO_02,MOVING,retrofit,track_19,
9850.0,2025-12-07T20:10:00+00:00,LOCO_02,PARKING,,,
9850.0,2025-12-07T20:10:00+00:00,LOCO_02,MOVING,track_19,WS_02,
9857.0,2025-12-07T20:17:00+00:00,LOCO_02,MOVING,WS_02,retrofitted,
9862.0,2025-12-07T20:22:00+00:00,LOCO_02,MOVING,retrofitted,track_19,
9867.0,2025-12-07T20:27:00+00:00,LOCO_02,MOVING,track_19,WS_01,
9874.0,2025-12-07T20:34:00+00:00,LOCO_02,MOVING,WS_01,retrofitted,
9879.0,2025-12-07T20:39:00+00:00,LOCO_02,MOVING,retrofitted,track_19,
9884.0,2025-12-07T20:44:00+00:00,LOCO_02,MOVING,track_19,collection1,
9886.0,2025-12-07T20:46:00+00:00,LOCO_01,MOVING,retrofit,track_19,
9891.0,2025-12-07T20:51:00+00:00,LOCO_01,PARKING,,,
9893.0,2025-12-07T20:53:00+00:00,LOCO_01,MOVING,track_19,retrofit,
9901.0,2025-12-07T21:01:00+00:00,LOCO_01,MOVING,retrofit,WS_02,
9912.0,2025-12-07T21:12:00+00:00,LOCO_01,MOVING,WS_02,track_19,
9919.0,2025-12-07T21:19:00+00:00,LOCO_01,MOVING,track_19,retrofit,
9927.0,2025-12-07T21:27:00+00:00,LOCO_01,MOVING,retrofit,WS_01,
9938.0,2025-12-07T21:38:00+00:00,LOCO_01,MOVING,WS_01,track_19,
9943.0,2025-12-07T21:43:00+00:00,LOCO_01,MOVING,track_19,collection2,
9944.0,2025-12-07T21:44:00+00:00,LOCO_02,ALLOCATED,,,batch_transport
9949.0,2025-12-07T21:49:00+00:00,LOCO_02,MOVING,collection1,retrofit,
10003.0,2025-12-07T22:43:00+00:00,LOCO_01,ALLOCATED,,,batch_transport
10008.0,2025-12-07T22:48:00+00:00,LOCO_01,MOVING,collection2,retrofit,
10018.0,2025-12-07T22:58:00+00:00,LOCO_02,MOVING,retrofit,track_19,
10023.0,2025-12-07T23:03:00+00:00,LOCO_02,PARKING,,,
10023.0,2025-12-07T23:03:00+00:00,LOCO_02,ALLOCATED,,,batch_transport
10023.0,2025-12-07T23:03:00+00:00,LOCO_02,MOVING,track_19,retrofitted,
10031.0,2025-12-07T23:11:00+00:00,LOCO_02,MOVING,retrofitted,parking11,
10077.0,2025-12-07T23:57:00+00:00,LOCO_01,MOVING,retrofit,track_19,
10082.0,2025-12-08T00:02:00+00:00,LOCO_01,PARKING,,,
10082.0,2025-12-08T00:02:00+00:00,LOCO_01,MOVING,track_19,collection1,
10094.5,2025-12-08T00:14:30+00:00,LOCO_02,MOVING,parking11,track_19,
10142.0,2025-12-08T01:02:00+00:00,LOCO_01,ALLOCATED,,,batch_transport
10147.0,2025-12-08T01:07:00+00:00,LOCO_01,MOVING,collection1,retrofit,
10154.5,2025-12-08T01:14:30+00:00,LOCO_02,MOVING,track_19,WS_02,
10161.5,2025-12-08T01:21:30+00:00,LOCO_02,MOVING,WS_02,retrofitted,
10166.5,2025-12-08T01:26:30+00:00,LOCO_02,MOVING,retrofitted,track_19,
10171.5,2025-12-08T01:31:30+00:00,LOCO_02,MOVING,track_19,WS_01,
10178.5,2025-12-08T01:38:30+00:00,LOCO_02,MOVING,WS_01,retrofitted,
10183.5,2025-12-08T01:43:30+00:00,LOCO_02,MOVING,retrofitted,track_19,
10190.5,2025-12-08T01:50:30+00:00,LOCO_02,MOVING,track_19,retrofit,
10198.5,2025-12-08T01:58:30+00:00,LOCO_02,MOVING,retrofit,WS_02,
10209.5,2025-12-08T02:09:30+00:00,LOCO_02,MOVING,WS_02,track_19,
10214.5,2025-12-08T02:14:30+00:00,LOCO_02,MOVING,track_19,collection2,
10216.0,2025-12-08T02:16:00+00:00,LOCO_01,MOVING,retrofit,track_19,
10221.0,2025-12-08T02:21:00+00:00,LOCO_01,PARKING,,,
10223.0,2025-12-08T02:23:00+00:00,LOCO_01,MOVING,track_19,retrofit,
10231.0,2025-12-08T02:31:00+00:00,LOCO_01,MOVING,retrofit,WS_01,
10242.0,2025-12-08T02:42:00+00:00,LOCO_01,MOVING,WS_01,track_19,
10247.0,2025-12-08T02:47:00+00:00,LOCO_01,ALLOCATED,,,batch_transport
10247.0,2025-12-08T02:47:00+00:00,LOCO_01,MOVING,track_19,retrofitted,
10255.0,2025-12-08T02:55:00+00:00,LOCO_01,MOVING,retrofitted,parking1,
10263.5,2025-12-08T03:03:30+00:00,LOCO_01,MOVING,parking1,track_19,
10268.5,2025-12-08T03:08:30+00:00,LOCO_01,MOVING,track_19,collection1,
10274.5,2025-12-08T03:14:30+00:00,LOCO_02,ALLOCATED,,,batch_transport
10277.5,2025-12-08T03:17:30+00:00,LOCO_02,MOVING,collection2,retrofit,
10328.5,2025-12-08T04:08:30+00:00,LOCO_01,ALLOCATED,,,batch_transport
10333.5,2025-12-08T04:13:30+00:00,LOCO_01,MOVING,collection1,retrofit,
10340.5,2025-12-08T04:20:30+00:00,LOCO_02,MOVING,retrofit,track_19,
10345.5,2025-12-08T04:25:30+00:00,LOCO_02,PARKING,,,
10345.5,2025-12-08T04:25:30+00:00,LOCO_02,MOVING,track_19,WS_02,
10352.5,2025-12-08T04:32:30+00:00,LOCO_02,MOVING,WS_02,retrofitted,
10357.5,2025-12-08T04:37:30+00:00,LOCO_02,MOVING,retrofitted,track_19,
10362.5,2025-12-08T04:42:30+00:00,LOCO_02,MOVING,track_19,WS_01,
10369.5,2025-12-08T04:49:30+00:00,LOCO_02,MOVING,WS_01,retrofitted,
10374.5,2025-12-08T04:54:30+00:00,LOCO_02,MOVING,retrofitted,track_19,
10381.5,2025-12-08T05:01:30+00:00,LOCO_02,MOVING,track_19,retrofit,
10389.5,2025-12-08T05:09:30+00:00,LOCO_02,MOVING,retrofit,WS_02,
10400.5,2025-12-08T05:20:30+00:00,LOCO_02,MOVING,WS_02,track_19,
10402.5,2025-12-08T05:22:30+00:00,LOCO_01,MOVING,retrofit,track_19,
10405.5,2025-12-08T05:25:30+00:00,LOCO_02,MOVING,track_19,collection2,
10407.5,2025-12-08T05:27:30+00:00,LOCO_01,PARKING,,,
10409.5,2025-12-08T05:29:30+00:00,LOCO_01,MOVING,track_19,retrofit,
10417.5,2025-12-08T05:37:30+00:00,LOCO_01,MOVING,retrofit,WS_01,
10428.5,2025-12-08T05:48:30+00:00,LOCO_01,MOVING,WS_01,track_19,
10433.5,2025-12-08T05:53:30+00:00,LOCO_01,ALLOCATED,,,batch_transport
10433.5,2025-12-08T05:53:30+00:00,LOCO_01,MOVING,track_19,retrofitted,
10441.5,2025-12-08T06:01:30+00:00,LOCO_01,MOVING,retrofitted,parking13,
10465.5,2025-12-08T06:25:30+00:00,LOCO_02,ALLOCATED,,,batch_transport
10468.5,2025-12-08T06:28:30+00:00,LOCO_02,MOVING,collection2,retrofit,
10520.0,2025-12-08T07:20:00+00:00,LOCO_01,MOVING,parking13,track_19,
10531.5,2025-12-08T07:31:30+00:00,LOCO_02,MOVING,retrofit,track_19,
10536.5,2025-12-08T07:36:30+00:00,LOCO_02,PARKING,,,
10536.5,2025-12-08T07:36:30+00:00,LOCO_02,MOVING,track_19,collection1,
10580.0,2025-12-08T08:20:00+00:00,LOCO_01,MOVING,track_19,WS_02,
10587.0,2025-12-08T08:27:00+00:00,LOCO_01,MOVING,WS_02,retrofitted,
10592.0,2025-12-08T08:32:00+00:00,LOCO_01,MOVING,retrofitted,track_19,
10596.5,2025-12-08T08:36:30+00:00,LOCO_02,ALLOCATED,,,batch_transport
10597.0,2025-12-08T08:37:00+00:00,LOCO_01,MOVING,track_19,WS_01,
10603.5,2025-12-08T08:43:30+00:00,LOCO_02,MOVING,collection1,retrofit,
10604.0,2025-12-08T08:44:00+00:00,LOCO_01,MOVING,WS_01,retrofitted,
10609.0,2025-12-08T08:49:00+00:00,LOCO_01,MOVING,retrofitted,track_19,
10616.0,2025-12-08T08:56:00+00:00,LOCO_01,MOVING,track_19,retrofit,
10624.0,2025-12-08T09:04:00+00:00,LOCO_01,MOVING,retrofit,WS_02,
10635.0,2025-12-08T09:15:00+00:00,LOCO_01,MOVING,WS_02,track_19,
10640.0,2025-12-08T09:20:00+00:00,LOCO_01,MOVING,track_19,collection2,
10678.5,2025-12-08T09:58:30+00:00,LOCO_02,MOVING,retrofit,track_19,
10683.5,2025-12-08T10:03:30+00:00,LOCO_02,PARKING,,,
10685.5,2025-12-08T10:05:30+00:00,LOCO_02,MOVING,track_19,retrofit,
10693.5,2025-12-08T10:13:30+00:00,LOCO_02,MOVING,retrofit,WS_01,
10700.0,2025-12-08T10:20:00+00:00,LOCO_01,ALLOCATED,,,batch_transport
10703.0,2025-12-08T10:23:00+00:00,LOCO_01,MOVING,collection2,retrofit,
10704.5,2025-12-08T10:24:30+00:00,LOCO_02,MOVING,WS_01,track_19,
10709.5,2025-12-08T10:29:30+00:00,LOCO_02,MOVING,track_19,WS_02,
10716.5,2025-12-08T10:36:30+00:00,LOCO_02,MOVING,WS_02,retrofitted,
10721.5,2025-12-08T10:41:30+00:00,LOCO_02,MOVING,retrofitted,track_19,
10726.5,2025-12-08T10:46:30+00:00,LOCO_02,MOVING,track_19,collection1,
10766.0,2025-12-08T11:26:00+00:00,LOCO_01,MOVING,retrofit,track_19,
10771.0,2025-12-08T11:31:00+00:00,LOCO_01,PARKING,,,
10773.0,2025-12-08T11:33:00+00:00,LOCO_01,MOVING,track_19,retrofit,
10781.0,2025-12-08T11:41:00+00:00,LOCO_01,MOVING,retrofit,WS_02,
10786.5,2025-12-08T11:46:30+00:00,LOCO_02,ALLOCATED,,,batch_transport
10792.0,2025-12-08T11:52:00+00:00,LOCO_01,MOVING,WS_02,track_19,
10795.5,2025-12-08T11:55:30+00:00,LOCO_02,MOVING,collection1,retrofit,
10797.0,2025-12-08T11:57:00+00:00,LOCO_01,ALLOCATED,,,batch_transport
10797.0,2025-12-08T11:57:00+00:00,LOCO_01,MOVING,track_19,retrofitted,
10805.0,2025-12-08T12:05:00+00:00,LOCO_01,MOVING,retrofitted,parking16,
10876.5,2025-12-08T13:16:30+00:00,LOCO_02,MOVING,retrofit,track_19,
10881.5,2025-12-08T13:21:30+00:00,LOCO_02,PARKING,,,
10881.5,2025-12-08T13:21:30+00:00,LOCO_02,MOVING,track_19,collection2,
10928.5,2025-12-08T14:08:30+00:00,LOCO_01,MOVING,parking16,track_19,
10941.5,2025-12-08T14:21:30+00:00,LOCO_02,ALLOCATED,,,batch_transport
10944.5,2025-12-08T14:24:30+00:00,LOCO_02,MOVING,collection2,retrofit,
10988.5,2025-12-08T15:08:30+00:00,LOCO_01,MOVING,track_19,WS_01,
10995.5,2025-12-08T15:15:30+00:00,LOCO_01,MOVING,WS_01,retrofitted,
11000.5,2025-12-08T15:20:30+00:00,LOCO_01,MOVING,retrofitted,track_19,
11005.5,2025-12-08T15:25:30+00:00,LOCO_01,MOVING,track_19,WS_02,
11007.5,2025-12-08T15:27:30+00:00,LOCO_02,MOVING,retrofit,track_19,
11012.5,2025-12-08T15:32:30+00:00,LOCO_02,PARKING,,,
11012.5,2025-12-08T15:32:30+00:00,LOCO_01,MOVING,WS_02,retrofitted,
11014.5,2025-12-08T15:34:30+00:00,LOCO_02,MOVING,track_19,retrofit,
11017.5,2025-12-08T15:37:30+00:00,LOCO_01,MOVING,retrofitted,track_19,
11022.5,2025-12-08T15:42:30+00:00,LOCO_02,MOVING,retrofit,WS_01,
11022.5,2025-12-08T15:42:30+00:00,LOCO_01,ALLOCATED,,,batch_transport
11022.5,2025-12-08T15:42:30+00:00,LOCO_01,MOVING,track_19,retrofitted,
11031.5,2025-12-08T15:51:30+00:00,LOCO_01,MOVING,retrofitted,parking14,
11033.5,2025-12-08T15:53:30+00:00,LOCO_02,MOVING,WS_01,track_19,
11038.5,2025-12-08T15:58:30+00:00,LOCO_02,MOVING,track_19,collection1,
11098.5,2025-12-08T16:58:30+00:00,LOCO_02,ALLOCATED,,,batch_transport
11101.5,2025-12-08T17:01:30+00:00,LOCO_02,MOVING,collection1,retrofit,
11112.0,2025-12-08T17:12:00+00:00,LOCO_01,MOVING,parking14,track_19,
11164.5,2025-12-08T18:04:30+00:00,LOCO_02,MOVING,retrofit,track_19,
11169.5,2025-12-08T18:09:30+00:00,LOCO_02,PARKING,,,
11169.5,2025-12-08T18:09:30+00:00,LOCO_02,MOVING,track_19,collection2,
11174.0,2025-12-08T18:14:00+00:00,LOCO_01,MOVING,track_19,retrofit,
11182.0,2025-12-08T18:22:00+00:00,LOCO_01,MOVING,retrofit,WS_02,
11193.0,2025-12-08T18:33:00+00:00,LOCO_01,MOVING,WS_02,track_19,
11198.0,2025-12-08T18:38:00+00:00,LOCO_01,MOVING,track_19,WS_01,
11205.0,2025-12-08T18:45:00+00:00,LOCO_01,MOVING,WS_01,retrofitted,
11210.0,2025-12-08T18:50:00+00:00,LOCO_01,MOVING,retrofitted,track_19,
11215.0,2025-12-08T18:55:00+00:00,LOCO_01,MOVING,track_19,collection1,
11229.5,2025-12-08T19:09:30+00:00,LOCO_02,ALLOCATED,,,batch_transport
11232.5,2025-12-08T19:12:30+00:00,LOCO_02,MOVING,collection2,retrofit,
11275.0,2025-12-08T19:55:00+00:00,LOCO_01,ALLOCATED,,,batch_transport
11280.0,2025-12-08T20:00:00+00:00,LOCO_01,MOVING,collection1,retrofit,
11295.5,2025-12-08T20:15:30+00:00,LOCO_02,MOVING,retrofit,track_19,
11300.5,2025-12-08T20:20:30+00:00,LOCO_02,PARKING,,,
11302.5,2025-12-08T20:22:30+00:00,LOCO_02,MOVING,track_19,retrofit,
11310.5,2025-12-08T20:30:30+00:00,LOCO_02,MOVING,retrofit,WS_01,
11321.5,2025-12-08T20:41:30+00:00,LOCO_02,MOVING,WS_01,track_19,
11326.5,2025-12-08T20:46:30+00:00,LOCO_02,MOVING,track_19,WS_02,
11333.5,2025-12-08T20:53:30+00:00,LOCO_02,MOVING,WS_02,retrofitted,
11338.5,2025-12-08T20:58:30+00:00,LOCO_02,MOVING,retrofitted,track_19,
11343.5,2025-12-08T21:03:30+00:00,LOCO_02,MOVING,track_19,collection2,
11349.0,2025-12-08T21:09:00+00:00,LOCO_01,MOVING,retrofit,track_19,
11354.0,2025-12-08T21:14:00+00:00,LOCO_01,PARKING,,,
11356.0,2025-12-08T21:16:00+00:00,LOCO_01,MOVING,track_19,retrofit,
11364.0,2025-12-08T21:24:00+00:00,LOCO_01,MOVING,retrofit,WS_02,
11375.0,2025-12-08T21:35:00+00:00,LOCO_01,MOVING,WS_02,track_19,
11380.0,2025-12-08T21:40:00+00:00,LOCO_01,ALLOCATED,,,batch_transport
11380.0,2025-12-08T21:40:00+00:00,LOCO_01,MOVING,track_19,retrofitted,
11388.0,2025-12-08T21:48:00+00:00,LOCO_01,MOVING,retrofitted,parking12,
11403.5,2025-12-08T22:03:30+00:00,LOCO_02,ALLOCATED,,,batch_transport
11406.5,2025-12-08T22:06:30+00:00,LOCO_02,MOVING,collection2,retrofit,
11451.5,2025-12-08T22:51:30+00:00,LOCO_01,MOVING,parking12,track_19,
11469.5,2025-12-08T23:09:30+00:00,LOCO_02,MOVING,retrofit,track_19,
11474.5,2025-12-08T23:14:30+00:00,LOCO_02,PARKING,,,
11474.5,2025-12-08T23:14:30+00:00,LOCO_02,MOVING,track_19,collection1,
11511.5,2025-12-08T23:51:30+00:00,LOCO_01,MOVING,track_19,WS_01,
11518.5,2025-12-08T23:58:30+00:00,LOCO_01,MOVING,WS_01,retrofitted,
11523.5,2025-12-09T00:03:30+00:00,LOCO_01,MOVING,retrofitted,track_19,
11528.5,2025-12-09T00:08:30+00:00,LOCO_01,MOVING,track_19,WS_02,
11534.5,2025-12-09T00:14:30+00:00,LOCO_02,ALLOCATED,,,batch_transport
11535.5,2025-12-09T00:15:30+00:00,LOCO_01,MOVING,WS_02,retrofitted,
11540.5,2025-12-09T00:20:30+00:00,LOCO_01,MOVING,retrofitted,track_19,
11541.5,2025-12-09T00:21:30+00:00,LOCO_02,MOVING,collection1,retrofit,
11547.5,2025-12-09T00:27:30+00:00,LOCO_01,MOVING,track_19,retrofit,
11555.5,2025-12-09T00:35:30+00:00,LOCO_01,MOVING,retrofit,WS_01,
11566.5,2025-12-09T00:46:30+00:00,LOCO_01,MOVING,WS_01,track_19,
11571.5,2025-12-09T00:51:30+00:00,LOCO_01,MOVING,track_19,collection2,
11616.5,2025-12-09T01:36:30+00:00,LOCO_02,MOVING,retrofit,track_19,
11621.5,2025-12-09T01:41:30+00:00,LOCO_02,PARKING,,,
11623.5,2025-12-09T01:43:30+00:00,LOCO_02,MOVING,track_19,retrofit,
11631.5,2025-12-09T01:51:30+00:00,LOCO_01,ALLOCATED,,,batch_transport
11631.5,2025-12-09T01:51:30+00:00,LOCO_02,MOVING,retrofit,WS_02,
11634.5,2025-12-09T01:54:30+00:00,LOCO_01,MOVING,collection2,retrofit,
11642.5,2025-12-09T02:02:30+00:00,LOCO_02,MOVING,WS_02,track_19,
11647.5,2025-12-09T02:07:30+00:00,LOCO_02,ALLOCATED,,,batch_transport
11647.5,2025-12-09T02:07:30+00:00,LOCO_02,MOVING,track_19,retrofitted,
11655.5,2025-12-09T02:15:30+00:00,LOCO_02,MOVING,retrofitted,parking9,
11664.0,2025-12-09T02:24:00+00:00,LOCO_02,MOVING,parking9,track_19,
11669.0,2025-12-09T02:29:00+00:00,LOCO_02,MOVING,track_19,collection1,
11697.5,2025-12-09T02:57:30+00:00,LOCO_01,MOVING,retrofit,track_19,
11702.5,2025-12-09T03:02:30+00:00,LOCO_01,PARKING,,,
11702.5,2025-12-09T03:02:30+00:00,LOCO_01,MOVING,track_19,WS_01,
11709.5,2025-12-09T03:09:30+00:00,LOCO_01,MOVING,WS_01,retrofitted,
11714.5,2025-12-09T03:14:30+00:00,LOCO_01,MOVING,retrofitted,track_19,
11719.5,2025-12-09T03:19:30+00:00,LOCO_01,MOVING,track_19,WS_02,
11726.5,2025-12-09T03:26:30+00:00,LOCO_01,MOVING,WS_02,retrofitted,
11729.0,2025-12-09T03:29:00+00:00,LOCO_02,ALLOCATED,,,batch_transport
11731.5,2025-12-09T03:31:30+00:00,LOCO_01,MOVING,retrofitted,track_19,
11734.0,2025-12-09T03:34:00+00:00,LOCO_02,MOVING,collection1,retrofit,
11738.5,2025-12-09T03:38:30+00:00,LOCO_01,MOVING,track_19,retrofit,
11746.5,2025-12-09T03:46:30+00:00,LOCO_01,MOVING,retrofit,WS_01,
11757.5,2025-12-09T03:57:30+00:00,LOCO_01,MOVING,WS_01,track_19,
11762.5,2025-12-09T04:02:30+00:00,LOCO_01,MOVING,track_19,collection2,
11803.0,2025-12-09T04:43:00+00:00,LOCO_02,MOVING,retrofit,track_19,
11808.0,2025-12-09T04:48:00+00:00,LOCO_02,PARKING,,,
11810.0,2025-12-09T04:50:00+00:00,LOCO_02,MOVING,track_19,retrofit,
11818.0,2025-12-09T04:58:00+00:00,LOCO_02,MOVING,retrofit,WS_02,
11822.5,2025-12-09T05:02:30+00:00,LOCO_01,ALLOCATED,,,batch_transport
11825.5,2025-12-09T05:05:30+00:00,LOCO_01,MOVING,collection2,retrofit,
11829.0,2025-12-09T05:09:00+00:00,LOCO_02,MOVING,WS_02,track_19,
11834.0,2025-12-09T05:14:00+00:00,LOCO_02,ALLOCATED,,,batch_transport
11834.0,2025-12-09T05:14:00+00:00,LOCO_02,MOVING,track_19,retrofitted,
11842.0,2025-12-09T05:22:00+00:00,LOCO_02,MOVING,retrofitted,parking11,
11888.5,2025-12-09T06:08:30+00:00,LOCO_01,MOVING,retrofit,track_19,
11893.5,2025-12-09T06:13:30+00:00,LOCO_01,PARKING,,,
11893.5,2025-12-09T06:13:30+00:00,LOCO_01,MOVING,track_19,collection1,
11905.5,2025-12-09T06:25:30+00:00,LOCO_02,MOVING,parking11,track_19,
11953.5,2025-12-09T07:13:30+00:00,LOCO_01,ALLOCATED,,,batch_transport
11960.5,2025-12-09T07:20:30+00:00,LOCO_01,MOVING,collection1,retrofit,
11965.5,2025-12-09T07:25:30+00:00,LOCO_02,MOVING,track_19,collection2,
12025.5,2025-12-09T08:25:30+00:00,LOCO_02,ALLOCATED,,,batch_transport
12028.5,2025-12-09T08:28:30+00:00,LOCO_02,MOVING,collection2,retrofit,
12035.5,2025-12-09T08:35:30+00:00,LOCO_01,MOVING,retrofit,track_19,
12040.5,2025-12-09T08:40:30+00:00,LOCO_01,PARKING,,,
12040.5,2025-12-09T08:40:30+00:00,LOCO_01,MOVING,track_19,WS_01,
12047.5,2025-12-09T08:47:30+00:00,LOCO_01,MOVING,WS_01,retrofitted,
12052.5,2025-12-09T08:52:30+00:00,LOCO_01,MOVING,retrofitted,track_19,
12057.5,2025-12-09T08:57:30+00:00,LOCO_01,MOVING,track_19,WS_02,
12064.5,2025-12-09T09:04:30+00:00,LOCO_01,MOVING,WS_02,retrofitted,
12069.5,2025-12-09T09:09:30+00:00,LOCO_01,MOVING,retrofitted,track_19,
12076.5,2025-12-09T09:16:30+00:00,LOCO_01,MOVING,track_19,retrofit,
12084.5,2025-12-09T09:24:30+00:00,LOCO_01,MOVING,retrofit,WS_01,
12091.5,2025-12-09T09:31:30+00:00,LOCO_02,MOVING,retrofit,track_19,
12095.5,2025-12-09T09:35:30+00:00,LOCO_01,MOVING,WS_01,track_19,
12096.5,2025-12-09T09:36:30+00:00,LOCO_02,PARKING,,,
12096.5,2025-12-09T09:36:30+00:00,LOCO_02,MOVING,track_19,collection1,
12102.5,2025-12-09T09:42:30+00:00,LOCO_01,MOVING,track_19,retrofit,
12110.5,2025-12-09T09:50:30+00:00,LOCO_01,MOVING,retrofit,WS_02,
12121.5,2025-12-09T10:01:30+00:00,LOCO_01,MOVING,WS_02,track_19,
12126.5,2025-12-09T10:06:30+00:00,LOCO_01,MOVING,track_19,collection2,
12156.5,2025-12-09T10:36:30+00:00,LOCO_02,ALLOCATED,,,batch_transport
12159.5,2025-12-09T10:39:30+00:00,LOCO_02,MOVING,collection1,retrofit,
12186.5,2025-12-09T11:06:30+00:00,LOCO_01,ALLOCATED,,,batch_transport
12191.5,2025-12-09T11:11:30+00:00,LOCO_01,MOVING,collection2,retrofit,
12222.5,2025-12-09T11:42:30+00:00,LOCO_02,MOVING,retrofit,track_19,
12227.5,2025-12-09T11:47:30+00:00,LOCO_02,PARKING,,,
12227.5,2025-12-09T11:47:30+00:00,LOCO_02,MOVING,track_19,WS_01,
12234.5,2025-12-09T11:54:30+00:00,LOCO_02,MOVING,WS_01,retrofitted,
12239.5,2025-12-09T11:59:30+00:00,LOCO_02,MOVING,retrofitted,track_19,
12244.5,2025-12-09T12:04:30+00:00,LOCO_02,ALLOCATED,,,batch_transport
12244.5,2025-12-09T12:04:30+00:00,LOCO_02,MOVING,track_19,retrofitted,
12252.5,2025-12-09T12:12:30+00:00,LOCO_02,MOVING,retrofitted,parking15,
12260.5,2025-12-09T12:20:30+00:00,LOCO_01,MOVING,retrofit,track_19,
12265.5,2025-12-09T12:25:30+00:00,LOCO_01,PARKING,,,
12267.5,2025-12-09T12:27:30+00:00,LOCO_01,MOVING,track_19,retrofit,
12275.5,2025-12-09T12:35:30+00:00,LOCO_01,MOVING,retrofit,WS_01,
12286.5,2025-12-09T12:46:30+00:00,LOCO_01,MOVING,WS_01,track_19,
12291.5,2025-12-09T12:51:30+00:00,LOCO_01,MOVING,track_19,collection1,
12331.0,2025-12-09T13:31:00+00:00,LOCO_02,MOVING,parking15,track_19,
12351.5,2025-12-09T13:51:30+00:00,LOCO_01,ALLOCATED,,,batch_transport
12354.5,2025-12-09T13:54:30+00:00,LOCO_01,MOVING,collection1,retrofit,
12391.0,2025-12-09T14:31:00+00:00,LOCO_02,MOVING,track_19,collection2,
12417.5,2025-12-09T14:57:30+00:00,LOCO_01,MOVING,retrofit,track_19,
12422.5,2025-12-09T15:02:30+00:00,LOCO_01,PARKING,,,
12422.5,2025-12-09T15:02:30+00:00,LOCO_01,MOVING,track_19,WS_02,
12429.5,2025-12-09T15:09:30+00:00,LOCO_01,MOVING,WS_02,retrofitted,
12434.5,2025-12-09T15:14:30+00:00,LOCO_01,MOVING,retrofitted,track_19,
12439.5,2025-12-09T15:19:30+00:00,LOCO_01,MOVING,track_19,WS_01,
12446.5,2025-12-09T15:26:30+00:00,LOCO_01,MOVING,WS_01,retrofitted,
12451.0,2025-12-09T15:31:00+00:00,LOCO_02,ALLOCATED,,,batch_transport
12451.5,2025-12-09T15:31:30+00:00,LOCO_01,MOVING,retrofitted,track_19,
12456.0,2025-12-09T15:36:00+00:00,LOCO_02,MOVING,collection2,retrofit,
12458.5,2025-12-09T15:38:30+00:00,LOCO_01,MOVING,track_19,retrofit,
12466.5,2025-12-09T15:46:30+00:00,LOCO_01,MOVING,retrofit,WS_02,
12477.5,2025-12-09T15:57:30+00:00,LOCO_01,MOVING,WS_02,track_19,
12482.5,2025-12-09T16:02:30+00:00,LOCO_01,MOVING,track_19,collection1,
12525.0,2025-12-09T16:45:00+00:00,LOCO_02,MOVING,retrofit,track_19,
12530.0,2025-12-09T16:50:00+00:00,LOCO_02,PARKING,,,
12532.0,2025-12-09T16:52:00+00:00,LOCO_02,MOVING,track_19,retrofit,
12540.0,2025-12-09T17:00:00+00:00,LOCO_02,MOVING,retrofit,WS_01,
12542.5,2025-12-09T17:02:30+00:00,LOCO_01,ALLOCATED,,,batch_transport
12545.5,2025-12-09T17:05:30+00:00,LOCO_01,MOVING,collection1,retrofit,
12551.0,2025-12-09T17:11:00+00:00,LOCO_02,MOVING,WS_01,track_19,
12556.0,2025-12-09T17:16:00+00:00,LOCO_02,ALLOCATED,,,batch_transport
12556.0,2025-12-09T17:16:00+00:00,LOCO_02,MOVING,track_19,retrofitted,
12565.0,2025-12-09T17:25:00+00:00,LOCO_02,MOVING,retrofitted,parking2,
12575.5,2025-12-09T17:35:30+00:00,LOCO_02,MOVING,parking2,track_19,
12580.5,2025-12-09T17:40:30+00:00,LOCO_02,MOVING,track_19,collection2,
12608.5,2025-12-09T18:08:30+00:00,LOCO_01,MOVING,retrofit,track_19,
12613.5,2025-12-09T18:13:30+00:00,LOCO_01,PARKING,,,
12613.5,2025-12-09T18:13:30+00:00,LOCO_01,MOVING,track_19,WS_02,
12620.5,2025-12-09T18:20:30+00:00,LOCO_01,MOVING,WS_02,retrofitted,
12625.5,2025-12-09T18:25:30+00:00,LOCO_01,MOVING,retrofitted,track_19,
12630.5,2025-12-09T18:30:30+00:00,LOCO_01,MOVING,track_19,WS_01,
12637.5,2025-12-09T18:37:30+00:00,LOCO_01,MOVING,WS_01,retrofitted,
12640.5,2025-12-09T18:40:30+00:00,LOCO_02,ALLOCATED,,,batch_transport
12642.5,2025-12-09T18:42:30+00:00,LOCO_01,MOVING,retrofitted,track_19,
12649.5,2025-12-09T18:49:30+00:00,LOCO_01,MOVING,track_19,retrofit,
12651.5,2025-12-09T18:51:30+00:00,LOCO_02,MOVING,collection2,retrofit,
12657.5,2025-12-09T18:57:30+00:00,LOCO_01,MOVING,retrofit,WS_02,
12668.5,2025-12-09T19:08:30+00:00,LOCO_01,MOVING,WS_02,track_19,
12673.5,2025-12-09T19:13:30+00:00,LOCO_01,MOVING,track_19,collection1,
12733.5,2025-12-09T20:13:30+00:00,LOCO_01,ALLOCATED,,,batch_transport
12736.5,2025-12-09T20:16:30+00:00,LOCO_01,MOVING,collection1,retrofit,
12738.5,2025-12-09T20:18:30+00:00,LOCO_02,MOVING,retrofit,track_19,
12743.5,2025-12-09T20:23:30+00:00,LOCO_02,PARKING,,,
12745.5,2025-12-09T20:25:30+00:00,LOCO_02,MOVING,track_19,retrofit,
12753.5,2025-12-09T20:33:30+00:00,LOCO_02,MOVING,retrofit,WS_01,
12764.5,2025-12-09T20:44:30+00:00,LOCO_02,MOVING,WS_01,track_19,
12769.5,2025-12-09T20:49:30+00:00,LOCO_02,ALLOCATED,,,batch_transport
12769.5,2025-12-09T20:49:30+00:00,LOCO_02,MOVING,track_19,retrofitted,
12777.5,2025-12-09T20:57:30+00:00,LOCO_02,MOVING,retrofitted,parking13,
12799.5,2025-12-09T21:19:30+00:00,LOCO_01,MOVING,retrofit,track_19,
12804.5,2025-12-09T21:24:30+00:00,LOCO_01,PARKING,,,
12804.5,2025-12-09T21:24:30+00:00,LOCO_01,MOVING,track_19,collection2,
12856.0,2025-12-09T22:16:00+00:00,LOCO_02,MOVING,parking13,track_19,
12864.5,2025-12-09T22:24:30+00:00,LOCO_01,ALLOCATED,,,batch_transport
12869.5,2025-12-09T22:29:30+00:00,LOCO_01,MOVING,collection2,retrofit,
12916.0,2025-12-09T23:16:00+00:00,LOCO_02,MOVING,track_19,WS_02,
12923.0,2025-12-09T23:23:00+00:00,LOCO_02,MOVING,WS_02,retrofitted,
12928.0,2025-12-09T23:28:00+00:00,LOCO_02,MOVING,retrofitted,track_19,
12933.0,2025-12-09T23:33:00+00:00,LOCO_02,MOVING,track_19,WS_01,
12938.5,2025-12-09T23:38:30+00:00,LOCO_01,MOVING,retrofit,track_19,
12940.0,2025-12-09T23:40:00+00:00,LOCO_02,MOVING,WS_01,retrofitted,
12943.5,2025-12-09T23:43:30+00:00,LOCO_01,PARKING,,,
12945.0,2025-12-09T23:45:00+00:00,LOCO_02,MOVING,retrofitted,track_19,
12945.5,2025-12-09T23:45:30+00:00,LOCO_01,MOVING,track_19,retrofit,
12950.0,2025-12-09T23:50:00+00:00,LOCO_02,ALLOCATED,,,batch_transport
12950.0,2025-12-09T23:50:00+00:00,LOCO_02,MOVING,track_19,retrofitted,
12953.5,2025-12-09T23:53:30+00:00,LOCO_01,MOVING,retrofit,WS_02,
12958.0,2025-12-09T23:58:00+00:00,LOCO_02,MOVING,retrofitted,parking16,
12964.5,2025-12-10T00:04:30+00:00,LOCO_01,MOVING,WS_02,track_19,
12969.5,2025-12-10T00:09:30+00:00,LOCO_01,MOVING,track_19,collection1,
13029.5,2025-12-10T01:09:30+00:00,LOCO_01,ALLOCATED,,,batch_transport
13032.5,2025-12-10T01:12:30+00:00,LOCO_01,MOVING,collection1,retrofit,
13081.5,2025-12-10T02:01:30+00:00,LOCO_02,MOVING,parking16,track_19,
13095.5,2025-12-10T02:15:30+00:00,LOCO_01,MOVING,retrofit,track_19,
13100.5,2025-12-10T02:20:30+00:00,LOCO_01,PARKING,,,
13100.5,2025-12-10T02:20:30+00:00,LOCO_01,MOVING,track_19,collection2,
13143.5,2025-12-10T03:03:30+00:00,LOCO_02,MOVING,track_19,retrofit,
13151.5,2025-12-10T03:11:30+00:00,LOCO_02,MOVING,retrofit,WS_01,
13160.5,2025-12-10T03:20:30+00:00,LOCO_01,ALLOCATED,,,batch_transport
13162.5,2025-12-10T03:22:30+00:00,LOCO_02,MOVING,WS_01,track_19,
13163.5,2025-12-10T03:23:30+00:00,LOCO_01,MOVING,collection2,retrofit,
13167.5,2025-12-10T03:27:30+00:00,LOCO_02,MOVING,track_19,collection1,
13226.5,2025-12-10T04:26:30+00:00,LOCO_01,MOVING,retrofit,track_19,
13227.5,2025-12-10T04:27:30+00:00,LOCO_02,ALLOCATED,,,batch_transport
13231.5,2025-12-10T04:31:30+00:00,LOCO_01,PARKING,,,
13231.5,2025-12-10T04:31:30+00:00,LOCO_01,MOVING,track_19,WS_02,
13232.5,2025-12-10T04:32:30+00:00,LOCO_02,MOVING,collection1,retrofit,
13238.5,2025-12-10T04:38:30+00:00,LOCO_01,MOVING,WS_02,retrofitted,
13243.5,2025-12-10T04:43:30+00:00,LOCO_01,MOVING,retrofitted,track_19,
13248.5,2025-12-10T04:48:30+00:00,LOCO_01,MOVING,track_19,WS_01,
13255.5,2025-12-10T04:55:30+00:00,LOCO_01,MOVING,WS_01,retrofitted,
13260.5,2025-12-10T05:00:30+00:00,LOCO_01,MOVING,retrofitted,track_19,
13267.5,2025-12-10T05:07:30+00:00,LOCO_01,MOVING,track_19,retrofit,
13275.5,2025-12-10T05:15:30+00:00,LOCO_01,MOVING,retrofit,WS_02,
13286.5,2025-12-10T05:26:30+00:00,LOCO_01,MOVING,WS_02,track_19,
13291.5,2025-12-10T05:31:30+00:00,LOCO_01,MOVING,track_19,collection2,
13301.5,2025-12-10T05:41:30+00:00,LOCO_02,MOVING,retrofit,track_19,
13306.5,2025-12-10T05:46:30+00:00,LOCO_02,PARKING,,,
13308.5,2025-12-10T05:48:30+00:00,LOCO_02,MOVING,track_19,retrofit,
13316.5,2025-12-10T05:56:30+00:00,LOCO_02,MOVING,retrofit,WS_01,
13327.5,2025-12-10T06:07:30+00:00,LOCO_02,MOVING,WS_01,track_19,
13332.5,2025-12-10T06:12:30+00:00,LOCO_02,ALLOCATED,,,batch_transport
13332.5,2025-12-10T06:12:30+00:00,LOCO_02,MOVING,track_19,retrofitted,
13340.5,2025-12-10T06:20:30+00:00,LOCO_02,MOVING,retrofitted,parking6,
13349.0,2025-12-10T06:29:00+00:00,LOCO_02,MOVING,parking6,track_19,
13351.5,2025-12-10T06:31:30+00:00,LOCO_01,ALLOCATED,,,batch_transport
13354.0,2025-12-10T06:34:00+00:00,LOCO_02,MOVING,track_19,collection1,
13354.5,2025-12-10T06:34:30+00:00,LOCO_01,MOVING,collection2,retrofit,
13414.0,2025-12-10T07:34:00+00:00,LOCO_02,ALLOCATED,,,batch_transport
13417.5,2025-12-10T07:37:30+00:00,LOCO_01,MOVING,retrofit,track_19,
13422.5,2025-12-10T07:42:30+00:00,LOCO_01,PARKING,,,
13422.5,2025-12-10T07:42:30+00:00,LOCO_01,MOVING,track_19,WS_02,
13423.0,2025-12-10T07:43:00+00:00,LOCO_02,MOVING,collection1,retrofit,
13429.5,2025-12-10T07:49:30+00:00,LOCO_01,MOVING,WS_02,retrofitted,
13434.5,2025-12-10T07:54:30+00:00,LOCO_01,MOVING,retrofitted,track_19,
13439.5,2025-12-10T07:59:30+00:00,LOCO_01,MOVING,track_19,WS_01,
13446.5,2025-12-10T08:06:30+00:00,LOCO_01,MOVING,WS_01,retrofitted,
13451.5,2025-12-10T08:11:30+00:00,LOCO_01,MOVING,retrofitted,track_19,
13458.5,2025-12-10T08:18:30+00:00,LOCO_01,MOVING,track_19,retrofit,
13466.5,2025-12-10T08:26:30+00:00,LOCO_01,MOVING,retrofit,WS_02,
13477.5,2025-12-10T08:37:30+00:00,LOCO_01,MOVING,WS_02,track_19,
13482.5,2025-12-10T08:42:30+00:00,LOCO_01,MOVING,track_19,collection2,
13504.0,2025-12-10T09:04:00+00:00,LOCO_02,MOVING,retrofit,track_19,
13509.0,2025-12-10T09:09:00+00:00,LOCO_02,PARKING,,,
13511.0,2025-12-10T09:11:00+00:00,LOCO_02,MOVING,track_19,retrofit,
13519.0,2025-12-10T09:19:00+00:00,LOCO_02,MOVING,retrofit,WS_01,
13530.0,2025-12-10T09:30:00+00:00,LOCO_02,MOVING,WS_01,track_19,
13535.0,2025-12-10T09:35:00+00:00,LOCO_02,ALLOCATED,,,batch_transport
13535.0,2025-12-10T09:35:00+00:00,LOCO_02,MOVING,track_19,retrofitted,
13542.5,2025-12-10T09:42:30+00:00,LOCO_01,ALLOCATED,,,batch_transport
13543.0,2025-12-10T09:43:00+00:00,LOCO_02,MOVING,retrofitted,parking10,
13545.5,2025-12-10T09:45:30+00:00,LOCO_01,MOVING,collection2,retrofit,
13606.5,2025-12-10T10:46:30+00:00,LOCO_02,MOVING,parking10,track_19,
13608.5,2025-12-10T10:48:30+00:00,LOCO_01,MOVING,retrofit,track_19,
13613.5,2025-12-10T10:53:30+00:00,LOCO_01,PARKING,,,
13613.5,2025-12-10T10:53:30+00:00,LOCO_01,MOVING,track_19,collection1,
13666.5,2025-12-10T11:46:30+00:00,LOCO_02,MOVING,track_19,WS_02,
13673.5,2025-12-10T11:53:30+00:00,LOCO_01,ALLOCATED,,,batch_transport
13673.5,2025-12-10T11:53:30+00:00,LOCO_02,MOVING,WS_02,retrofitted,
13678.5,2025-12-10T11:58:30+00:00,LOCO_01,MOVING,collection1,retrofit,
13678.5,2025-12-10T11:58:30+00:00,LOCO_02,MOVING,retrofitted,track_19,
13683.5,2025-12-10T12:03:30+00:00,LOCO_02,MOVING,track_19,WS_01,
13690.5,2025-12-10T12:10:30+00:00,LOCO_02,MOVING,WS_01,retrofitted,
13695.5,2025-12-10T12:15:30+00:00,LOCO_02,MOVING,retrofitted,track_19,
13702.5,2025-12-10T12:22:30+00:00,LOCO_02,MOVING,track_19,retrofit,
13710.5,2025-12-10T12:30:30+00:00,LOCO_02,MOVING,retrofit,WS_02,
13721.5,2025-12-10T12:41:30+00:00,LOCO_02,MOVING,WS_02,track_19,
13726.5,2025-12-10T12:46:30+00:00,LOCO_02,MOVING,track_19,collection2,
13747.5,2025-12-10T13:07:30+00:00,LOCO_01,MOVING,retrofit,track_19,
13752.5,2025-12-10T13:12:30+00:00,LOCO_01,PARKING,,,
13754.5,2025-12-10T13:14:30+00:00,LOCO_01,MOVING,track_19,retrofit,
13762.5,2025-12-10T13:22:30+00:00,LOCO_01,MOVING,retrofit,WS_01,
13773.5,2025-12-10T13:33:30+00:00,LOCO_01,MOVING,WS_01,track_19,
13778.5,2025-12-10T13:38:30+00:00,LOCO_01,ALLOCATED,,,batch_transport
13778.5,2025-12-10T13:38:30+00:00,LOCO_01,MOVING,track_19,retrofitted,
13786.5,2025-12-10T13:46:30+00:00,LOCO_02,ALLOCATED,,,batch_transport
13786.5,2025-12-10T13:46:30+00:00,LOCO_01,MOVING,retrofitted,parking3,
13789.5,2025-12-10T13:49:30+00:00,LOCO_02,MOVING,collection2,retrofit,
13795.0,2025-12-10T13:55:00+00:00,LOCO_01,MOVING,parking3,track_19,
13800.0,2025-12-10T14:00:00+00:00,LOCO_01,MOVING,track_19,collection1,
13852.5,2025-12-10T14:52:30+00:00,LOCO_02,MOVING,retrofit,track_19,
13857.5,2025-12-10T14:57:30+00:00,LOCO_02,PARKING,,,
13857.5,2025-12-10T14:57:30+00:00,LOCO_02,MOVING,track_19,WS_02,
13860.0,2025-12-10T15:00:00+00:00,LOCO_01,ALLOCATED,,,batch_transport
13864.5,2025-12-10T15:04:30+00:00,LOCO_02,MOVING,WS_02,retrofitted,
13867.0,2025-12-10T15:07:00+00:00,LOCO_01,MOVING,collection1,retrofit,
13869.5,2025-12-10T15:09:30+00:00,LOCO_02,MOVING,retrofitted,track_19,
13874.5,2025-12-10T15:14:30+00:00,LOCO_02,MOVING,track_19,WS_01,
13881.5,2025-12-10T15:21:30+00:00,LOCO_02,MOVING,WS_01,retrofitted,
13886.5,2025-12-10T15:26:30+00:00,LOCO_02,MOVING,retrofitted,track_19,
13891.5,2025-12-10T15:31:30+00:00,LOCO_02,MOVING,track_19,collection2,
13942.0,2025-12-10T16:22:00+00:00,LOCO_01,MOVING,retrofit,track_19,
13947.0,2025-12-10T16:27:00+00:00,LOCO_01,PARKING,,,
13949.0,2025-12-10T16:29:00+00:00,LOCO_01,MOVING,track_19,retrofit,
13951.5,2025-12-10T16:31:30+00:00,LOCO_02,ALLOCATED,,,batch_transport
13954.5,2025-12-10T16:34:30+00:00,LOCO_02,MOVING,collection2,retrofit,
13957.0,2025-12-10T16:37:00+00:00,LOCO_01,MOVING,retrofit,WS_02,
13968.0,2025-12-10T16:48:00+00:00,LOCO_01,MOVING,WS_02,track_19,
13973.0,2025-12-10T16:53:00+00:00,LOCO_01,MOVING,track_19,collection1,
14017.5,2025-12-10T17:37:30+00:00,LOCO_02,MOVING,retrofit,track_19,
14022.5,2025-12-10T17:42:30+00:00,LOCO_02,PARKING,,,
14024.5,2025-12-10T17:44:30+00:00,LOCO_02,MOVING,track_19,retrofit,
14032.5,2025-12-10T17:52:30+00:00,LOCO_02,MOVING,retrofit,WS_01,
14033.0,2025-12-10T17:53:00+00:00,LOCO_01,ALLOCATED,,,batch_transport
14038.0,2025-12-10T17:58:00+00:00,LOCO_01,MOVING,collection1,retrofit,
14043.5,2025-12-10T18:03:30+00:00,LOCO_02,MOVING,WS_01,track_19,
14048.5,2025-12-10T18:08:30+00:00,LOCO_02,MOVING,track_19,WS_02,
14055.5,2025-12-10T18:15:30+00:00,LOCO_02,MOVING,WS_02,retrofitted,
14060.5,2025-12-10T18:20:30+00:00,LOCO_02,MOVING,retrofitted,track_19,
14065.5,2025-12-10T18:25:30+00:00,LOCO_02,ALLOCATED,,,batch_transport
14065.5,2025-12-10T18:25:30+00:00,LOCO_02,MOVING,track_19,retrofitted,
14073.5,2025-12-10T18:33:30+00:00,LOCO_02,MOVING,retrofitted,parking12,
14107.0,2025-12-10T19:07:00+00:00,LOCO_01,MOVING,retrofit,track_19,
14112.0,2025-12-10T19:12:00+00:00,LOCO_01,PARKING,,,
14112.0,2025-12-10T19:12:00+00:00,LOCO_01,MOVING,track_19,collection2,
14137.0,2025-12-10T19:37:00+00:00,LOCO_02,MOVING,parking12,track_19,
14172.0,2025-12-10T20:12:00+00:00,LOCO_01,ALLOCATED,,,batch_transport
14179.0,2025-12-10T20:19:00+00:00,LOCO_01,MOVING,collection2,retrofit,
14199.0,2025-12-10T20:39:00+00:00,LOCO_02,MOVING,track_19,retrofit,
14207.0,2025-12-10T20:47:00+00:00,LOCO_02,MOVING,retrofit,WS_02,
14218.0,2025-12-10T20:58:00+00:00,LOCO_02,MOVING,WS_02,track_19,
14223.0,2025-12-10T21:03:00+00:00,LOCO_02,MOVING,track_19,collection1,
14254.0,2025-12-10T21:34:00+00:00,LOCO_01,MOVING,retrofit,track_19,
14259.0,2025-12-10T21:39:00+00:00,LOCO_01,PARKING,,,
14259.0,2025-12-10T21:39:00+00:00,LOCO_01,MOVING,track_19,WS_01,
14266.0,2025-12-10T21:46:00+00:00,LOCO_01,MOVING,WS_01,retrofitted,
14271.0,2025-12-10T21:51:00+00:00,LOCO_01,MOVING,retrofitted,track_19,
14276.0,2025-12-10T21:56:00+00:00,LOCO_01,ALLOCATED,,,batch_transport
14276.0,2025-12-10T21:56:00+00:00,LOCO_01,MOVING,track_19,retrofitted,
14283.0,2025-12-10T22:03:00+00:00,LOCO_02,ALLOCATED,,,batch_transport
14285.0,2025-12-10T22:05:00+00:00,LOCO_01,MOVING,retrofitted,parking1,
14286.0,2025-12-10T22:06:00+00:00,LOCO_02,MOVING,collection1,retrofit,
14295.5,2025-12-10T22:15:30+00:00,LOCO_01,MOVING,parking1,track_19,
14302.5,2025-12-10T22:22:30+00:00,LOCO_01,MOVING,track_19,retrofit,
14310.5,2025-12-10T22:30:30+00:00,LOCO_01,MOVING,retrofit,WS_01,
14321.5,2025-12-10T22:41:30+00:00,LOCO_01,MOVING,WS_01,track_19,
14326.5,2025-12-10T22:46:30+00:00,LOCO_01,MOVING,track_19,collection2,
14349.0,2025-12-10T23:09:00+00:00,LOCO_02,MOVING,retrofit,track_19,
14354.0,2025-12-10T23:14:00+00:00,LOCO_02,PARKING,,,
14354.0,2025-12-10T23:14:00+00:00,LOCO_02,MOVING,track_19,WS_02,
14361.0,2025-12-10T23:21:00+00:00,LOCO_02,MOVING,WS_02,retrofitted,
14366.0,2025-12-10T23:26:00+00:00,LOCO_02,MOVING,retrofitted,track_19,
14371.0,2025-12-10T23:31:00+00:00,LOCO_02,ALLOCATED,,,batch_transport
14371.0,2025-12-10T23:31:00+00:00,LOCO_02,MOVING,track_19,retrofitted,
14378.0,2025-12-10T23:38:00+00:00,LOCO_02,MOVING,retrofitted,parking9,
14384.5,2025-12-10T23:44:30+00:00,LOCO_02,MOVING,parking9,track_19,
14386.5,2025-12-10T23:46:30+00:00,LOCO_01,ALLOCATED,,,batch_transport
14389.5,2025-12-10T23:49:30+00:00,LOCO_01,MOVING,collection2,retrofit,
14391.5,2025-12-10T23:51:30+00:00,LOCO_02,MOVING,track_19,retrofit,
14399.5,2025-12-10T23:59:30+00:00,LOCO_02,MOVING,retrofit,WS_02,
