timestamp,datetime,wagon_id,train_id,rejection_type,detailed_reason,track_id
1479.0,2025-12-02T00:39:00+00:00,W1078,T15,NO_RETROFIT_NEEDED,Wagon doesn't need retrofit,
1602.5,2025-12-02T02:42:30+00:00,W3926,T17,NO_RETROFIT_NEEDED,Wagon doesn't need retrofit,
2138.0,2025-12-02T11:38:00+00:00,W11256,T23,TRACK_FULL,No collection track available,
2138.0,2025-12-02T11:38:00+00:00,W10892,T23,TRACK_FULL,No collection track available,
2149.75,2025-12-02T11:49:45+00:00,W3926,T24,NO_RETROFIT_NEEDED,Wagon doesn't need retrofit,
2149.75,2025-12-02T11:49:45+00:00,W1906,T24,TRACK_FULL,No collection track available,
2158.0,2025-12-02T11:58:00+00:00,W1158,T25,TRACK_FULL,No collection track available,
2158.0,2025-12-02T11:58:00+00:00,W1139,T25,TRACK_FULL,No collection track available,
2158.0,2025-12-02T11:58:00+00:00,W1149,T25,TRACK_FULL,No collection track available,
2158.0,2025-12-02T11:58:00+00:00,W1150,T25,TRACK_FULL,No collection track available,
2158.0,2025-12-02T11:58:00+00:00,W1151,T25,TRACK_FULL,No collection track available,
2158.0,2025-12-02T11:58:00+00:00,W1152,T25,TRACK_FULL,No collection track available,
2158.0,2025-12-02T11:58:00+00:00,W1156,T25,TRACK_FULL,No collection track available,
2158.0,2025-12-02T11:58:00+00:00,W1174,T25,TRACK_FULL,No collection track available,
2158.0,2025-12-02T11:58:00+00:00,W1161,T25,TRACK_FULL,No collection track available,
2303.75,2025-12-02T14:23:45+00:00,W6096,T27,TRACK_FULL,No collection track available,
2303.75,2025-12-02T14:23:45+00:00,W0874,T27,TRACK_FULL,No collection track available,
2303.75,2025-12-02T14:23:45+00:00,W10689,T27,TRACK_FULL,No collection track available,
2303.75,2025-12-02T14:23:45+00:00,W5838,T27,TRACK_FULL,No collection track available,
2303.75,2025-12-02T14:23:45+00:00,W11241,T27,TRACK_FULL,No collection track available,
2303.75,2025-12-02T14:23:45+00:00,W2444,T27,TRACK_FULL,No collection track available,
2303.75,2025-12-02T14:23:45+00:00,W10134,T27,TRACK_FULL,No collection track available,
2324.25,2025-12-02T14:44:15+00:00,W7862,T28,TRACK_FULL,No collection track available,
2324.25,2025-12-02T14:44:15+00:00,W10284,T28,TRACK_FULL,No collection track available,
2324.25,2025-12-02T14:44:15+00:00,W2696,T28,TRACK_FULL,No collection track available,
2324.25,2025-12-02T14:44:15+00:00,W9329,T28,TRACK_FULL,No collection track available,
2484.75,2025-12-02T17:24:45+00:00,W5686,T29,TRACK_FULL,No collection track available,
2484.75,2025-12-02T17:24:45+00:00,W5403,T29,TRACK_FULL,No collection track available,
2484.75,2025-12-02T17:24:45+00:00,W8549,T29,TRACK_FULL,No collection track available,
2484.75,2025-12-02T17:24:45+00:00,W9401,T29,TRACK_FULL,No collection track available,
2523.0,2025-12-02T18:03:00+00:00,W8467,T30,TRACK_FULL,No collection track available,
2523.0,2025-12-02T18:03:00+00:00,W11192,T30,TRACK_FULL,No collection track available,
2523.0,2025-12-02T18:03:00+00:00,W11193,T30,TRACK_FULL,No collection track available,
2529.25,2025-12-02T18:09:15+00:00,W10099,T31,TRACK_FULL,No collection track available,
2529.25,2025-12-02T18:09:15+00:00,W3424,T31,TRACK_FULL,No collection track available,
2529.25,2025-12-02T18:09:15+00:00,W11541,T31,TRACK_FULL,No collection track available,
2529.25,2025-12-02T18:09:15+00:00,W8706,T31,TRACK_FULL,No collection track available,
2529.25,2025-12-02T18:09:15+00:00,W10826,T31,TRACK_FULL,No collection track available,
2529.25,2025-12-02T18:09:15+00:00,W10396,T31,TRACK_FULL,No collection track available,
2571.5,2025-12-02T18:51:30+00:00,W11361,T32,TRACK_FULL,No collection track available,
2571.5,2025-12-02T18:51:30+00:00,W12313,T32,TRACK_FULL,No collection track available,
2574.0,2025-12-02T18:54:00+00:00,W5897,T33,TRACK_FULL,No collection track available,
2574.0,2025-12-02T18:54:00+00:00,W6930,T33,TRACK_FULL,No collection track available,
2574.0,2025-12-02T18:54:00+00:00,W6224,T33,TRACK_FULL,No collection track available,
2666.75,2025-12-02T20:26:45+00:00,W8527,T34,TRACK_FULL,No collection track available,
2666.75,2025-12-02T20:26:45+00:00,W0043,T34,TRACK_FULL,No collection track available,
2717.75,2025-12-02T21:17:45+00:00,W2772,T35,TRACK_FULL,No collection track available,
2717.75,2025-12-02T21:17:45+00:00,W3651,T35,TRACK_FULL,No collection track available,
2717.75,2025-12-02T21:17:45+00:00,W4026,T35,TRACK_FULL,No collection track available,
2717.75,2025-12-02T21:17:45+00:00,W2716,T35,TRACK_FULL,No collection track available,
2717.75,2025-12-02T21:17:45+00:00,W11989,T35,TRACK_FULL,No collection track available,
2717.75,2025-12-02T21:17:45+00:00,W10725,T35,TRACK_FULL,No collection track available,
2717.75,2025-12-02T21:17:45+00:00,W10728,T35,TRACK_FULL,No collection track available,
2844.75,2025-12-02T23:24:45+00:00,W7263,T36,TRACK_FULL,No collection track available,
2844.75,2025-12-02T23:24:45+00:00,W6339,T36,TRACK_FULL,No collection track available,
2844.75,2025-12-02T23:24:45+00:00,W3618,T36,TRACK_FULL,No collection track available,
2844.75,2025-12-02T23:24:45+00:00,W7252,T36,TRACK_FULL,No collection track available,
2894.75,2025-12-03T00:14:45+00:00,W10321,T37,TRACK_FULL,No collection track available,
2894.75,2025-12-03T00:14:45+00:00,W7806,T37,TRACK_FULL,No collection track available,
2950.25,2025-12-03T01:10:15+00:00,W4726,T38,TRACK_FULL,No collection track available,
2950.25,2025-12-03T01:10:15+00:00,W4701,T38,TRACK_FULL,No collection track available,
2950.25,2025-12-03T01:10:15+00:00,W4754,T38,TRACK_FULL,No collection track available,
2954.25,2025-12-03T01:14:15+00:00,W1906,T39,NO_RETROFIT_NEEDED,Wagon doesn't need retrofit,
2954.25,2025-12-03T01:14:15+00:00,W3811,T39,NO_RETROFIT_NEEDED,Wagon doesn't need retrofit,
2954.25,2025-12-03T01:14:15+00:00,W3173,T39,NO_RETROFIT_NEEDED,Wagon doesn't need retrofit,
2954.25,2025-12-03T01:14:15+00:00,W4666,T39,NO_RETROFIT_NEEDED,Wagon doesn't need retrofit,
3190.75,2025-12-03T05:10:45+00:00,W11723,T42,TRACK_FULL,No collection track available,
3190.75,2025-12-03T05:10:45+00:00,W8675,T42,TRACK_FULL,No collection track available,
3190.75,2025-12-03T05:10:45+00:00,W10706,T42,TRACK_FULL,No collection track available,
3190.75,2025-12-03T05:10:45+00:00,W9959,T42,TRACK_FULL,No collection track available,
3237.25,2025-12-03T05:57:15+00:00,W4849,T43,NO_RETROFIT_NEEDED,Wagon doesn't need retrofit,
3239.25,2025-12-03T05:59:15+00:00,W8705,T44,TRACK_FULL,No collection track available,
3239.25,2025-12-03T05:59:15+00:00,W5127,T44,TRACK_FULL,No collection track available,
3299.0,2025-12-03T06:59:00+00:00,W9274,T46,NO_RETROFIT_NEEDED,Wagon doesn't need retrofit,
3299.0,2025-12-03T06:59:00+00:00,W9352,T46,NO_RETROFIT_NEEDED,Wagon doesn't need retrofit,
3299.0,2025-12-03T06:59:00+00:00,W5403,T46,NO_RETROFIT_NEEDED,Wagon doesn't need retrofit,
3383.0,2025-12-03T08:23:00+00:00,W10924,T47,TRACK_FULL,No collection track available,
3383.0,2025-12-03T08:23:00+00:00,W0678,T47,TRACK_FULL,No collection track available,
3383.0,2025-12-03T08:23:00+00:00,W4655,T47,TRACK_FULL,No collection track available,
3383.0,2025-12-03T08:23:00+00:00,W5705,T47,TRACK_FULL,No collection track available,
3997.75,2025-12-03T18:37:45+00:00,W12036,T51,TRACK_FULL,No collection track available,
3997.75,2025-12-03T18:37:45+00:00,W2786,T51,TRACK_FULL,No collection track available,
3997.75,2025-12-03T18:37:45+00:00,W2877,T51,TRACK_FULL,No collection track available,
3997.75,2025-12-03T18:37:45+00:00,W318166502860,T51,TRACK_FULL,No collection track available,
3997.75,2025-12-03T18:37:45+00:00,W9981,T51,TRACK_FULL,No collection track available,
3997.75,2025-12-03T18:37:45+00:00,W8717,T51,TRACK_FULL,No collection track available,
3997.75,2025-12-03T18:37:45+00:00,W5694,T51,TRACK_FULL,No collection track available,
3997.75,2025-12-03T18:37:45+00:00,W2771,T51,TRACK_FULL,No collection track available,
4093.25,2025-12-03T20:13:15+00:00,W2744,T52,TRACK_FULL,No collection track available,
4093.25,2025-12-03T20:13:15+00:00,W2686,T52,TRACK_FULL,No collection track available,
4093.25,2025-12-03T20:13:15+00:00,W8473,T52,TRACK_FULL,No collection track available,
4293.0,2025-12-03T23:33:00+00:00,W5167,T53,NO_RETROFIT_NEEDED,Wagon doesn't need retrofit,
4293.0,2025-12-03T23:33:00+00:00,W5391,T53,NO_RETROFIT_NEEDED,Wagon doesn't need retrofit,
4320.75,2025-12-04T00:00:45+00:00,W4026,T54,NO_RETROFIT_NEEDED,Wagon doesn't need retrofit,
4320.75,2025-12-04T00:00:45+00:00,W2772,T54,NO_RETROFIT_NEEDED,Wagon doesn't need retrofit,
4320.75,2025-12-04T00:00:45+00:00,W3651,T54,NO_RETROFIT_NEEDED,Wagon doesn't need retrofit,
4379.0,2025-12-04T00:59:00+00:00,W6884,T55,TRACK_FULL,No collection track available,
4379.0,2025-12-04T00:59:00+00:00,W5575,T55,TRACK_FULL,No collection track available,
4387.75,2025-12-04T01:07:45+00:00,W11718,T56,NO_RETROFIT_NEEDED,Wagon doesn't need retrofit,
4387.75,2025-12-04T01:07:45+00:00,W6339,T56,NO_RETROFIT_NEEDED,Wagon doesn't need retrofit,
4387.75,2025-12-04T01:07:45+00:00,W3618,T56,NO_RETROFIT_NEEDED,Wagon doesn't need retrofit,
4491.5,2025-12-04T02:51:30+00:00,W11268,T57,NO_RETROFIT_NEEDED,Wagon doesn't need retrofit,
4491.5,2025-12-04T02:51:30+00:00,W0600,T57,TRACK_FULL,No collection track available,
4654.5,2025-12-04T05:34:30+00:00,W8383,T58,TRACK_FULL,No collection track available,
4654.5,2025-12-04T05:34:30+00:00,W8381,T58,TRACK_FULL,No collection track available,
4676.75,2025-12-04T05:56:45+00:00,W0117,T59,TRACK_FULL,No collection track available,
4676.75,2025-12-04T05:56:45+00:00,W0191,T59,TRACK_FULL,No collection track available,
4676.75,2025-12-04T05:56:45+00:00,W11315,T59,TRACK_FULL,No collection track available,
4704.0,2025-12-04T06:24:00+00:00,W4368,T60,TRACK_FULL,No collection track available,
4704.0,2025-12-04T06:24:00+00:00,W6862,T60,TRACK_FULL,No collection track available,
4704.0,2025-12-04T06:24:00+00:00,W1084,T60,TRACK_FULL,No collection track available,
4704.0,2025-12-04T06:24:00+00:00,W11555,T60,TRACK_FULL,No collection track available,
4761.25,2025-12-04T07:21:15+00:00,W11723,T61,NO_RETROFIT_NEEDED,Wagon doesn't need retrofit,
4761.25,2025-12-04T07:21:15+00:00,W2926,T61,NO_RETROFIT_NEEDED,Wagon doesn't need retrofit,
4761.25,2025-12-04T07:21:15+00:00,W4655,T61,NO_RETROFIT_NEEDED,Wagon doesn't need retrofit,
4804.0,2025-12-04T08:04:00+00:00,W4701,T62,NO_RETROFIT_NEEDED,Wagon doesn't need retrofit,
4804.0,2025-12-04T08:04:00+00:00,W4754,T62,NO_RETROFIT_NEEDED,Wagon doesn't need retrofit,
4804.0,2025-12-04T08:04:00+00:00,W4726,T62,NO_RETROFIT_NEEDED,Wagon doesn't need retrofit,
4824.0,2025-12-04T08:24:00+00:00,W6277,T63,TRACK_FULL,No collection track available,
4824.0,2025-12-04T08:24:00+00:00,W10928,T63,TRACK_FULL,No collection track available,
4854.0,2025-12-04T08:54:00+00:00,W0605,T64,TRACK_FULL,No collection track available,
4854.0,2025-12-04T08:54:00+00:00,W0615,T64,TRACK_FULL,No collection track available,
4999.0,2025-12-04T11:19:00+00:00,W5446,T65,NO_RETROFIT_NEEDED,Wagon doesn't need retrofit,
5011.0,2025-12-04T11:31:00+00:00,W8613,T66,NO_RETROFIT_NEEDED,Wagon doesn't need retrofit,
5011.0,2025-12-04T11:31:00+00:00,W0924,T66,TRACK_FULL,No collection track available,
5011.0,2025-12-04T11:31:00+00:00,W0685,T66,TRACK_FULL,No collection track available,
5011.0,2025-12-04T11:31:00+00:00,W0701,T66,TRACK_FULL,No collection track available,
5014.0,2025-12-04T11:34:00+00:00,W0020,T67,TRACK_FULL,No collection track available,
5014.0,2025-12-04T11:34:00+00:00,W11419,T67,TRACK_FULL,No collection track available,
5039.75,2025-12-04T11:59:45+00:00,W4368,T68,NO_RETROFIT_NEEDED,Wagon doesn't need retrofit,
5059.25,2025-12-04T12:19:15+00:00,W10284,T69,NO_RETROFIT_NEEDED,Wagon doesn't need retrofit,
5107.75,2025-12-04T13:07:45+00:00,W10689,T70,NO_RETROFIT_NEEDED,Wagon doesn't need retrofit,
5107.75,2025-12-04T13:07:45+00:00,W4522,T70,NO_RETROFIT_NEEDED,Wagon doesn't need retrofit,
5107.75,2025-12-04T13:07:45+00:00,W4479,T70,NO_RETROFIT_NEEDED,Wagon doesn't need retrofit,
5107.75,2025-12-04T13:07:45+00:00,W10396,T70,NO_RETROFIT_NEEDED,Wagon doesn't need retrofit,
5111.75,2025-12-04T13:11:45+00:00,W8473,T71,NO_RETROFIT_NEEDED,Wagon doesn't need retrofit,
5111.75,2025-12-04T13:11:45+00:00,W5057,T71,NO_RETROFIT_NEEDED,Wagon doesn't need retrofit,
5111.75,2025-12-04T13:11:45+00:00,W318166502860,T71,NO_RETROFIT_NEEDED,Wagon doesn't need retrofit,
5203.75,2025-12-04T14:43:45+00:00,W10522,T72,TRACK_FULL,No collection track available,
5221.5,2025-12-04T15:01:30+00:00,W12349,T73,TRACK_FULL,No collection track available,
5397.75,2025-12-04T17:57:45+00:00,W11953,T74,TRACK_FULL,No collection track available,
5397.75,2025-12-04T17:57:45+00:00,W9237,T74,TRACK_FULL,No collection track available,
5397.75,2025-12-04T17:57:45+00:00,W2853,T74,TRACK_FULL,No collection track available,
5397.75,2025-12-04T17:57:45+00:00,W2415,T74,TRACK_FULL,No collection track available,
5397.75,2025-12-04T17:57:45+00:00,W10093,T74,TRACK_FULL,No collection track available,
5397.75,2025-12-04T17:57:45+00:00,W11640,T74,TRACK_FULL,No collection track available,
5403.75,2025-12-04T18:03:45+00:00,W8626,T75,NO_RETROFIT_NEEDED,Wagon doesn't need retrofit,
5403.75,2025-12-04T18:03:45+00:00,W0117,T75,NO_RETROFIT_NEEDED,Wagon doesn't need retrofit,
5403.75,2025-12-04T18:03:45+00:00,W0191,T75,NO_RETROFIT_NEEDED,Wagon doesn't need retrofit,
5465.25,2025-12-04T19:05:15+00:00,W12060,T76,NO_RETROFIT_NEEDED,Wagon doesn't need retrofit,
5465.25,2025-12-04T19:05:15+00:00,W2973,T76,TRACK_FULL,No collection track available,
5465.25,2025-12-04T19:05:15+00:00,W0430,T76,TRACK_FULL,No collection track available,
5465.25,2025-12-04T19:05:15+00:00,W5757,T76,TRACK_FULL,No collection track available,
5465.25,2025-12-04T19:05:15+00:00,W7272,T76,TRACK_FULL,No collection track available,
5465.25,2025-12-04T19:05:15+00:00,W9009,T76,TRACK_FULL,No collection track available,
5470.25,2025-12-04T19:10:15+00:00,W11256,T77,NO_RETROFIT_NEEDED,Wagon doesn't need retrofit,
5470.25,2025-12-04T19:10:15+00:00,W11261,T77,NO_RETROFIT_NEEDED,Wagon doesn't need retrofit,
5470.25,2025-12-04T19:10:15+00:00,W11269,T77,NO_RETROFIT_NEEDED,Wagon doesn't need retrofit,
5470.25,2025-12-04T19:10:15+00:00,W11555,T77,NO_RETROFIT_NEEDED,Wagon doesn't need retrofit,
5470.25,2025-12-04T19:10:15+00:00,W11348,T77,NO_RETROFIT_NEEDED,Wagon doesn't need retrofit,
5470.25,2025-12-04T19:10:15+00:00,W9238,T77,TRACK_FULL,No collection track available,
5477.25,2025-12-04T19:17:15+00:00,W4701,T78,NO_RETROFIT_NEEDED,Wagon doesn't need retrofit,
5477.25,2025-12-04T19:17:15+00:00,W4726,T78,NO_RETROFIT_NEEDED,Wagon doesn't need retrofit,
5477.25,2025-12-04T19:17:15+00:00,W4754,T78,NO_RETROFIT_NEEDED,Wagon doesn't need retrofit,
5517.75,2025-12-04T19:57:45+00:00,W2298,T79,TRACK_FULL,No collection track available,
5517.75,2025-12-04T19:57:45+00:00,W2162,T79,TRACK_FULL,No collection track available,
5517.75,2025-12-04T19:57:45+00:00,W2362,T79,TRACK_FULL,No collection track available,
5517.75,2025-12-04T19:57:45+00:00,W2207,T79,TRACK_FULL,No collection track available,
5517.75,2025-12-04T19:57:45+00:00,W2126,T79,TRACK_FULL,No collection track available,
5517.75,2025-12-04T19:57:45+00:00,W2083,T79,TRACK_FULL,No collection track available,
5517.75,2025-12-04T19:57:45+00:00,W7103,T79,TRACK_FULL,No collection track available,
5517.75,2025-12-04T19:57:45+00:00,W4733,T79,TRACK_FULL,No collection track available,
5557.0,2025-12-04T20:37:00+00:00,W11915,T80,TRACK_FULL,No collection track available,
5557.0,2025-12-04T20:37:00+00:00,W2405,T80,TRACK_FULL,No collection track available,
5557.0,2025-12-04T20:37:00+00:00,W10113,T80,TRACK_FULL,No collection track available,
5557.0,2025-12-04T20:37:00+00:00,W5172,T80,TRACK_FULL,No collection track available,
5566.25,2025-12-04T20:46:15+00:00,W5592,T81,TRACK_FULL,No collection track available,
5566.25,2025-12-04T20:46:15+00:00,W2898,T81,TRACK_FULL,No collection track available,
5566.25,2025-12-04T20:46:15+00:00,W2586,T81,TRACK_FULL,No collection track available,
5724.0,2025-12-04T23:24:00+00:00,W11482,T82,TRACK_FULL,No collection track available,
5724.0,2025-12-04T23:24:00+00:00,W11252,T82,TRACK_FULL,No collection track available,
5724.0,2025-12-04T23:24:00+00:00,W5452,T82,TRACK_FULL,No collection track available,
5724.0,2025-12-04T23:24:00+00:00,W6800,T82,TRACK_FULL,No collection track available,
5758.0,2025-12-04T23:58:00+00:00,W0678,T83,NO_RETROFIT_NEEDED,Wagon doesn't need retrofit,
5758.0,2025-12-04T23:58:00+00:00,W8380,T83,TRACK_FULL,No collection track available,
5758.0,2025-12-04T23:58:00+00:00,W8378,T83,TRACK_FULL,No collection track available,
5768.0,2025-12-05T00:08:00+00:00,W10354,T84,NO_RETROFIT_NEEDED,Wagon doesn't need retrofit,
5768.0,2025-12-05T00:08:00+00:00,W10321,T84,NO_RETROFIT_NEEDED,Wagon doesn't need retrofit,
5775.25,2025-12-05T00:15:15+00:00,W9397,T85,TRACK_FULL,No collection track available,
5775.25,2025-12-05T00:15:15+00:00,W9591,T85,TRACK_FULL,No collection track available,
5775.25,2025-12-05T00:15:15+00:00,W9573,T85,TRACK_FULL,No collection track available,
5775.25,2025-12-05T00:15:15+00:00,W10336,T85,TRACK_FULL,No collection track available,
5775.25,2025-12-05T00:15:15+00:00,W9517,T85,TRACK_FULL,No collection track available,
5775.25,2025-12-05T00:15:15+00:00,W9543,T85,TRACK_FULL,No collection track available,
5775.25,2025-12-05T00:15:15+00:00,W9544,T85,TRACK_FULL,No collection track available,
5822.25,2025-12-05T01:02:15+00:00,W6592,T86,NO_RETROFIT_NEEDED,Wagon doesn't need retrofit,
5822.25,2025-12-05T01:02:15+00:00,W6682,T86,NO_RETROFIT_NEEDED,Wagon doesn't need retrofit,
5850.25,2025-12-05T01:30:15+00:00,W11259,T87,NO_RETROFIT_NEEDED,Wagon doesn't need retrofit,
5903.5,2025-12-05T02:23:30+00:00,W9868,T88,NO_RETROFIT_NEEDED,Wagon doesn't need retrofit,
5903.5,2025-12-05T02:23:30+00:00,W8631,T88,NO_RETROFIT_NEEDED,Wagon doesn't need retrofit,
5903.5,2025-12-05T02:23:30+00:00,W2548,T88,TRACK_FULL,No collection track available,
5903.5,2025-12-05T02:23:30+00:00,W9948,T88,TRACK_FULL,No collection track available,
5903.5,2025-12-05T02:23:30+00:00,W9708,T88,TRACK_FULL,No collection track available,
5903.5,2025-12-05T02:23:30+00:00,W0630,T88,TRACK_FULL,No collection track available,
5903.5,2025-12-05T02:23:30+00:00,W9491,T88,TRACK_FULL,No collection track available,
5923.75,2025-12-05T02:43:45+00:00,W10581,T89,TRACK_FULL,No collection track available,
5923.75,2025-12-05T02:43:45+00:00,W11344,T89,TRACK_FULL,No collection track available,
5923.75,2025-12-05T02:43:45+00:00,W10258,T89,TRACK_FULL,No collection track available,
5923.75,2025-12-05T02:43:45+00:00,W5310,T89,TRACK_FULL,No collection track available,
6067.5,2025-12-05T05:07:30+00:00,W9489,T90,TRACK_FULL,No collection track available,
6067.5,2025-12-05T05:07:30+00:00,W2712,T90,TRACK_FULL,No collection track available,
6067.5,2025-12-05T05:07:30+00:00,W0943,T90,TRACK_FULL,No collection track available,
6475.5,2025-12-05T11:55:30+00:00,W2136,T91,TRACK_FULL,No collection track available,
6595.0,2025-12-05T13:55:00+00:00,W9081,T92,TRACK_FULL,No collection track available,
6595.0,2025-12-05T13:55:00+00:00,W12074,T92,TRACK_FULL,No collection track available,
6666.5,2025-12-05T15:06:30+00:00,W10886,T93,NO_RETROFIT_NEEDED,Wagon doesn't need retrofit,
6666.5,2025-12-05T15:06:30+00:00,W7542,T93,TRACK_FULL,No collection track available,
6666.5,2025-12-05T15:06:30+00:00,W8990,T93,TRACK_FULL,No collection track available,
6666.5,2025-12-05T15:06:30+00:00,W10814,T93,TRACK_FULL,No collection track available,
6666.5,2025-12-05T15:06:30+00:00,W8952,T93,TRACK_FULL,No collection track available,
6812.75,2025-12-05T17:32:45+00:00,W2853,T94,NO_RETROFIT_NEEDED,Wagon doesn't need retrofit,
7167.5,2025-12-05T23:27:30+00:00,W11254,T96,NO_RETROFIT_NEEDED,Wagon doesn't need retrofit,
7167.5,2025-12-05T23:27:30+00:00,W10889,T96,NO_RETROFIT_NEEDED,Wagon doesn't need retrofit,
7167.5,2025-12-05T23:27:30+00:00,W4915,T96,TRACK_FULL,No collection track available,
7195.25,2025-12-05T23:55:15+00:00,W0883,T97,TRACK_FULL,No collection track available,
7195.25,2025-12-05T23:55:15+00:00,W10330,T97,TRACK_FULL,No collection track available,
7195.25,2025-12-05T23:55:15+00:00,W5036,T97,TRACK_FULL,No collection track available,
7195.25,2025-12-05T23:55:15+00:00,W0665,T97,TRACK_FULL,No collection track available,
7195.25,2025-12-05T23:55:15+00:00,W5519,T97,TRACK_FULL,No collection track available,
7254.5,2025-12-06T00:54:30+00:00,W4701,T98,NO_RETROFIT_NEEDED,Wagon doesn't need retrofit,
7254.5,2025-12-06T00:54:30+00:00,W4726,T98,NO_RETROFIT_NEEDED,Wagon doesn't need retrofit,
7254.5,2025-12-06T00:54:30+00:00,W4754,T98,NO_RETROFIT_NEEDED,Wagon doesn't need retrofit,
7273.75,2025-12-06T01:13:45+00:00,W11482,T99,NO_RETROFIT_NEEDED,Wagon doesn't need retrofit,
7360.25,2025-12-06T02:40:15+00:00,W2831,T100,TRACK_FULL,No collection track available,
7360.25,2025-12-06T02:40:15+00:00,W11999,T100,TRACK_FULL,No collection track available,
7360.25,2025-12-06T02:40:15+00:00,W12400,T100,TRACK_FULL,No collection track available,
7375.25,2025-12-06T02:55:15+00:00,W0282,T101,TRACK_FULL,No collection track available,
7375.25,2025-12-06T02:55:15+00:00,W2701,T101,TRACK_FULL,No collection track available,
7926.0,2025-12-06T12:06:00+00:00,W8527,T103,NO_RETROFIT_NEEDED,Wagon doesn't need retrofit,
7927.75,2025-12-06T12:07:45+00:00,W2112,T104,NO_RETROFIT_NEEDED,Wagon doesn't need retrofit,
7927.75,2025-12-06T12:07:45+00:00,W0411,T104,TRACK_FULL,No collection track available,
7927.75,2025-12-06T12:07:45+00:00,W4337,T104,TRACK_FULL,No collection track available,
7927.75,2025-12-06T12:07:45+00:00,W2166,T104,TRACK_FULL,No collection track available,
7982.75,2025-12-06T13:02:45+00:00,W11539,T105,NO_RETROFIT_NEEDED,Wagon doesn't need retrofit,
8067.0,2025-12-06T14:27:00+00:00,W11320,T106,NO_RETROFIT_NEEDED,Wagon doesn't need retrofit,
8067.0,2025-12-06T14:27:00+00:00,W11884,T106,TRACK_FULL,No collection track available,
8067.0,2025-12-06T14:27:00+00:00,W9420,T106,TRACK_FULL,No collection track available,
8067.0,2025-12-06T14:27:00+00:00,W9744,T106,TRACK_FULL,No collection track available,
8067.0,2025-12-06T14:27:00+00:00,W10936,T106,TRACK_FULL,No collection track available,
8067.0,2025-12-06T14:27:00+00:00,W2184,T106,TRACK_FULL,No collection track available,
8067.0,2025-12-06T14:27:00+00:00,W2839,T106,TRACK_FULL,No collection track available,
8087.75,2025-12-06T14:47:45+00:00,W11482,T107,NO_RETROFIT_NEEDED,Wagon doesn't need retrofit,
8087.75,2025-12-06T14:47:45+00:00,W9733,T107,TRACK_FULL,No collection track available,
8087.75,2025-12-06T14:47:45+00:00,W10993,T107,TRACK_FULL,No collection track available,
8114.75,2025-12-06T15:14:45+00:00,W4726,T108,NO_RETROFIT_NEEDED,Wagon doesn't need retrofit,
8114.75,2025-12-06T15:14:45+00:00,W4754,T108,NO_RETROFIT_NEEDED,Wagon doesn't need retrofit,
8114.75,2025-12-06T15:14:45+00:00,W4701,T108,NO_RETROFIT_NEEDED,Wagon doesn't need retrofit,
8246.5,2025-12-06T17:26:30+00:00,W5612,T109,TRACK_FULL,No collection track available,
8246.5,2025-12-06T17:26:30+00:00,W0928,T109,TRACK_FULL,No collection track available,
8246.5,2025-12-06T17:26:30+00:00,W12177,T109,TRACK_FULL,No collection track available,
8246.5,2025-12-06T17:26:30+00:00,W0888,T109,TRACK_FULL,No collection track available,
8246.5,2025-12-06T17:26:30+00:00,W11510,T109,TRACK_FULL,No collection track available,
8246.5,2025-12-06T17:26:30+00:00,W3210,T109,TRACK_FULL,No collection track available,
8270.25,2025-12-06T17:50:15+00:00,W12260,T110,NO_RETROFIT_NEEDED,Wagon doesn't need retrofit,
8275.25,2025-12-06T17:55:15+00:00,W5646,T111,TRACK_FULL,No collection track available,
8275.25,2025-12-06T17:55:15+00:00,W6681,T111,TRACK_FULL,No collection track available,
8275.25,2025-12-06T17:55:15+00:00,W6467,T111,TRACK_FULL,No collection track available,
8329.0,2025-12-06T18:49:00+00:00,W11050,T112,TRACK_FULL,No collection track available,
8329.0,2025-12-06T18:49:00+00:00,W12319,T112,TRACK_FULL,No collection track available,
8336.0,2025-12-06T18:56:00+00:00,W6025,T113,NO_RETROFIT_NEEDED,Wagon doesn't need retrofit,
8336.0,2025-12-06T18:56:00+00:00,W6634,T113,NO_RETROFIT_NEEDED,Wagon doesn't need retrofit,
8341.25,2025-12-06T19:01:15+00:00,W0475,T114,TRACK_FULL,No collection track available,
8341.25,2025-12-06T19:01:15+00:00,W0827,T114,TRACK_FULL,No collection track available,
8341.25,2025-12-06T19:01:15+00:00,W0561,T114,TRACK_FULL,No collection track available,
8341.25,2025-12-06T19:01:15+00:00,W7563,T114,TRACK_FULL,No collection track available,
8342.0,2025-12-06T19:02:00+00:00,W10886,T115,NO_RETROFIT_NEEDED,Wagon doesn't need retrofit,
8425.5,2025-12-06T20:25:30+00:00,W2744,T116,NO_RETROFIT_NEEDED,Wagon doesn't need retrofit,
8425.5,2025-12-06T20:25:30+00:00,W5833,T116,NO_RETROFIT_NEEDED,Wagon doesn't need retrofit,
8425.5,2025-12-06T20:25:30+00:00,W6008,T116,TRACK_FULL,No collection track available,
8456.5,2025-12-06T20:56:30+00:00,W0293,T117,TRACK_FULL,No collection track available,
8456.5,2025-12-06T20:56:30+00:00,W0616,T117,TRACK_FULL,No collection track available,
8456.5,2025-12-06T20:56:30+00:00,W7853,T117,TRACK_FULL,No collection track available,
8572.75,2025-12-06T22:52:45+00:00,W10134,T118,NO_RETROFIT_NEEDED,Wagon doesn't need retrofit,
8572.75,2025-12-06T22:52:45+00:00,W0956,T118,TRACK_FULL,No collection track available,
8572.75,2025-12-06T22:52:45+00:00,W12146,T118,TRACK_FULL,No collection track available,
8572.75,2025-12-06T22:52:45+00:00,W2794,T118,TRACK_FULL,No collection track available,
8635.25,2025-12-06T23:55:15+00:00,W0128,T119,TRACK_FULL,No collection track available,
8635.25,2025-12-06T23:55:15+00:00,W7755,T119,TRACK_FULL,No collection track available,
8635.25,2025-12-06T23:55:15+00:00,W9951,T119,TRACK_FULL,No collection track available,
8635.25,2025-12-06T23:55:15+00:00,W4605,T119,TRACK_FULL,No collection track available,
9084.25,2025-12-07T07:24:15+00:00,W11256,T120,NO_RETROFIT_NEEDED,Wagon doesn't need retrofit,
9084.25,2025-12-07T07:24:15+00:00,W10878,T120,NO_RETROFIT_NEEDED,Wagon doesn't need retrofit,
9084.25,2025-12-07T07:24:15+00:00,W0875,T120,TRACK_FULL,No collection track available,
9084.25,2025-12-07T07:24:15+00:00,W5989,T120,TRACK_FULL,No collection track available,
9084.25,2025-12-07T07:24:15+00:00,W5415,T120,TRACK_FULL,No collection track available,
9084.25,2025-12-07T07:24:15+00:00,W12031,T120,TRACK_FULL,No collection track available,
9185.25,2025-12-07T09:05:15+00:00,W12208,T121,NO_RETROFIT_NEEDED,Wagon doesn't need retrofit,
9185.25,2025-12-07T09:05:15+00:00,W11259,T121,NO_RETROFIT_NEEDED,Wagon doesn't need retrofit,
9185.25,2025-12-07T09:05:15+00:00,W8714,T121,TRACK_FULL,No collection track available,
9185.25,2025-12-07T09:05:15+00:00,W7877,T121,TRACK_FULL,No collection track available,
9185.25,2025-12-07T09:05:15+00:00,W7897,T121,TRACK_FULL,No collection track available,
9185.25,2025-12-07T09:05:15+00:00,W0962,T121,TRACK_FULL,No collection track available,
9300.5,2025-12-07T11:00:30+00:00,W5248,T122,NO_RETROFIT_NEEDED,Wagon doesn't need retrofit,
9300.5,2025-12-07T11:00:30+00:00,W5310,T122,NO_RETROFIT_NEEDED,Wagon doesn't need retrofit,
9337.25,2025-12-07T11:37:15+00:00,W10435,T123,TRACK_FULL,No collection track available,
9444.25,2025-12-07T13:24:15+00:00,W0943,T125,NO_RETROFIT_NEEDED,Wagon doesn't need retrofit,
9444.25,2025-12-07T13:24:15+00:00,W10081,T125,NO_RETROFIT_NEEDED,Wagon doesn't need retrofit,
9444.25,2025-12-07T13:24:15+00:00,W10881,T125,NO_RETROFIT_NEEDED,Wagon doesn't need retrofit,
9444.25,2025-12-07T13:24:15+00:00,W11518,T125,TRACK_FULL,No collection track available,
9444.25,2025-12-07T13:24:15+00:00,W9071,T125,TRACK_FULL,No collection track available,
9444.25,2025-12-07T13:24:15+00:00,W11516,T125,TRACK_FULL,No collection track available,
9444.25,2025-12-07T13:24:15+00:00,W5434,T125,TRACK_FULL,No collection track available,
9529.5,2025-12-07T14:49:30+00:00,W10348,T126,TRACK_FULL,No collection track available,
9529.5,2025-12-07T14:49:30+00:00,W10272,T126,TRACK_FULL,No collection track available,
9529.5,2025-12-07T14:49:30+00:00,W10292,T126,TRACK_FULL,No collection track available,
9684.0,2025-12-07T17:24:00+00:00,W318166502860,T127,NO_RETROFIT_NEEDED,Wagon doesn't need retrofit,
9684.0,2025-12-07T17:24:00+00:00,W2696,T127,NO_RETROFIT_NEEDED,Wagon doesn't need retrofit,
9706.0,2025-12-07T17:46:00+00:00,W0128,T128,NO_RETROFIT_NEEDED,Wagon doesn't need retrofit,
9706.0,2025-12-07T17:46:00+00:00,W4605,T128,NO_RETROFIT_NEEDED,Wagon doesn't need retrofit,
9800.25,2025-12-07T19:20:15+00:00,W3210,T129,NO_RETROFIT_NEEDED,Wagon doesn't need retrofit,
9800.25,2025-12-07T19:20:15+00:00,W0002,T129,NO_RETROFIT_NEEDED,Wagon doesn't need retrofit,
9800.25,2025-12-07T19:20:15+00:00,W11510,T129,NO_RETROFIT_NEEDED,Wagon doesn't need retrofit,
9896.5,2025-12-07T20:56:30+00:00,W2774,T130,TRACK_FULL,No collection track available,
9896.5,2025-12-07T20:56:30+00:00,W10233,T130,TRACK_FULL,No collection track available,
9896.5,2025-12-07T20:56:30+00:00,W2815,T130,TRACK_FULL,No collection track available,
10065.5,2025-12-07T23:45:30+00:00,W8616,T132,TRACK_FULL,No collection track available,
10073.25,2025-12-07T23:53:15+00:00,W10387,T133,TRACK_FULL,No collection track available,
10073.25,2025-12-07T23:53:15+00:00,W10100,T133,TRACK_FULL,No collection track available,
10073.25,2025-12-07T23:53:15+00:00,W10959,T133,TRACK_FULL,No collection track available,
10073.25,2025-12-07T23:53:15+00:00,W1888,T133,TRACK_FULL,No collection track available,
10073.25,2025-12-07T23:53:15+00:00,W0139,T133,TRACK_FULL,No collection track available,
10112.0,2025-12-08T00:32:00+00:00,W10330,T134,NO_RETROFIT_NEEDED,Wagon doesn't need retrofit,
10227.75,2025-12-08T02:27:45+00:00,W5834,T136,NO_RETROFIT_NEEDED,Wagon doesn't need retrofit,
10227.75,2025-12-08T02:27:45+00:00,W5838,T136,NO_RETROFIT_NEEDED,Wagon doesn't need retrofit,
10227.75,2025-12-08T02:27:45+00:00,W9427,T136,TRACK_FULL,No collection track available,
10253.0,2025-12-08T02:53:00+00:00,W0234,T137,TRACK_FULL,No collection track available,
10253.0,2025-12-08T02:53:00+00:00,W12229,T137,TRACK_FULL,No collection track available,
10253.0,2025-12-08T02:53:00+00:00,W6323,T137,TRACK_FULL,No collection track available,
10420.25,2025-12-08T05:40:15+00:00,W11261,T138,NO_RETROFIT_NEEDED,Wagon doesn't need retrofit,
10420.25,2025-12-08T05:40:15+00:00,W11269,T138,NO_RETROFIT_NEEDED,Wagon doesn't need retrofit,
10420.25,2025-12-08T05:40:15+00:00,W2973,T138,NO_RETROFIT_NEEDED,Wagon doesn't need retrofit,
10423.5,2025-12-08T05:43:30+00:00,W12221,T139,TRACK_FULL,No collection track available,
10423.5,2025-12-08T05:43:30+00:00,W4422,T139,TRACK_FULL,No collection track available,
10423.5,2025-12-08T05:43:30+00:00,W4392,T139,TRACK_FULL,No collection track available,
10423.5,2025-12-08T05:43:30+00:00,W0237,T139,TRACK_FULL,No collection track available,
10423.5,2025-12-08T05:43:30+00:00,W9833,T139,TRACK_FULL,No collection track available,
10430.25,2025-12-08T05:50:15+00:00,W6734,T140,TRACK_FULL,No collection track available,
10430.25,2025-12-08T05:50:15+00:00,W4085,T140,TRACK_FULL,No collection track available,
10430.25,2025-12-08T05:50:15+00:00,W3909,T140,TRACK_FULL,No collection track available,
10430.25,2025-12-08T05:50:15+00:00,W3822,T140,TRACK_FULL,No collection track available,
10430.25,2025-12-08T05:50:15+00:00,W4571,T140,TRACK_FULL,No collection track available,
10500.0,2025-12-08T07:00:00+00:00,W9043,T141,NO_RETROFIT_NEEDED,Wagon doesn't need retrofit,
10500.0,2025-12-08T07:00:00+00:00,W10772,T141,NO_RETROFIT_NEEDED,Wagon doesn't need retrofit,
10500.0,2025-12-08T07:00:00+00:00,W318166502860,T141,NO_RETROFIT_NEEDED,Wagon doesn't need retrofit,
10500.0,2025-12-08T07:00:00+00:00,W1419,T141,TRACK_FULL,No collection track available,
10593.5,2025-12-08T08:33:30+00:00,W9959,T142,NO_RETROFIT_NEEDED,Wagon doesn't need retrofit,
10593.5,2025-12-08T08:33:30+00:00,W4380,T142,TRACK_FULL,No collection track available,
10593.5,2025-12-08T08:33:30+00:00,W5872,T142,TRACK_FULL,No collection track available,
10593.5,2025-12-08T08:33:30+00:00,W6989,T142,TRACK_FULL,No collection track available,
10593.5,2025-12-08T08:33:30+00:00,W12179,T142,TRACK_FULL,No collection track available,
10593.5,2025-12-08T08:33:30+00:00,W0093,T142,TRACK_FULL,No collection track available,
10593.5,2025-12-08T08:33:30+00:00,W0131,T142,TRACK_FULL,No collection track available,
10616.5,2025-12-08T08:56:30+00:00,W8335,T143,TRACK_FULL,No collection track available,
10616.5,2025-12-08T08:56:30+00:00,W7282,T143,TRACK_FULL,No collection track available,
10616.5,2025-12-08T08:56:30+00:00,W12073,T143,TRACK_FULL,No collection track available,
10788.0,2025-12-08T11:48:00+00:00,W0139,T144,NO_RETROFIT_NEEDED,Wagon doesn't need retrofit,
10795.0,2025-12-08T11:55:00+00:00,W12155,T146,TRACK_FULL,No collection track available,
10795.0,2025-12-08T11:55:00+00:00,W10815,T146,TRACK_FULL,No collection track available,
10795.0,2025-12-08T11:55:00+00:00,W9311,T146,TRACK_FULL,No collection track available,
10795.0,2025-12-08T11:55:00+00:00,W8090,T146,TRACK_FULL,No collection track available,
10796.75,2025-12-08T11:56:45+00:00,W7601,T147,TRACK_FULL,No collection track available,
10796.75,2025-12-08T11:56:45+00:00,W0848,T147,TRACK_FULL,No collection track available,
10796.75,2025-12-08T11:56:45+00:00,W5493,T147,TRACK_FULL,No collection track available,
10842.75,2025-12-08T12:42:45+00:00,W6352,T148,NO_RETROFIT_NEEDED,Wagon doesn't need retrofit,
10842.75,2025-12-08T12:42:45+00:00,W2444,T148,NO_RETROFIT_NEEDED,Wagon doesn't need retrofit,
10860.25,2025-12-08T13:00:15+00:00,W0962,T149,NO_RETROFIT_NEEDED,Wagon doesn't need retrofit,
10860.25,2025-12-08T13:00:15+00:00,W1888,T149,NO_RETROFIT_NEEDED,Wagon doesn't need retrofit,
10860.25,2025-12-08T13:00:15+00:00,W0013,T149,TRACK_FULL,No collection track available,
10947.75,2025-12-08T14:27:45+00:00,W2980,T150,NO_RETROFIT_NEEDED,Wagon doesn't need retrofit,
10947.75,2025-12-08T14:27:45+00:00,W3413,T150,TRACK_FULL,No collection track available,
10947.75,2025-12-08T14:27:45+00:00,W8479,T150,TRACK_FULL,No collection track available,
10947.75,2025-12-08T14:27:45+00:00,W8637,T150,TRACK_FULL,No collection track available,
10947.75,2025-12-08T14:27:45+00:00,W10934,T150,TRACK_FULL,No collection track available,
10947.75,2025-12-08T14:27:45+00:00,W3237,T150,TRACK_FULL,No collection track available,
10973.75,2025-12-08T14:53:45+00:00,W5611,T151,TRACK_FULL,No collection track available,
10973.75,2025-12-08T14:53:45+00:00,W8094,T151,TRACK_FULL,No collection track available,
10973.75,2025-12-08T14:53:45+00:00,W2299,T151,TRACK_FULL,No collection track available,
10973.75,2025-12-08T14:53:45+00:00,W2263,T151,TRACK_FULL,No collection track available,
10973.75,2025-12-08T14:53:45+00:00,W8075,T151,TRACK_FULL,No collection track available,
10973.75,2025-12-08T14:53:45+00:00,W5681,T151,TRACK_FULL,No collection track available,
10973.75,2025-12-08T14:53:45+00:00,W6409,T151,TRACK_FULL,No collection track available,
10973.75,2025-12-08T14:53:45+00:00,W8498,T151,TRACK_FULL,No collection track available,
10973.75,2025-12-08T14:53:45+00:00,W2133,T151,TRACK_FULL,No collection track available,
10973.75,2025-12-08T14:53:45+00:00,W10562,T151,TRACK_FULL,No collection track available,
11231.5,2025-12-08T19:11:30+00:00,W1040,T152,NO_RETROFIT_NEEDED,Wagon doesn't need retrofit,
11231.5,2025-12-08T19:11:30+00:00,W4380,T152,NO_RETROFIT_NEEDED,Wagon doesn't need retrofit,
11231.5,2025-12-08T19:11:30+00:00,W7598,T152,TRACK_FULL,No collection track available,
11231.5,2025-12-08T19:11:30+00:00,W7513,T152,TRACK_FULL,No collection track available,
11231.5,2025-12-08T19:11:30+00:00,W9446,T152,TRACK_FULL,No collection track available,
11231.5,2025-12-08T19:11:30+00:00,W2844,T152,TRACK_FULL,No collection track available,
11231.5,2025-12-08T19:11:30+00:00,W8339,T152,TRACK_FULL,No collection track available,
11231.5,2025-12-08T19:11:30+00:00,W0555,T152,TRACK_FULL,No collection track available,
11544.25,2025-12-09T00:24:15+00:00,W2225,T153,TRACK_FULL,No collection track available,
11544.25,2025-12-09T00:24:15+00:00,W4491,T153,TRACK_FULL,No collection track available,
11705.25,2025-12-09T03:05:15+00:00,W8494,T154,TRACK_FULL,No collection track available,
11705.25,2025-12-09T03:05:15+00:00,W1427,T154,TRACK_FULL,No collection track available,
11705.25,2025-12-09T03:05:15+00:00,W3860,T154,TRACK_FULL,No collection track available,
11849.0,2025-12-09T05:29:00+00:00,W0237,T156,NO_RETROFIT_NEEDED,Wagon doesn't need retrofit,
11913.75,2025-12-09T06:33:45+00:00,W0948,T157,NO_RETROFIT_NEEDED,Wagon doesn't need retrofit,
12046.0,2025-12-09T08:46:00+00:00,W0020,T158,NO_RETROFIT_NEEDED,Wagon doesn't need retrofit,
12046.0,2025-12-09T08:46:00+00:00,W0674,T158,TRACK_FULL,No collection track available,
12046.0,2025-12-09T08:46:00+00:00,W6936,T158,TRACK_FULL,No collection track available,
12205.25,2025-12-09T11:25:15+00:00,W11513,T159,TRACK_FULL,No collection track available,
12205.25,2025-12-09T11:25:15+00:00,W3087,T159,TRACK_FULL,No collection track available,
12205.25,2025-12-09T11:25:15+00:00,W12182,T159,TRACK_FULL,No collection track available,
12226.5,2025-12-09T11:46:30+00:00,W4285,T160,TRACK_FULL,No collection track available,
12226.5,2025-12-09T11:46:30+00:00,W3948,T160,TRACK_FULL,No collection track available,
12226.5,2025-12-09T11:46:30+00:00,W0039,T160,TRACK_FULL,No collection track available,
12226.5,2025-12-09T11:46:30+00:00,W4885,T160,TRACK_FULL,No collection track available,
12226.5,2025-12-09T11:46:30+00:00,W3752,T160,TRACK_FULL,No collection track available,
12226.5,2025-12-09T11:46:30+00:00,W4298,T160,TRACK_FULL,No collection track available,
12234.0,2025-12-09T11:54:00+00:00,W10284,T161,NO_RETROFIT_NEEDED,Wagon doesn't need retrofit,
12234.0,2025-12-09T11:54:00+00:00,W10568,T161,TRACK_FULL,No collection track available,
12234.0,2025-12-09T11:54:00+00:00,W10590,T161,TRACK_FULL,No collection track available,
12234.0,2025-12-09T11:54:00+00:00,W10269,T161,TRACK_FULL,No collection track available,
12314.25,2025-12-09T13:14:15+00:00,W10878,T162,NO_RETROFIT_NEEDED,Wagon doesn't need retrofit,
12314.25,2025-12-09T13:14:15+00:00,W11259,T162,NO_RETROFIT_NEEDED,Wagon doesn't need retrofit,
12314.25,2025-12-09T13:14:15+00:00,W5173,T162,NO_RETROFIT_NEEDED,Wagon doesn't need retrofit,
12376.5,2025-12-09T14:16:30+00:00,W9406,T163,TRACK_FULL,No collection track available,
12376.5,2025-12-09T14:16:30+00:00,W5153,T163,TRACK_FULL,No collection track available,
12404.0,2025-12-09T14:44:00+00:00,W2916,T164,TRACK_FULL,No collection track available,
12594.5,2025-12-09T17:54:30+00:00,W8906,T166,TRACK_FULL,No collection track available,
12594.5,2025-12-09T17:54:30+00:00,W8903,T166,TRACK_FULL,No collection track available,
12594.5,2025-12-09T17:54:30+00:00,W10624,T166,TRACK_FULL,No collection track available,
12597.0,2025-12-09T17:57:00+00:00,W2844,T167,NO_RETROFIT_NEEDED,Wagon doesn't need retrofit,
12597.0,2025-12-09T17:57:00+00:00,W3860,T167,NO_RETROFIT_NEEDED,Wagon doesn't need retrofit,
12597.0,2025-12-09T17:57:00+00:00,W4223,T167,NO_RETROFIT_NEEDED,Wagon doesn't need retrofit,
12611.0,2025-12-09T18:11:00+00:00,W12331,T168,TRACK_FULL,No collection track available,
12663.0,2025-12-09T19:03:00+00:00,W5612,T169,NO_RETROFIT_NEEDED,Wagon doesn't need retrofit,
12663.0,2025-12-09T19:03:00+00:00,W6823,T169,NO_RETROFIT_NEEDED,Wagon doesn't need retrofit,
12669.0,2025-12-09T19:09:00+00:00,W9311,T170,NO_RETROFIT_NEEDED,Wagon doesn't need retrofit,
12748.5,2025-12-09T20:28:30+00:00,W10522,T171,NO_RETROFIT_NEEDED,Wagon doesn't need retrofit,
12748.5,2025-12-09T20:28:30+00:00,W12031,T171,NO_RETROFIT_NEEDED,Wagon doesn't need retrofit,
12777.0,2025-12-09T20:57:00+00:00,W3919,T172,TRACK_FULL,No collection track available,
12777.0,2025-12-09T20:57:00+00:00,W4150,T172,TRACK_FULL,No collection track available,
12777.0,2025-12-09T20:57:00+00:00,W4249,T172,TRACK_FULL,No collection track available,
12787.25,2025-12-09T21:07:15+00:00,W3790,T173,TRACK_FULL,No collection track available,
12787.25,2025-12-09T21:07:15+00:00,W2829,T173,TRACK_FULL,No collection track available,
12939.0,2025-12-09T23:39:00+00:00,W10881,T174,NO_RETROFIT_NEEDED,Wagon doesn't need retrofit,
12939.0,2025-12-09T23:39:00+00:00,W10883,T174,NO_RETROFIT_NEEDED,Wagon doesn't need retrofit,
12939.0,2025-12-09T23:39:00+00:00,W10896,T174,NO_RETROFIT_NEEDED,Wagon doesn't need retrofit,
12939.0,2025-12-09T23:39:00+00:00,W10081,T174,NO_RETROFIT_NEEDED,Wagon doesn't need retrofit,
12939.0,2025-12-09T23:39:00+00:00,W9143,T174,NO_RETROFIT_NEEDED,Wagon doesn't need retrofit,
12939.0,2025-12-09T23:39:00+00:00,W7218,T174,TRACK_FULL,No collection track available,
12954.5,2025-12-09T23:54:30+00:00,W4370,T175,NO_RETROFIT_NEEDED,Wagon doesn't need retrofit,
13015.75,2025-12-10T00:55:45+00:00,W5411,T177,NO_RETROFIT_NEEDED,Wagon doesn't need retrofit,
13015.75,2025-12-10T00:55:45+00:00,W11513,T177,NO_RETROFIT_NEEDED,Wagon doesn't need retrofit,
13103.5,2025-12-10T02:23:30+00:00,W9744,T178,NO_RETROFIT_NEEDED,Wagon doesn't need retrofit,
13171.75,2025-12-10T03:31:45+00:00,W11298,T179,TRACK_FULL,No collection track available,
13171.75,2025-12-10T03:31:45+00:00,W2064,T179,TRACK_FULL,No collection track available,
13171.75,2025-12-10T03:31:45+00:00,W10999,T179,TRACK_FULL,No collection track available,
13171.75,2025-12-10T03:31:45+00:00,W10366,T179,TRACK_FULL,No collection track available,
13171.75,2025-12-10T03:31:45+00:00,W5410,T179,TRACK_FULL,No collection track available,
13298.75,2025-12-10T05:38:45+00:00,W1161,T180,NO_RETROFIT_NEEDED,Wagon doesn't need retrofit,
13298.75,2025-12-10T05:38:45+00:00,W1158,T180,NO_RETROFIT_NEEDED,Wagon doesn't need retrofit,
13298.75,2025-12-10T05:38:45+00:00,W1156,T180,NO_RETROFIT_NEEDED,Wagon doesn't need retrofit,
13298.75,2025-12-10T05:38:45+00:00,W1152,T180,NO_RETROFIT_NEEDED,Wagon doesn't need retrofit,
13298.75,2025-12-10T05:38:45+00:00,W1139,T180,NO_RETROFIT_NEEDED,Wagon doesn't need retrofit,
13298.75,2025-12-10T05:38:45+00:00,W1174,T180,NO_RETROFIT_NEEDED,Wagon doesn't need retrofit,
13298.75,2025-12-10T05:38:45+00:00,W1149,T180,NO_RETROFIT_NEEDED,Wagon doesn't need retrofit,
13314.5,2025-12-10T05:54:30+00:00,W10715,T181,TRACK_FULL,No collection track available,
13314.5,2025-12-10T05:54:30+00:00,W3172,T181,TRACK_FULL,No collection track available,
13389.25,2025-12-10T07:09:15+00:00,W6989,T182,NO_RETROFIT_NEEDED,Wagon doesn't need retrofit,
13389.25,2025-12-10T07:09:15+00:00,W10397,T182,NO_RETROFIT_NEEDED,Wagon doesn't need retrofit,
13389.25,2025-12-10T07:09:15+00:00,W4392,T182,NO_RETROFIT_NEEDED,Wagon doesn't need retrofit,
13389.25,2025-12-10T07:09:15+00:00,W4422,T182,NO_RETROFIT_NEEDED,Wagon doesn't need retrofit,
13392.5,2025-12-10T07:12:30+00:00,W10889,T183,NO_RETROFIT_NEEDED,Wagon doesn't need retrofit,
13392.5,2025-12-10T07:12:30+00:00,W3087,T183,NO_RETROFIT_NEEDED,Wagon doesn't need retrofit,
13392.5,2025-12-10T07:12:30+00:00,W10958,T183,NO_RETROFIT_NEEDED,Wagon doesn't need retrofit,
13392.5,2025-12-10T07:12:30+00:00,W11254,T183,NO_RETROFIT_NEEDED,Wagon doesn't need retrofit,
13392.5,2025-12-10T07:12:30+00:00,W5420,T183,NO_RETROFIT_NEEDED,Wagon doesn't need retrofit,
13392.5,2025-12-10T07:12:30+00:00,W11261,T183,NO_RETROFIT_NEEDED,Wagon doesn't need retrofit,
13392.5,2025-12-10T07:12:30+00:00,W11269,T183,NO_RETROFIT_NEEDED,Wagon doesn't need retrofit,
13392.5,2025-12-10T07:12:30+00:00,W9046,T183,NO_RETROFIT_NEEDED,Wagon doesn't need retrofit,
13392.5,2025-12-10T07:12:30+00:00,W2130,T183,TRACK_FULL,No collection track available,
13392.5,2025-12-10T07:12:30+00:00,W2119,T183,TRACK_FULL,No collection track available,
13460.0,2025-12-10T08:20:00+00:00,W0874,T184,NO_RETROFIT_NEEDED,Wagon doesn't need retrofit,
13460.0,2025-12-10T08:20:00+00:00,W8648,T184,TRACK_FULL,No collection track available,
13647.25,2025-12-10T11:27:15+00:00,W10521,T187,TRACK_FULL,No collection track available,
13647.25,2025-12-10T11:27:15+00:00,W12051,T187,TRACK_FULL,No collection track available,
13647.25,2025-12-10T11:27:15+00:00,W2236,T187,TRACK_FULL,No collection track available,
13647.25,2025-12-10T11:27:15+00:00,W9767,T187,TRACK_FULL,No collection track available,
14097.75,2025-12-10T18:57:45+00:00,W11348,T188,NO_RETROFIT_NEEDED,Wagon doesn't need retrofit,
14097.75,2025-12-10T18:57:45+00:00,W11970,T188,NO_RETROFIT_NEEDED,Wagon doesn't need retrofit,
14205.25,2025-12-10T20:45:15+00:00,W7889,T189,TRACK_FULL,No collection track available,
14372.75,2025-12-10T23:32:45+00:00,W5872,T190,NO_RETROFIT_NEEDED,Wagon doesn't need retrofit,
14372.75,2025-12-10T23:32:45+00:00,W4802,T190,NO_RETROFIT_NEEDED,Wagon doesn't need retrofit,
14372.75,2025-12-10T23:32:45+00:00,W6323,T190,NO_RETROFIT_NEEDED,Wagon doesn't need retrofit,
